run,stage,id,true_label,verdict,score,threshold,fired_rules,blocked,action,correct,time_in,time_out,response_time_ms
1,email,gen_legit_016_ict.eml,legitimate,LEGITIMATE,0,4,,False,allow,True,6614.67087596,6614.671800944,0.9249840004486032
1,email,gen_legit_017_bursary.eml,legitimate,LEGITIMATE,0,4,,False,allow,True,6614.671808902,6614.671917567,0.10866499997064238
1,email,gen_legit_018_security.eml,legitimate,LEGITIMATE,0,4,,False,allow,True,6614.671921915,6614.672085792,0.16387699997721938
1,email,gen_legit_019_registrar.eml,legitimate,LEGITIMATE,0,4,,False,allow,True,6614.672088984,6614.672175408,0.08642400007374818
1,email,gen_legit_020_examsoffice.eml,legitimate,LEGITIMATE,0,4,,False,allow,True,6614.672177653,6614.672253149,0.07549600013589952
1,email,gen_legit_021_scholarship.eml,legitimate,LEGITIMATE,0,4,,False,allow,True,6614.672255468,6614.672325771,0.07030300002952572
1,email,gen_legit_022_hostel.eml,legitimate,LEGITIMATE,0,4,,False,allow,True,6614.672327941,6614.672398251,0.07031000041024527
1,email,gen_legit_023_vc.eml,legitimate,LEGITIMATE,0,4,,False,allow,True,6614.672400312,6614.672472247,0.07193500005087117
1,email,gen_legit_024_timetable.eml,legitimate,LEGITIMATE,0,4,,False,allow,True,6614.672474278,6614.672539825,0.06554700030392269
1,email,gen_legit_025_ictupdate.eml,legitimate,LEGITIMATE,0,4,,False,allow,True,6614.672546689,6614.672616485,0.0697959994795383
1,email,gen_legit_026_library.eml,legitimate,LEGITIMATE,0,4,,False,allow,True,6614.672618534,6614.672682763,0.06422899969038554
1,email,gen_legit_027_survey.eml,legitimate,LEGITIMATE,0,4,,False,allow,True,6614.672684786,6614.672757908,0.07312199977604905
1,email,gen_legit_028_convocation.eml,legitimate,LEGITIMATE,0,4,,False,allow,True,6614.672759936,6614.672835689,0.0757529996917583
1,email,gen_legit_029_sug.eml,legitimate,LEGITIMATE,0,4,,False,allow,True,6614.672837764,6614.672932769,0.09500499982095789
1,email,gen_legit_030_transcript.eml,legitimate,LEGITIMATE,0,4,,False,allow,True,6614.672935263,6614.67300751,0.07224700038932497
1,email,gen_legit_046_ict.eml,legitimate,LEGITIMATE,0,4,,False,allow,True,6614.673009568,6614.673093603,0.08403499941778136
1,email,gen_legit_047_bursary.eml,legitimate,LEGITIMATE,0,4,,False,allow,True,6614.673095609,6614.673176713,0.0811040008557029
1,email,gen_legit_048_security.eml,legitimate,LEGITIMATE,0,4,,False,allow,True,6614.673179004,6614.673261655,0.08265099950222066
1,email,gen_legit_049_registrar.eml,legitimate,LEGITIMATE,0,4,,False,allow,True,6614.673271232,6614.673359735,0.08850300037011039
1,email,gen_legit_050_examsoffice.eml,legitimate,LEGITIMATE,0,4,,False,allow,True,6614.673365394,6614.673443673,0.07827900026313728
1,email,gen_legit_051_scholarship.eml,legitimate,LEGITIMATE,0,4,,False,allow,True,6614.67344575,6614.673518511,0.07276100041053724
1,email,gen_legit_052_hostel.eml,legitimate,LEGITIMATE,0,4,,False,allow,True,6614.673521854,6614.673594712,0.07285799983947072
1,email,gen_legit_053_vc.eml,legitimate,LEGITIMATE,0,4,,False,allow,True,6614.673596767,6614.67367193,0.07516299956478179
1,email,gen_legit_054_timetable.eml,legitimate,LEGITIMATE,0,4,,False,allow,True,6614.673674048,6614.673743801,0.06975299947953317
1,email,gen_legit_055_ictupdate.eml,legitimate,LEGITIMATE,0,4,,False,allow,True,6614.673745855,6614.673818174,0.07231900053739082
1,email,gen_legit_056_library.eml,legitimate,LEGITIMATE,0,4,,False,allow,True,6614.673820475,6614.673950833,0.13035800020588795
1,email,gen_legit_057_survey.eml,legitimate,LEGITIMATE,0,4,,False,allow,True,6614.673954001,6614.674033247,0.0792459995864192
1,email,gen_legit_058_convocation.eml,legitimate,LEGITIMATE,0,4,,False,allow,True,6614.674035276,6614.674111127,0.07585100047435844
1,email,gen_legit_059_sug.eml,legitimate,LEGITIMATE,0,4,,False,allow,True,6614.674113144,6614.67418907,0.07592599922645604
1,email,gen_legit_060_transcript.eml,legitimate,LEGITIMATE,0,4,,False,allow,True,6614.674196334,6614.674264295,0.06796100024075713
1,email,gen_phish_001_ict.eml,phishing,PHISHING,5,4,E1;E2,True,warn_user,True,6614.67426641,6614.674327787,0.061376999838103075
1,email,gen_phish_002_bursary.eml,phishing,PHISHING,5,4,E1;E2,True,warn_user,True,6614.674330285,6614.674381918,0.05163300011190586
1,email,gen_phish_003_security.eml,phishing,PHISHING,5,4,E1;E2,True,warn_user,True,6614.674384209,6614.674434316,0.05010699987906264
1,email,gen_phish_004_registrar.eml,phishing,PHISHING,5,4,E1;E2,True,warn_user,True,6614.674436582,6614.674496807,0.060224999288038816
1,email,gen_phish_005_examsoffice.eml,phishing,PHISHING,7,4,E1;E2;E3,True,warn_user,True,6614.674498945,6614.674551329,0.05238399990048492
1,email,gen_phish_006_scholarship.eml,phishing,PHISHING,5,4,E1;E2,True,warn_user,True,6614.67455357,6614.674605833,0.05226299981586635
1,email,gen_phish_007_hostel.eml,phishing,PHISHING,5,4,E1;E2,True,warn_user,True,6614.674608345,6614.674694642,0.086297000052582
1,email,gen_phish_008_vc.eml,phishing,PHISHING,5,4,E1;E2,True,warn_user,True,6614.674696824,6614.674747907,0.05108299956191331
1,email,gen_phish_009_timetable.eml,phishing,PHISHING,5,4,E1;E2,True,warn_user,True,6614.674750106,6614.67481831,0.06820399994467152
1,email,gen_phish_010_ictupdate.eml,phishing,PHISHING,7,4,E1;E2;E3,True,warn_user,True,6614.674827655,6614.674912509,0.08485400030622259
1,email,gen_phish_011_library.eml,phishing,PHISHING,5,4,E1;E2,True,warn_user,True,6614.674915629,6614.674981525,0.06589599979633931
1,email,gen_phish_012_survey.eml,phishing,PHISHING,5,4,E1;E2,True,warn_user,True,6614.674984063,6614.675041522,0.0574590003452613
1,email,gen_phish_013_convocation.eml,phishing,PHISHING,5,4,E1;E2,True,warn_user,True,6614.675043634,6614.675101428,0.057793999985733535
1,email,gen_phish_014_sug.eml,phishing,PHISHING,5,4,E1;E2,True,warn_user,True,6614.675103514,6614.675143984,0.040470000385539606
1,email,gen_phish_015_transcript.eml,phishing,PHISHING,7,4,E1;E2;E3,True,warn_user,True,6614.675146113,6614.675196115,0.05000200053473236
1,email,gen_phish_031_ict.eml,phishing,PHISHING,5,4,E1;E2,True,warn_user,True,6614.67519824,6614.675254859,0.05661900013365084
1,email,gen_phish_032_bursary.eml,phishing,PHISHING,5,4,E1;E2,True,warn_user,True,6614.67525695,6614.67530458,0.04762999924423639
1,email,gen_phish_033_security.eml,phishing,PHISHING,5,4,E1;E2,True,warn_user,True,6614.675306648,6614.675355551,0.04890300078841392
1,email,gen_phish_034_registrar.eml,phishing,PHISHING,5,4,E1;E2,True,warn_user,True,6614.67535765,6614.675431874,0.07422400085488334
1,email,gen_phish_035_examsoffice.eml,phishing,PHISHING,7,4,E1;E2;E3,True,warn_user,True,6614.675437745,6614.675534574,0.09682900054031052
1,email,gen_phish_036_scholarship.eml,phishing,PHISHING,5,4,E1;E2,True,warn_user,True,6614.675536726,6614.675586715,0.049988999307970516
1,email,gen_phish_037_hostel.eml,phishing,PHISHING,5,4,E1;E2,True,warn_user,True,6614.67558886,6614.675641983,0.0531229998159688
1,email,gen_phish_038_vc.eml,phishing,PHISHING,5,4,E1;E2,True,warn_user,True,6614.675644053,6614.675693942,0.04988900036551058
1,email,gen_phish_039_timetable.eml,phishing,PHISHING,5,4,E1;E2,True,warn_user,True,6614.675696199,6614.67575215,0.05595099992206087
1,email,gen_phish_040_ictupdate.eml,phishing,PHISHING,7,4,E1;E2;E3,True,warn_user,True,6614.675754253,6614.675842886,0.088632999904803
1,email,gen_phish_041_library.eml,phishing,PHISHING,5,4,E1;E2,True,warn_user,True,6614.675846606,6614.675899547,0.052940999921702314
1,email,gen_phish_042_survey.eml,phishing,PHISHING,5,4,E1;E2,True,warn_user,True,6614.675901678,6614.675993405,0.0917269999263226
1,email,gen_phish_043_convocation.eml,phishing,PHISHING,5,4,E1;E2,True,warn_user,True,6614.675995483,6614.67605695,0.061466999795811716
1,email,gen_phish_044_sug.eml,phishing,PHISHING,5,4,E1;E2,True,warn_user,True,6614.676059043,6614.676099282,0.040238999645225704
1,email,gen_phish_045_transcript.eml,phishing,PHISHING,7,4,E1;E2;E3,True,warn_user,True,6614.676104883,6614.676159446,0.05456300004880177
1,url,http://crescentuniversity.edu.ng@crescentuni-verify-1.tk/reset,phishing,PHISHING,9,4,U2;U3;U5;U6,True,block_redirect,True,6614.676161573,6614.676183774,0.022200999410415534
1,url,http://portal-crescentuni.cf/account,phishing,PHISHING,6,4,U3;U5;U6,True,block_redirect,True,6614.676186127,6614.676200816,0.01468900063628098
1,url,https://crescent-uni-portal.xyz/docs/view?id=3,phishing,PHISHING,5,4,U3;U6,True,block_redirect,True,6614.676203006,6614.676214915,0.011909000022569671
1,url,http://login.secure.crescent-id.cf/verify,phishing,PHISHING,7,4,U3;U4;U5;U6,True,block_redirect,True,6614.676217042,6614.676228877,0.011834999895654619
1,url,http://203.0.113.104:8443/verify,phishing,PHISHING,4,4,U1;U5,True,block_redirect,True,6614.67623104,6614.676244713,0.013673000466951635
1,url,http://198.51.100.235/login/verify?id=6,phishing,PHISHING,4,4,U1;U5,True,block_redirect,True,6614.676247225,6614.676259893,0.012667999726545531
1,url,http://crescentuniversity.edu.ng@crescent-uni-verify-7.tk/reset,phishing,PHISHING,9,4,U2;U3;U5;U6,True,block_redirect,True,6614.676261957,6614.676272927,0.010970000403176527
1,url,http://verify-crescent-uni-verify.work/account,phishing,PHISHING,6,4,U3;U5;U6,True,block_redirect,True,6614.676275053,6614.676286979,0.01192600029753521
1,url,https://crescentuni-portal.work/docs/view?id=9,phishing,PHISHING,5,4,U3;U6,True,block_redirect,True,6614.676289268,6614.676300891,0.011623000318650156
1,url,http://login.secure.crescent-id.gq/verify,phishing,PHISHING,7,4,U3;U4;U5;U6,True,block_redirect,True,6614.676305132,6614.676317174,0.012041999980283435
1,url,http://198.51.100.192:9090/verify,phishing,PHISHING,4,4,U1;U5,True,block_redirect,True,6614.676319364,6614.676331804,0.01244000031874748
1,url,http://203.0.113.193/login/verify?id=12,phishing,PHISHING,4,4,U1;U5,True,block_redirect,True,6614.676333916,6614.676346127,0.012211000466777477
1,url,http://crescentuniversity.edu.ng@crescent-uni-verify-13.tk/reset,phishing,PHISHING,9,4,U2;U3;U5;U6,True,block_redirect,True,6614.676348195,6614.676358996,0.010800999916682485
1,url,http://id-crescentuni-secure.xyz/account,phishing,PHISHING,6,4,U3;U5;U6,True,block_redirect,True,6614.676361108,6614.676372778,0.011670000276353676
1,url,https://crescent-portal.ga/docs/view?id=15,phishing,PHISHING,5,4,U3;U6,True,block_redirect,True,6614.676374919,6614.676385678,0.010758999451354612
1,url,http://login.secure.crescent-uni-id.work/verify,phishing,PHISHING,7,4,U3;U4;U5;U6,True,block_redirect,True,6614.676387809,6614.67639999,0.012181000784039497
1,url,http://198.51.100.222:8080/verify,phishing,PHISHING,4,4,U1;U5,True,block_redirect,True,6614.676402145,6614.676414639,0.012493999747675844
1,url,http://198.51.100.204/login/verify?id=18,phishing,PHISHING,4,4,U1;U5,True,block_redirect,True,6614.676417054,6614.676429427,0.012372999663057271
1,url,http://crescentuniversity.edu.ng@crescent-uni-verify-19.tk/reset,phishing,PHISHING,9,4,U2;U3;U5;U6,True,block_redirect,True,6614.676431567,6614.67644229,0.010722999832069036
1,url,http://id-crescentuni-login.top/account,phishing,PHISHING,6,4,U3;U5;U6,True,block_redirect,True,6614.676446489,6614.67645865,0.012161000086052809
1,url,https://crescentuni-portal.work/docs/view?id=21,phishing,PHISHING,5,4,U3;U6,True,block_redirect,True,6614.676460801,6614.676472543,0.01174200042441953
1,url,http://login.secure.crescent-uni-id.gq/verify,phishing,PHISHING,7,4,U3;U4;U5;U6,True,block_redirect,True,6614.676474634,6614.676486377,0.011742999959096778
1,url,http://198.51.100.176:9090/verify,phishing,PHISHING,4,4,U1;U5,True,block_redirect,True,6614.67648859,6614.676501172,0.012581999726535287
1,url,http://203.0.113.198/login/verify?id=24,phishing,PHISHING,4,4,U1;U5,True,block_redirect,True,6614.676503245,6614.676515571,0.012325999705353752
1,url,http://crescentuniversity.edu.ng@crescent-uni-verify-25.tk/reset,phishing,PHISHING,9,4,U2;U3;U5;U6,True,block_redirect,True,6614.676517673,6614.676528407,0.01073400017048698
1,url,http://secure-crescentuni-portal.top/account,phishing,PHISHING,6,4,U3;U5;U6,True,block_redirect,True,6614.676530674,6614.676542409,0.011735000043699984
1,url,https://crescent-portal.work/docs/view?id=27,phishing,PHISHING,5,4,U3;U6,True,block_redirect,True,6614.676544525,6614.676556463,0.011938000170630403
1,url,http://login.secure.crescent-id.gq/verify,phishing,PHISHING,7,4,U3;U4;U5;U6,True,block_redirect,True,6614.676558521,6614.676570233,0.01171200074168155
1,url,http://198.51.100.131:8080/verify,phishing,PHISHING,4,4,U1;U5,True,block_redirect,True,6614.676572536,6614.676584842,0.012305999916861765
1,url,http://203.0.113.217/login/verify?id=30,phishing,PHISHING,4,4,U1;U5,True,block_redirect,True,6614.676588981,6614.67660167,0.012688999959209468
1,url,http://crescentuniversity.edu.ng@crescent-uni-verify-31.tk/reset,phishing,PHISHING,9,4,U2;U3;U5;U6,True,block_redirect,True,6614.67660376,6614.676614666,0.010906000170507468
1,url,http://id-crescent-uni-verify.ga/account,phishing,PHISHING,6,4,U3;U5;U6,True,block_redirect,True,6614.676616812,6614.6766277,0.010887999451369978
1,url,https://crescentuni-portal.ga/docs/view?id=33,phishing,PHISHING,5,4,U3;U6,True,block_redirect,True,6614.676629821,6614.676640544,0.010723000741563737
1,url,http://login.secure.crescent-uni-id.tk/verify,phishing,PHISHING,7,4,U3;U4;U5;U6,True,block_redirect,True,6614.676642808,6614.676653771,0.010963000022456981
1,url,http://203.0.113.127:8080/verify,phishing,PHISHING,4,4,U1;U5,True,block_redirect,True,6614.676655967,6614.676668374,0.012406999303493649
1,url,http://203.0.113.226/login/verify?id=36,phishing,PHISHING,4,4,U1;U5,True,block_redirect,True,6614.676670439,6614.676682629,0.01219000023411354
1,url,http://crescentuniversity.edu.ng@crescentuni-verify-37.tk/reset,phishing,PHISHING,9,4,U2;U3;U5;U6,True,block_redirect,True,6614.676684727,6614.676695448,0.010720999853219837
1,url,http://secure-crescent-verify.ml/account,phishing,PHISHING,6,4,U3;U5;U6,True,block_redirect,True,6614.676697599,6614.676708422,0.01082299968402367
1,url,https://crescent-portal.work/docs/view?id=39,phishing,PHISHING,5,4,U3;U6,True,block_redirect,True,6614.676710531,6614.676722188,0.011656999959086534
1,url,http://login.secure.crescent-id.ga/verify,phishing,PHISHING,7,4,U3;U4;U5;U6,True,block_redirect,True,6614.676726288,6614.6767378,0.011512000128277577
1,url,http://203.0.113.244:9090/verify,phishing,PHISHING,4,4,U1;U5,True,block_redirect,True,6614.676739996,6614.676752542,0.01254600010724971
1,url,http://203.0.113.137/login/verify?id=42,phishing,PHISHING,4,4,U1;U5,True,block_redirect,True,6614.676754609,6614.676784448,0.02983899958053371
1,url,http://crescentuniversity.edu.ng@crescent-uni-verify-43.tk/reset,phishing,PHISHING,9,4,U2;U3;U5;U6,True,block_redirect,True,6614.67678698,6614.676798327,0.011347000508976635
1,url,http://login-crescentuni-alerts.cf/account,phishing,PHISHING,6,4,U3;U5;U6,True,block_redirect,True,6614.676828585,6614.676843078,0.014492999980575405
1,url,https://crescent-uni-portal.gq/docs/view?id=45,phishing,PHISHING,5,4,U3;U6,True,block_redirect,True,6614.676845579,6614.676856816,0.011236999853281304
1,url,http://login.secure.crescentuni-id.xyz/verify,phishing,PHISHING,7,4,U3;U4;U5;U6,True,block_redirect,True,6614.676858882,6614.676870681,0.011799000276369043
1,url,http://203.0.113.32:8080/verify,phishing,PHISHING,4,4,U1;U5,True,block_redirect,True,6614.676872815,6614.676885375,0.012559999959194101
1,url,http://198.51.100.88/login/verify?id=48,phishing,PHISHING,4,4,U1;U5,True,block_redirect,True,6614.676887465,6614.676899793,0.012328000593697652
1,url,http://crescentuniversity.edu.ng@crescent-verify-49.tk/reset,phishing,PHISHING,9,4,U2;U3;U5;U6,True,block_redirect,True,6614.676901839,6614.676912736,0.010897000720433425
1,url,http://id-crescent-uni-verify.cf/account,phishing,PHISHING,6,4,U3;U5;U6,True,block_redirect,True,6614.676919816,6614.676931414,0.011598000128287822
1,url,https://portal.crescentuniversity.edu.ng/resource/1,legitimate,LEGITIMATE,1,4,U4,False,allow,True,6614.676935732,6614.676947873,0.012141000297560822
1,url,https://drive.crescentuniversity.edu.ng/resource/2,legitimate,LEGITIMATE,1,4,U4,False,allow,True,6614.676950021,6614.67696164,0.011618999451457057
1,url,https://portal.crescentuniversity.edu.ng/resource/3,legitimate,LEGITIMATE,1,4,U4,False,allow,True,6614.676963714,6614.67697522,0.011506000191729981
1,url,https://accounts.google.com/signin,legitimate,LEGITIMATE,0,4,,False,allow,True,6614.676977191,6614.676988505,0.011313999493722804
1,url,https://drive.crescentuniversity.edu.ng/resource/5,legitimate,LEGITIMATE,1,4,U4,False,allow,True,6614.676990598,6614.677002061,0.01146300019172486
1,url,https://portal.crescentuniversity.edu.ng/resource/6,legitimate,LEGITIMATE,1,4,U4,False,allow,True,6614.677004148,6614.677015601,0.011452999387984164
1,url,https://library.crescentuniversity.edu.ng/resource/7,legitimate,LEGITIMATE,1,4,U4,False,allow,True,6614.677017767,6614.677029226,0.011459000234026462
1,url,https://www.wikipedia.org/wiki/Security,legitimate,LEGITIMATE,0,4,,False,allow,True,6614.677031266,6614.677042703,0.011436999557190575
1,url,https://mail.crescentuniversity.edu.ng/resource/9,legitimate,LEGITIMATE,1,4,U4,False,allow,True,6614.677044752,6614.67705635,0.011598000128287822
1,url,https://registrar.crescentuniversity.edu.ng/resource/10,legitimate,LEGITIMATE,1,4,U4,False,allow,True,6614.677065121,6614.677077104,0.011983000149484724
1,url,https://bursary.crescentuniversity.edu.ng/resource/11,legitimate,LEGITIMATE,1,4,U4,False,allow,True,6614.677079462,6614.677090903,0.011441000424383674
1,url,https://zoom.us/signin,legitimate,LEGITIMATE,0,4,,False,allow,True,6614.677092895,6614.677104047,0.01115200029744301
1,url,https://hostel.crescentuniversity.edu.ng/resource/13,legitimate,LEGITIMATE,1,4,U4,False,allow,True,6614.677106135,6614.677117506,0.011371000255167019
1,url,https://registrar.crescentuniversity.edu.ng/resource/14,legitimate,LEGITIMATE,1,4,U4,False,allow,True,6614.677119623,6614.677130961,0.01133800014940789
1,url,https://mail.crescentuniversity.edu.ng/resource/15,legitimate,LEGITIMATE,1,4,U4,False,allow,True,6614.677132975,6614.677144334,0.011359000382071827
1,url,https://accounts.google.com/signin,legitimate,LEGITIMATE,0,4,,False,allow,True,6614.677146401,6614.677157707,0.011306000487820711
1,url,https://elearning.crescentuniversity.edu.ng/resource/17,legitimate,LEGITIMATE,1,4,U4,False,allow,True,6614.677159845,6614.677171202,0.011357000403222628
1,url,https://elearning.crescentuniversity.edu.ng/resource/18,legitimate,LEGITIMATE,1,4,U4,False,allow,True,6614.677173219,6614.677184525,0.01130599957832601
1,url,https://hostel.crescentuniversity.edu.ng/resource/19,legitimate,LEGITIMATE,1,4,U4,False,allow,True,6614.67718653,6614.677197919,0.011389000064809807
1,url,https://accounts.google.com/signin,legitimate,LEGITIMATE,0,4,,False,allow,True,6614.677202226,6614.677213862,0.011635999726422597
1,url,https://hostel.crescentuniversity.edu.ng/resource/21,legitimate,LEGITIMATE,1,4,U4,False,allow,True,6614.677215968,6614.677227773,0.011804999303421937
1,url,https://exams.crescentuniversity.edu.ng/resource/22,legitimate,LEGITIMATE,1,4,U4,False,allow,True,6614.677229805,6614.677241289,0.011484000424388796
1,url,https://registrar.crescentuniversity.edu.ng/resource/23,legitimate,LEGITIMATE,1,4,U4,False,allow,True,6614.677243272,6614.677254663,0.011391000043659005
1,url,https://www.wikipedia.org/wiki/Security,legitimate,LEGITIMATE,0,4,,False,allow,True,6614.677256656,6614.677267869,0.01121300010709092
1,url,https://drive.crescentuniversity.edu.ng/resource/25,legitimate,LEGITIMATE,1,4,U4,False,allow,True,6614.677269946,6614.677281335,0.011389000064809807
1,url,https://exams.crescentuniversity.edu.ng/resource/26,legitimate,LEGITIMATE,1,4,U4,False,allow,True,6614.677283338,6614.6772948,0.011461999747552909
1,url,https://library.crescentuniversity.edu.ng/resource/27,legitimate,LEGITIMATE,1,4,U4,False,allow,True,6614.677297152,6614.677308528,0.011375999747542664
1,url,https://www.microsoft.com/en-us/security,legitimate,LEGITIMATE,0,4,,False,allow,True,6614.677310524,6614.677321856,0.011332000212860294
1,url,https://exams.crescentuniversity.edu.ng/resource/29,legitimate,LEGITIMATE,1,4,U4,False,allow,True,6614.677323952,6614.677335307,0.01135500042437343
1,url,https://hostel.crescentuniversity.edu.ng/resource/30,legitimate,LEGITIMATE,1,4,U4,False,allow,True,6614.677339238,6614.677350943,0.011705000360962003
1,url,https://portal.crescentuniversity.edu.ng/resource/31,legitimate,LEGITIMATE,1,4,U4,False,allow,True,6614.677352984,6614.677364461,0.01147700004366925
1,url,https://zoom.us/signin,legitimate,LEGITIMATE,0,4,,False,allow,True,6614.67736645,6614.677377585,0.01113500002247747
1,url,https://drive.crescentuniversity.edu.ng/resource/33,legitimate,LEGITIMATE,1,4,U4,False,allow,True,6614.677379681,6614.677391088,0.011406999874452595
1,url,https://portal.crescentuniversity.edu.ng/resource/34,legitimate,LEGITIMATE,1,4,U4,False,allow,True,6614.677393302,6614.677404675,0.011372999324521516
1,url,https://exams.crescentuniversity.edu.ng/resource/35,legitimate,LEGITIMATE,1,4,U4,False,allow,True,6614.677406694,6614.677418015,0.01132099987444235
1,url,https://zoom.us/signin,legitimate,LEGITIMATE,0,4,,False,allow,True,6614.677421931,6614.677433326,0.011395000001357403
1,url,https://library.crescentuniversity.edu.ng/resource/37,legitimate,LEGITIMATE,1,4,U4,False,allow,True,6614.677435391,6614.677446724,0.011333000657032244
1,url,https://drive.crescentuniversity.edu.ng/resource/38,legitimate,LEGITIMATE,1,4,U4,False,allow,True,6614.677448831,6614.67746022,0.011389000064809807
1,url,https://registrar.crescentuniversity.edu.ng/resource/39,legitimate,LEGITIMATE,1,4,U4,False,allow,True,6614.677462383,6614.677473757,0.011374000678188168
1,url,https://accounts.google.com/signin,legitimate,LEGITIMATE,0,4,,False,allow,True,6614.677477922,6614.677489514,0.011591999282245524
1,landing_page,clean_baseline_portal.html,legitimate,LEGITIMATE,0,4,,False,allow,True,6614.677491672,6614.677501657,0.009985000360757113
1,landing_page,clean_variant_sso.html,legitimate,LEGITIMATE,0,4,,False,allow,True,6614.677503864,6614.677512071,0.008207000064430758
1,landing_page,phish_variant_cross_domain_post.html,phishing,PHISHING,4,4,L1,True,reject_submission,True,6614.677514184,6614.677521631,0.007446999916282948
1,landing_page,phish_variant_hidden_fields.html,phishing,PHISHING,7,4,L1;L2,True,reject_submission,True,6614.677523741,6614.677530993,0.007251999704749323
1,landing_page,gen_clean_001.html,legitimate,LEGITIMATE,0,4,,False,allow,True,6614.677533178,6614.677539674,0.006496000423794612
1,landing_page,gen_clean_002.html,legitimate,LEGITIMATE,0,4,,False,allow,True,6614.677541689,6614.677547993,0.0063040006352821365
1,landing_page,gen_clean_003.html,legitimate,LEGITIMATE,0,4,,False,allow,True,6614.677550007,6614.677556312,0.006305000169959385
1,landing_page,gen_clean_004.html,legitimate,LEGITIMATE,0,4,,False,allow,True,6614.677558312,6614.677564638,0.006326000402623322
1,landing_page,gen_clean_005.html,legitimate,LEGITIMATE,0,4,,False,allow,True,6614.677566649,6614.67757295,0.006300999302766286
1,landing_page,gen_clean_006.html,legitimate,LEGITIMATE,0,4,,False,allow,True,6614.677577068,6614.677583956,0.0068879999162163585
1,landing_page,gen_clean_007.html,legitimate,LEGITIMATE,0,4,,False,allow,True,6614.677585972,6614.677592338,0.006365999979607295
1,landing_page,gen_clean_008.html,legitimate,LEGITIMATE,0,4,,False,allow,True,6614.67759438,6614.67760068,0.006299999768089037
1,landing_page,gen_phish_001.html,phishing,PHISHING,7,4,L1;L2,True,reject_submission,True,6614.677602807,6614.677609844,0.007036999704723712
1,landing_page,gen_phish_002.html,phishing,PHISHING,4,4,L1,True,reject_submission,True,6614.677612082,6614.677620018,0.007935999747132882
1,landing_page,gen_phish_003.html,phishing,PHISHING,7,4,L1;L2,True,reject_submission,True,6614.677622748,6614.677632353,0.009604999831935856
1,landing_page,gen_phish_004.html,phishing,PHISHING,4,4,L1,True,reject_submission,True,6614.677635056,6614.677643075,0.008018999324121978
1,landing_page,gen_phish_005.html,phishing,PHISHING,7,4,L1;L2,True,reject_submission,True,6614.677645262,6614.677653778,0.008515999979863409
1,landing_page,gen_phish_006.html,phishing,PHISHING,4,4,L1,True,reject_submission,True,6614.67765595,6614.677662704,0.006753999514330644
1,landing_page,gen_phish_007.html,phishing,PHISHING,7,4,L1;L2,True,reject_submission,True,6614.677664728,6614.67767155,0.006821999704698101
1,landing_page,gen_phish_008.html,phishing,PHISHING,4,4,L1,True,reject_submission,True,6614.677675501,6614.677682399,0.006898000719957054
2,email,gen_legit_016_ict.eml,legitimate,LEGITIMATE,0,4,,False,allow,True,6614.677687497,6614.677807858,0.12036099997203564
2,email,gen_legit_017_bursary.eml,legitimate,LEGITIMATE,0,4,,False,allow,True,6614.677810627,6614.677888622,0.07799499962857226
2,email,gen_legit_018_security.eml,legitimate,LEGITIMATE,0,4,,False,allow,True,6614.677894636,6614.677973513,0.07887700030551059
2,email,gen_legit_019_registrar.eml,legitimate,LEGITIMATE,0,4,,False,allow,True,6614.677975572,6614.678058122,0.08255000011558877
2,email,gen_legit_020_examsoffice.eml,legitimate,LEGITIMATE,0,4,,False,allow,True,6614.678060181,6614.678134396,0.0742150004953146
2,email,gen_legit_021_scholarship.eml,legitimate,LEGITIMATE,0,4,,False,allow,True,6614.678136577,6614.678206204,0.06962699990253896
2,email,gen_legit_022_hostel.eml,legitimate,LEGITIMATE,0,4,,False,allow,True,6614.678208349,6614.678278044,0.06969500009290641
2,email,gen_legit_023_vc.eml,legitimate,LEGITIMATE,0,4,,False,allow,True,6614.678280147,6614.678351885,0.07173799986048834
2,email,gen_legit_024_timetable.eml,legitimate,LEGITIMATE,0,4,,False,allow,True,6614.678354058,6614.678419223,0.06516499979625223
2,email,gen_legit_025_ictupdate.eml,legitimate,LEGITIMATE,0,4,,False,allow,True,6614.67842351,6614.678492416,0.06890599979669787
2,email,gen_legit_026_library.eml,legitimate,LEGITIMATE,0,4,,False,allow,True,6614.678494494,6614.678557864,0.06337000013445504
2,email,gen_legit_027_survey.eml,legitimate,LEGITIMATE,0,4,,False,allow,True,6614.678559914,6614.678633055,0.07314100002986379
2,email,gen_legit_028_convocation.eml,legitimate,LEGITIMATE,0,4,,False,allow,True,6614.678635058,6614.678733913,0.09885500003292691
2,email,gen_legit_029_sug.eml,legitimate,LEGITIMATE,0,4,,False,allow,True,6614.678737017,6614.678840955,0.10393800039310008
2,email,gen_legit_030_transcript.eml,legitimate,LEGITIMATE,0,4,,False,allow,True,6614.678843723,6614.678912823,0.06910000047355425
2,email,gen_legit_046_ict.eml,legitimate,LEGITIMATE,0,4,,False,allow,True,6614.678914823,6614.67899389,0.07906700011517387
2,email,gen_legit_047_bursary.eml,legitimate,LEGITIMATE,0,4,,False,allow,True,6614.67899589,6614.679070558,0.07466799979738425
2,email,gen_legit_048_security.eml,legitimate,LEGITIMATE,0,4,,False,allow,True,6614.679072725,6614.679150793,0.07806800022081006
2,email,gen_legit_049_registrar.eml,legitimate,LEGITIMATE,0,4,,False,allow,True,6614.679156921,6614.679240529,0.08360799984075129
2,email,gen_legit_050_examsoffice.eml,legitimate,LEGITIMATE,0,4,,False,allow,True,6614.67924489,6614.679321179,0.07628900038980646
2,email,gen_legit_051_scholarship.eml,legitimate,LEGITIMATE,0,4,,False,allow,True,6614.679323217,6614.679392288,0.06907099941599881
2,email,gen_legit_052_hostel.eml,legitimate,LEGITIMATE,0,4,,False,allow,True,6614.679394268,6614.679463465,0.06919699990248773
2,email,gen_legit_053_vc.eml,legitimate,LEGITIMATE,0,4,,False,allow,True,6614.679465467,6614.679536632,0.07116500000847736
2,email,gen_legit_054_timetable.eml,legitimate,LEGITIMATE,0,4,,False,allow,True,6614.679538616,6614.679603246,0.06462999954237603
2,email,gen_legit_055_ictupdate.eml,legitimate,LEGITIMATE,0,4,,False,allow,True,6614.679605207,6614.679673539,0.06833199950051494
2,email,gen_legit_056_library.eml,legitimate,LEGITIMATE,0,4,,False,allow,True,6614.679675591,6614.679780346,0.1047550003931974
2,email,gen_legit_057_survey.eml,legitimate,LEGITIMATE,0,4,,False,allow,True,6614.679782893,6614.679857733,0.07483999979740474
2,email,gen_legit_058_convocation.eml,legitimate,LEGITIMATE,0,4,,False,allow,True,6614.679859768,6614.679934535,0.07476700011466164
2,email,gen_legit_059_sug.eml,legitimate,LEGITIMATE,0,4,,False,allow,True,6614.679936593,6614.680011581,0.07498800005123485
2,email,gen_legit_060_transcript.eml,legitimate,LEGITIMATE,0,4,,False,allow,True,6614.680017285,6614.680084595,0.0673100003041327
2,email,gen_phish_001_ict.eml,phishing,PHISHING,5,4,E1;E2,True,warn_user,True,6614.680086621,6614.680143234,0.05661300019710325
2,email,gen_phish_002_bursary.eml,phishing,PHISHING,5,4,E1;E2,True,warn_user,True,6614.68014553,6614.680195822,0.05029200019635027
2,email,gen_phish_003_security.eml,phishing,PHISHING,5,4,E1;E2,True,warn_user,True,6614.680198014,6614.680247602,0.04958800036547473
2,email,gen_phish_004_registrar.eml,phishing,PHISHING,5,4,E1;E2,True,warn_user,True,6614.680249896,6614.680309322,0.05942600000707898
2,email,gen_phish_005_examsoffice.eml,phishing,PHISHING,7,4,E1;E2;E3,True,warn_user,True,6614.68031144,6614.680363474,0.05203399996389635
2,email,gen_phish_006_scholarship.eml,phishing,PHISHING,5,4,E1;E2,True,warn_user,True,6614.680365604,6614.680417104,0.051500000154192094
2,email,gen_phish_007_hostel.eml,phishing,PHISHING,5,4,E1;E2,True,warn_user,True,6614.680419174,6614.680505127,0.08595300005254103
2,email,gen_phish_008_vc.eml,phishing,PHISHING,5,4,E1;E2,True,warn_user,True,6614.680507274,6614.680557505,0.05023100038670236
2,email,gen_phish_009_timetable.eml,phishing,PHISHING,5,4,E1;E2,True,warn_user,True,6614.68055959,6614.680614766,0.055176000387291424
2,email,gen_phish_010_ictupdate.eml,phishing,PHISHING,7,4,E1;E2;E3,True,warn_user,True,6614.680619372,6614.680726314,0.10694199954741634
2,email,gen_phish_011_library.eml,phishing,PHISHING,5,4,E1;E2,True,warn_user,True,6614.68072907,6614.680817357,0.08828699992591282
2,email,gen_phish_012_survey.eml,phishing,PHISHING,5,4,E1;E2,True,warn_user,True,6614.680820171,6614.680876925,0.056754000070213806
2,email,gen_phish_013_convocation.eml,phishing,PHISHING,5,4,E1;E2,True,warn_user,True,6614.68087915,6614.680936269,0.05711900030291872
2,email,gen_phish_014_sug.eml,phishing,PHISHING,5,4,E1;E2,True,warn_user,True,6614.680938327,6614.680978449,0.04012199951830553
2,email,gen_phish_015_transcript.eml,phishing,PHISHING,7,4,E1;E2;E3,True,warn_user,True,6614.680980565,6614.681031532,0.05096699987916509
2,email,gen_phish_031_ict.eml,phishing,PHISHING,5,4,E1;E2,True,warn_user,True,6614.681034739,6614.681097727,0.06298799962678459
2,email,gen_phish_032_bursary.eml,phishing,PHISHING,5,4,E1;E2,True,warn_user,True,6614.681100877,6614.681163383,0.0625060001766542
2,email,gen_phish_033_security.eml,phishing,PHISHING,5,4,E1;E2,True,warn_user,True,6614.681166738,6614.681227509,0.060770999880332965
2,email,gen_phish_034_registrar.eml,phishing,PHISHING,5,4,E1;E2,True,warn_user,True,6614.681230668,6614.681324757,0.09408899950358318
2,email,gen_phish_035_examsoffice.eml,phishing,PHISHING,7,4,E1;E2;E3,True,warn_user,True,6614.681339286,6614.681459992,0.12070599950675387
2,email,gen_phish_036_scholarship.eml,phishing,PHISHING,5,4,E1;E2,True,warn_user,True,6614.681463164,6614.681523918,0.060753999605367426
2,email,gen_phish_037_hostel.eml,phishing,PHISHING,5,4,E1;E2,True,warn_user,True,6614.681527576,6614.681593143,0.06556700009241467
2,email,gen_phish_038_vc.eml,phishing,PHISHING,5,4,E1;E2,True,warn_user,True,6614.681596109,6614.682173361,0.5772520007667481
2,email,gen_phish_039_timetable.eml,phishing,PHISHING,5,4,E1;E2,True,warn_user,True,6614.682190177,6614.682360848,0.1706709999780287
2,email,gen_phish_040_ictupdate.eml,phishing,PHISHING,7,4,E1;E2;E3,True,warn_user,True,6614.682368516,6614.682444761,0.07624499994562939
2,email,gen_phish_041_library.eml,phishing,PHISHING,5,4,E1;E2,True,warn_user,True,6614.682448414,6614.682517317,0.06890300028317142
2,email,gen_phish_042_survey.eml,phishing,PHISHING,5,4,E1;E2,True,warn_user,True,6614.682520879,6614.682729005,0.2081259999613394
2,email,gen_phish_043_convocation.eml,phishing,PHISHING,5,4,E1;E2,True,warn_user,True,6614.68273629,6614.682804382,0.068091999310127
2,email,gen_phish_044_sug.eml,phishing,PHISHING,5,4,E1;E2,True,warn_user,True,6614.682806756,6614.682848215,0.04145900038565742
2,email,gen_phish_045_transcript.eml,phishing,PHISHING,7,4,E1;E2;E3,True,warn_user,True,6614.682867187,6614.682930197,0.06301000030362047
2,url,http://crescentuniversity.edu.ng@crescentuni-verify-1.tk/reset,phishing,PHISHING,9,4,U2;U3;U5;U6,True,block_redirect,True,6614.682933287,6614.682963985,0.030698000045958906
2,url,http://portal-crescentuni.cf/account,phishing,PHISHING,6,4,U3;U5;U6,True,block_redirect,True,6614.682967441,6614.682982248,0.014807000297878403
2,url,https://crescent-uni-portal.xyz/docs/view?id=3,phishing,PHISHING,5,4,U3;U6,True,block_redirect,True,6614.682985474,6614.683001742,0.01626799985388061
2,url,http://login.secure.crescent-id.cf/verify,phishing,PHISHING,7,4,U3;U4;U5;U6,True,block_redirect,True,6614.68300527,6614.683035514,0.0302440002997173
2,url,http://203.0.113.104:8443/verify,phishing,PHISHING,4,4,U1;U5,True,block_redirect,True,6614.683041829,6614.683071585,0.029756000003544614
2,url,http://198.51.100.235/login/verify?id=6,phishing,PHISHING,4,4,U1;U5,True,block_redirect,True,6614.683075172,6614.683091756,0.016584000150032807
2,url,http://crescentuniversity.edu.ng@crescent-uni-verify-7.tk/reset,phishing,PHISHING,9,4,U2;U3;U5;U6,True,block_redirect,True,6614.683097176,6614.68311313,0.015953999536577612
2,url,http://verify-crescent-uni-verify.work/account,phishing,PHISHING,6,4,U3;U5;U6,True,block_redirect,True,6614.683116014,6614.683131616,0.01560199962113984
2,url,https://crescentuni-portal.work/docs/view?id=9,phishing,PHISHING,5,4,U3;U6,True,block_redirect,True,6614.683135078,6614.683149982,0.01490399972681189
2,url,http://login.secure.crescent-id.gq/verify,phishing,PHISHING,7,4,U3;U4;U5;U6,True,block_redirect,True,6614.683159881,6614.683175613,0.015731999155832455
2,url,http://198.51.100.192:9090/verify,phishing,PHISHING,4,4,U1;U5,True,block_redirect,True,6614.683178807,6614.683196552,0.017744999240676407
2,url,http://203.0.113.193/login/verify?id=12,phishing,PHISHING,4,4,U1;U5,True,block_redirect,True,6614.68319946,6614.683217095,0.01763500040397048
2,url,http://crescentuniversity.edu.ng@crescent-uni-verify-13.tk/reset,phishing,PHISHING,9,4,U2;U3;U5;U6,True,block_redirect,True,6614.68321969,6614.683234386,0.014695999198011123
2,url,http://id-crescentuni-secure.xyz/account,phishing,PHISHING,6,4,U3;U5;U6,True,block_redirect,True,6614.683236979,6614.68325169,0.014711000403622165
2,url,https://crescent-portal.ga/docs/view?id=15,phishing,PHISHING,5,4,U3;U6,True,block_redirect,True,6614.683254423,6614.683267669,0.013245999980426859
2,url,http://login.secure.crescent-uni-id.work/verify,phishing,PHISHING,7,4,U3;U4;U5;U6,True,block_redirect,True,6614.683270403,6614.683287018,0.016614999367448036
2,url,http://198.51.100.222:8080/verify,phishing,PHISHING,4,4,U1;U5,True,block_redirect,True,6614.68328982,6614.683306137,0.01631699979043333
2,url,http://198.51.100.204/login/verify?id=18,phishing,PHISHING,4,4,U1;U5,True,block_redirect,True,6614.683309575,6614.683325727,0.016152000171132386
2,url,http://crescentuniversity.edu.ng@crescent-uni-verify-19.tk/reset,phishing,PHISHING,9,4,U2;U3;U5;U6,True,block_redirect,True,6614.683329238,6614.683344408,0.01517000055173412
2,url,http://id-crescentuni-login.top/account,phishing,PHISHING,6,4,U3;U5;U6,True,block_redirect,True,6614.683354353,6614.6833711,0.01674699979048455
2,url,https://crescentuni-portal.work/docs/view?id=21,phishing,PHISHING,5,4,U3;U6,True,block_redirect,True,6614.683374028,6614.683389859,0.015831000382604543
2,url,http://login.secure.crescent-uni-id.gq/verify,phishing,PHISHING,7,4,U3;U4;U5;U6,True,block_redirect,True,6614.683392725,6614.683408933,0.01620799957890995
2,url,http://198.51.100.176:9090/verify,phishing,PHISHING,4,4,U1;U5,True,block_redirect,True,6614.683412049,6614.683428792,0.016742999832786154
2,url,http://203.0.113.198/login/verify?id=24,phishing,PHISHING,4,4,U1;U5,True,block_redirect,True,6614.683431683,6614.683448832,0.017149000086646993
2,url,http://crescentuniversity.edu.ng@crescent-uni-verify-25.tk/reset,phishing,PHISHING,9,4,U2;U3;U5;U6,True,block_redirect,True,6614.683452058,6614.683467425,0.015367000742116943
2,url,http://secure-crescentuni-portal.top/account,phishing,PHISHING,6,4,U3;U5;U6,True,block_redirect,True,6614.683470369,6614.683486009,0.015640000128769316
2,url,https://crescent-portal.work/docs/view?id=27,phishing,PHISHING,5,4,U3;U6,True,block_redirect,True,6614.683489068,6614.683504696,0.015628000255674124
2,url,http://login.secure.crescent-id.gq/verify,phishing,PHISHING,7,4,U3;U4;U5;U6,True,block_redirect,True,6614.68350764,6614.68352375,0.016109999705804512
2,url,http://198.51.100.131:8080/verify,phishing,PHISHING,4,4,U1;U5,True,block_redirect,True,6614.68352728,6614.683544255,0.016975000107777305
2,url,http://203.0.113.217/login/verify?id=30,phishing,PHISHING,4,4,U1;U5,True,block_redirect,True,6614.683554705,6614.683572756,0.018051000552077312
2,url,http://crescentuniversity.edu.ng@crescent-uni-verify-31.tk/reset,phishing,PHISHING,9,4,U2;U3;U5;U6,True,block_redirect,True,6614.683575767,6614.6835918,0.016033000065363012
2,url,http://id-crescent-uni-verify.ga/account,phishing,PHISHING,6,4,U3;U5;U6,True,block_redirect,True,6614.683633327,6614.683778742,0.1454149996789056
2,url,https://crescentuni-portal.ga/docs/view?id=33,phishing,PHISHING,5,4,U3;U6,True,block_redirect,True,6614.683784006,6614.683801908,0.017901999854075257
2,url,http://login.secure.crescent-uni-id.tk/verify,phishing,PHISHING,7,4,U3;U4;U5;U6,True,block_redirect,True,6614.68380545,6614.68381969,0.014239999472920317
2,url,http://203.0.113.127:8080/verify,phishing,PHISHING,4,4,U1;U5,True,block_redirect,True,6614.68382283,6614.683838884,0.016053999388532247
2,url,http://203.0.113.226/login/verify?id=36,phishing,PHISHING,4,4,U1;U5,True,block_redirect,True,6614.683841417,6614.683856136,0.01471900031901896
2,url,http://crescentuniversity.edu.ng@crescentuni-verify-37.tk/reset,phishing,PHISHING,9,4,U2;U3;U5;U6,True,block_redirect,True,6614.683858798,6614.683872767,0.013969000065117143
2,url,http://secure-crescent-verify.ml/account,phishing,PHISHING,6,4,U3;U5;U6,True,block_redirect,True,6614.683875564,6614.683889477,0.013912999747844879
2,url,https://crescent-portal.work/docs/view?id=39,phishing,PHISHING,5,4,U3;U6,True,block_redirect,True,6614.683892237,6614.683907528,0.015291000636352692
2,url,http://login.secure.crescent-id.ga/verify,phishing,PHISHING,7,4,U3;U4;U5;U6,True,block_redirect,True,6614.683921875,6614.68393926,0.01738500031933654
2,url,http://203.0.113.244:9090/verify,phishing,PHISHING,4,4,U1;U5,True,block_redirect,True,6614.683942801,6614.683958635,0.01583399989613099
2,url,http://203.0.113.137/login/verify?id=42,phishing,PHISHING,4,4,U1;U5,True,block_redirect,True,6614.683961668,6614.683977354,0.015685999642300885
2,url,http://crescentuniversity.edu.ng@crescent-uni-verify-43.tk/reset,phishing,PHISHING,9,4,U2;U3;U5;U6,True,block_redirect,True,6614.683981159,6614.683995302,0.01414300004398683
2,url,http://login-crescentuni-alerts.cf/account,phishing,PHISHING,6,4,U3;U5;U6,True,block_redirect,True,6614.68400524,6614.684020255,0.015014999917184468
2,url,https://crescent-uni-portal.gq/docs/view?id=45,phishing,PHISHING,5,4,U3;U6,True,block_redirect,True,6614.684023511,6614.684044611,0.021099999685247894
2,url,http://login.secure.crescentuni-id.xyz/verify,phishing,PHISHING,7,4,U3;U4;U5;U6,True,block_redirect,True,6614.684047358,6614.68406268,0.015322000763262622
2,url,http://203.0.113.32:8080/verify,phishing,PHISHING,4,4,U1;U5,True,block_redirect,True,6614.684065515,6614.684083158,0.017643000319367275
2,url,http://198.51.100.88/login/verify?id=48,phishing,PHISHING,4,4,U1;U5,True,block_redirect,True,6614.684087123,6614.684101283,0.01416000031895237
2,url,http://crescentuniversity.edu.ng@crescent-verify-49.tk/reset,phishing,PHISHING,9,4,U2;U3;U5;U6,True,block_redirect,True,6614.684103439,6614.684114662,0.011223000001336914
2,url,http://id-crescent-uni-verify.cf/account,phishing,PHISHING,6,4,U3;U5;U6,True,block_redirect,True,6614.684121517,6614.684133532,0.012014999811071903
2,url,https://portal.crescentuniversity.edu.ng/resource/1,legitimate,LEGITIMATE,1,4,U4,False,allow,True,6614.684135711,6614.684147863,0.012152000635978766
2,url,https://drive.crescentuniversity.edu.ng/resource/2,legitimate,LEGITIMATE,1,4,U4,False,allow,True,6614.684149982,6614.684161568,0.011585999345697928
2,url,https://portal.crescentuniversity.edu.ng/resource/3,legitimate,LEGITIMATE,1,4,U4,False,allow,True,6614.684163675,6614.68417512,0.011445000382082071
2,url,https://accounts.google.com/signin,legitimate,LEGITIMATE,0,4,,False,allow,True,6614.684177103,6614.684188458,0.011354999514878727
2,url,https://drive.crescentuniversity.edu.ng/resource/5,legitimate,LEGITIMATE,1,4,U4,False,allow,True,6614.684190589,6614.684202001,0.011412000276322942
2,url,https://portal.crescentuniversity.edu.ng/resource/6,legitimate,LEGITIMATE,1,4,U4,False,allow,True,6614.684204159,6614.684215562,0.011402999916754197
2,url,https://library.crescentuniversity.edu.ng/resource/7,legitimate,LEGITIMATE,1,4,U4,False,allow,True,6614.684217704,6614.684229214,0.011510000149428379
2,url,https://www.wikipedia.org/wiki/Security,legitimate,LEGITIMATE,0,4,,False,allow,True,6614.684231447,6614.684243051,0.011604000064835418
2,url,https://mail.crescentuniversity.edu.ng/resource/9,legitimate,LEGITIMATE,1,4,U4,False,allow,True,6614.68424511,6614.68425669,0.011580000318645034
2,url,https://registrar.crescentuniversity.edu.ng/resource/10,legitimate,LEGITIMATE,1,4,U4,False,allow,True,6614.684261055,6614.68427348,0.012425000022631139
2,url,https://bursary.crescentuniversity.edu.ng/resource/11,legitimate,LEGITIMATE,1,4,U4,False,allow,True,6614.684275535,6614.684287379,0.011844000255223364
2,url,https://zoom.us/signin,legitimate,LEGITIMATE,0,4,,False,allow,True,6614.684289409,6614.684300617,0.011208000614715274
2,url,https://hostel.crescentuniversity.edu.ng/resource/13,legitimate,LEGITIMATE,1,4,U4,False,allow,True,6614.684302656,6614.684314539,0.011883000297530089
2,url,https://registrar.crescentuniversity.edu.ng/resource/14,legitimate,LEGITIMATE,1,4,U4,False,allow,True,6614.684316713,6614.68432911,0.012397000318742357
2,url,https://mail.crescentuniversity.edu.ng/resource/15,legitimate,LEGITIMATE,1,4,U4,False,allow,True,6614.684331172,6614.684343033,0.011860999620694201
2,url,https://accounts.google.com/signin,legitimate,LEGITIMATE,0,4,,False,allow,True,6614.684345595,6614.684357523,0.011927999366889708
2,url,https://elearning.crescentuniversity.edu.ng/resource/17,legitimate,LEGITIMATE,1,4,U4,False,allow,True,6614.684359807,6614.68437142,0.011613000424404163
2,url,https://elearning.crescentuniversity.edu.ng/resource/18,legitimate,LEGITIMATE,1,4,U4,False,allow,True,6614.684373552,6614.684384983,0.01143100053013768
2,url,https://hostel.crescentuniversity.edu.ng/resource/19,legitimate,LEGITIMATE,1,4,U4,False,allow,True,6614.68438744,6614.684398846,0.011405999430280644
2,url,https://accounts.google.com/signin,legitimate,LEGITIMATE,0,4,,False,allow,True,6614.684403532,6614.684415218,0.011686000107147265
2,url,https://hostel.crescentuniversity.edu.ng/resource/21,legitimate,LEGITIMATE,1,4,U4,False,allow,True,6614.684417315,6614.684428844,0.011528999493748415
2,url,https://exams.crescentuniversity.edu.ng/resource/22,legitimate,LEGITIMATE,1,4,U4,False,allow,True,6614.684430882,6614.684442364,0.011481999536044896
2,url,https://registrar.crescentuniversity.edu.ng/resource/23,legitimate,LEGITIMATE,1,4,U4,False,allow,True,6614.684444358,6614.684455823,0.011464999261079356
2,url,https://www.wikipedia.org/wiki/Security,legitimate,LEGITIMATE,0,4,,False,allow,True,6614.684457834,6614.684469069,0.011235000783926807
2,url,https://drive.crescentuniversity.edu.ng/resource/25,legitimate,LEGITIMATE,1,4,U4,False,allow,True,6614.684471112,6614.684482516,0.011403999451431446
2,url,https://exams.crescentuniversity.edu.ng/resource/26,legitimate,LEGITIMATE,1,4,U4,False,allow,True,6614.684484514,6614.684495859,0.011344999620632734
2,url,https://library.crescentuniversity.edu.ng/resource/27,legitimate,LEGITIMATE,1,4,U4,False,allow,True,6614.684498646,6614.684510117,0.011471000107121654
2,url,https://www.microsoft.com/en-us/security,legitimate,LEGITIMATE,0,4,,False,allow,True,6614.684512383,6614.684523684,0.011301000085950363
2,url,https://exams.crescentuniversity.edu.ng/resource/29,legitimate,LEGITIMATE,1,4,U4,False,allow,True,6614.684525743,6614.684537409,0.011665999409160577
2,url,https://hostel.crescentuniversity.edu.ng/resource/30,legitimate,LEGITIMATE,1,4,U4,False,allow,True,6614.684541449,6614.684553187,0.011738000466721132
2,url,https://portal.crescentuniversity.edu.ng/resource/31,legitimate,LEGITIMATE,1,4,U4,False,allow,True,6614.684555192,6614.684566758,0.011566000466700643
2,url,https://zoom.us/signin,legitimate,LEGITIMATE,0,4,,False,allow,True,6614.684569318,6614.68461976,0.050441999519534875
2,url,https://drive.crescentuniversity.edu.ng/resource/33,legitimate,LEGITIMATE,1,4,U4,False,allow,True,6614.684622898,6614.684678709,0.05581099958362756
2,url,https://portal.crescentuniversity.edu.ng/resource/34,legitimate,LEGITIMATE,1,4,U4,False,allow,True,6614.684681711,6614.684694873,0.013161999959265813
2,url,https://exams.crescentuniversity.edu.ng/resource/35,legitimate,LEGITIMATE,1,4,U4,False,allow,True,6614.684696983,6614.684708543,0.011559999620658346
2,url,https://zoom.us/signin,legitimate,LEGITIMATE,0,4,,False,allow,True,6614.684715734,6614.68472738,0.011646000530163292
2,url,https://library.crescentuniversity.edu.ng/resource/37,legitimate,LEGITIMATE,1,4,U4,False,allow,True,6614.68472951,6614.684740978,0.011468000593595207
2,url,https://drive.crescentuniversity.edu.ng/resource/38,legitimate,LEGITIMATE,1,4,U4,False,allow,True,6614.684743095,6614.68475464,0.011545000234036706
2,url,https://registrar.crescentuniversity.edu.ng/resource/39,legitimate,LEGITIMATE,1,4,U4,False,allow,True,6614.684756771,6614.684768219,0.011447999895608518
2,url,https://accounts.google.com/signin,legitimate,LEGITIMATE,0,4,,False,allow,True,6614.684772821,6614.684784513,0.011692000043694861
2,landing_page,clean_baseline_portal.html,legitimate,LEGITIMATE,0,4,,False,allow,True,6614.684786781,6614.684794979,0.008197999704862013
2,landing_page,clean_variant_sso.html,legitimate,LEGITIMATE,0,4,,False,allow,True,6614.68479714,6614.684803781,0.006640999345108867
2,landing_page,phish_variant_cross_domain_post.html,phishing,PHISHING,4,4,L1,True,reject_submission,True,6614.684805812,6614.684812933,0.007120999725884758
2,landing_page,phish_variant_hidden_fields.html,phishing,PHISHING,7,4,L1;L2,True,reject_submission,True,6614.684815052,6614.684822212,0.007159999768191483
2,landing_page,gen_clean_001.html,legitimate,LEGITIMATE,0,4,,False,allow,True,6614.684824375,6614.684830934,0.006559000212291721
2,landing_page,gen_clean_002.html,legitimate,LEGITIMATE,0,4,,False,allow,True,6614.684833024,6614.684839472,0.0064480000219191425
2,landing_page,gen_clean_003.html,legitimate,LEGITIMATE,0,4,,False,allow,True,6614.684841567,6614.684848014,0.006446999577747192
2,landing_page,gen_clean_004.html,legitimate,LEGITIMATE,0,4,,False,allow,True,6614.684850393,6614.684857097,0.006704000043100677
2,landing_page,gen_clean_005.html,legitimate,LEGITIMATE,0,4,,False,allow,True,6614.684859132,6614.684865504,0.006371999916154891
2,landing_page,gen_clean_006.html,legitimate,LEGITIMATE,0,4,,False,allow,True,6614.68486969,6614.684876321,0.006631000360357575
2,landing_page,gen_clean_007.html,legitimate,LEGITIMATE,0,4,,False,allow,True,6614.684878351,6614.684884746,0.006394999218173325
2,landing_page,gen_clean_008.html,legitimate,LEGITIMATE,0,4,,False,allow,True,6614.684887015,6614.684893457,0.0064420000853715464
2,landing_page,gen_phish_001.html,phishing,PHISHING,7,4,L1;L2,True,reject_submission,True,6614.684897403,6614.684904721,0.007317999916267581
2,landing_page,gen_phish_002.html,phishing,PHISHING,4,4,L1,True,reject_submission,True,6614.684906871,6614.684913702,0.006831000064266846
2,landing_page,gen_phish_003.html,phishing,PHISHING,7,4,L1;L2,True,reject_submission,True,6614.684915745,6614.684922792,0.007047000508464407
2,landing_page,gen_phish_004.html,phishing,PHISHING,4,4,L1,True,reject_submission,True,6614.684925085,6614.684932449,0.0073640003392938524
2,landing_page,gen_phish_005.html,phishing,PHISHING,7,4,L1;L2,True,reject_submission,True,6614.684934494,6614.684941754,0.007259999620146118
2,landing_page,gen_phish_006.html,phishing,PHISHING,4,4,L1,True,reject_submission,True,6614.684944166,6614.684951283,0.007117000677681062
2,landing_page,gen_phish_007.html,phishing,PHISHING,7,4,L1;L2,True,reject_submission,True,6614.684953412,6614.684960546,0.0071340000431519
2,landing_page,gen_phish_008.html,phishing,PHISHING,4,4,L1,True,reject_submission,True,6614.684969793,6614.684977653,0.007859999641368631
3,email,gen_legit_016_ict.eml,legitimate,LEGITIMATE,0,4,,False,allow,True,6614.684984249,6614.685078799,0.09454999963054433
3,email,gen_legit_017_bursary.eml,legitimate,LEGITIMATE,0,4,,False,allow,True,6614.685081128,6614.685157121,0.07599299988214625
3,email,gen_legit_018_security.eml,legitimate,LEGITIMATE,0,4,,False,allow,True,6614.685159213,6614.68523831,0.07909700070740655
3,email,gen_legit_019_registrar.eml,legitimate,LEGITIMATE,0,4,,False,allow,True,6614.685240318,6614.685323376,0.08305800020025345
3,email,gen_legit_020_examsoffice.eml,legitimate,LEGITIMATE,0,4,,False,allow,True,6614.685325927,6614.685404021,0.07809399994584965
3,email,gen_legit_021_scholarship.eml,legitimate,LEGITIMATE,0,4,,False,allow,True,6614.685406209,6614.685476008,0.06979899990255944
3,email,gen_legit_022_hostel.eml,legitimate,LEGITIMATE,0,4,,False,allow,True,6614.685478222,6614.685565905,0.08768299994699191
3,email,gen_legit_023_vc.eml,legitimate,LEGITIMATE,0,4,,False,allow,True,6614.685568843,6614.685674699,0.10585600011836505
3,email,gen_legit_024_timetable.eml,legitimate,LEGITIMATE,0,4,,False,allow,True,6614.685677335,6614.685744955,0.0676199997542426
3,email,gen_legit_025_ictupdate.eml,legitimate,LEGITIMATE,0,4,,False,allow,True,6614.685751807,6614.685820728,0.06892100009281421
3,email,gen_legit_026_library.eml,legitimate,LEGITIMATE,0,4,,False,allow,True,6614.685822874,6614.685886651,0.06377699992299313
3,email,gen_legit_027_survey.eml,legitimate,LEGITIMATE,0,4,,False,allow,True,6614.685888642,6614.685961781,0.07313900005101459
3,email,gen_legit_028_convocation.eml,legitimate,LEGITIMATE,0,4,,False,allow,True,6614.685963818,6614.686038851,0.07503300003008917
3,email,gen_legit_029_sug.eml,legitimate,LEGITIMATE,0,4,,False,allow,True,6614.686041028,6614.686116444,0.07541600007243687
3,email,gen_legit_030_transcript.eml,legitimate,LEGITIMATE,0,4,,False,allow,True,6614.686118452,6614.686185046,0.06659399969066726
3,email,gen_legit_046_ict.eml,legitimate,LEGITIMATE,0,4,,False,allow,True,6614.686187048,6614.686265496,0.07844799984013662
3,email,gen_legit_047_bursary.eml,legitimate,LEGITIMATE,0,4,,False,allow,True,6614.686267516,6614.686342307,0.07479099986085203
3,email,gen_legit_048_security.eml,legitimate,LEGITIMATE,0,4,,False,allow,True,6614.686344479,6614.686422562,0.0780830005169264
3,email,gen_legit_049_registrar.eml,legitimate,LEGITIMATE,0,4,,False,allow,True,6614.686426927,6614.686509783,0.08285599960800027
3,email,gen_legit_050_examsoffice.eml,legitimate,LEGITIMATE,0,4,,False,allow,True,6614.686513919,6614.686649998,0.1360789992759237
3,email,gen_legit_051_scholarship.eml,legitimate,LEGITIMATE,0,4,,False,allow,True,6614.686653455,6614.686727738,0.07428299977618735
3,email,gen_legit_052_hostel.eml,legitimate,LEGITIMATE,0,4,,False,allow,True,6614.686729769,6614.686799412,0.06964300064282725
3,email,gen_legit_053_vc.eml,legitimate,LEGITIMATE,0,4,,False,allow,True,6614.686801388,6614.686872765,0.07137699958548183
3,email,gen_legit_054_timetable.eml,legitimate,LEGITIMATE,0,4,,False,allow,True,6614.686874756,6614.686939816,0.06505999954242725
3,email,gen_legit_055_ictupdate.eml,legitimate,LEGITIMATE,0,4,,False,allow,True,6614.686942041,6614.687011118,0.06907699935254641
3,email,gen_legit_056_library.eml,legitimate,LEGITIMATE,0,4,,False,allow,True,6614.687013258,6614.687076586,0.06332800057862187
3,email,gen_legit_057_survey.eml,legitimate,LEGITIMATE,0,4,,False,allow,True,6614.687078613,6614.687151124,0.0725109994164086
3,email,gen_legit_058_convocation.eml,legitimate,LEGITIMATE,0,4,,False,allow,True,6614.687153123,6614.687227942,0.07481900047423551
3,email,gen_legit_059_sug.eml,legitimate,LEGITIMATE,0,4,,False,allow,True,6614.687229944,6614.687305278,0.07533400003012503
3,email,gen_legit_060_transcript.eml,legitimate,LEGITIMATE,0,4,,False,allow,True,6614.687312826,6614.687380136,0.067309999394638
3,email,gen_phish_001_ict.eml,phishing,PHISHING,5,4,E1;E2,True,warn_user,True,6614.687382166,6614.687439374,0.05720799981645541
3,email,gen_phish_002_bursary.eml,phishing,PHISHING,5,4,E1;E2,True,warn_user,True,6614.687441651,6614.687492022,0.05037099981564097
3,email,gen_phish_003_security.eml,phishing,PHISHING,5,4,E1;E2,True,warn_user,True,6614.687494443,6614.68759665,0.10220700005447725
3,email,gen_phish_004_registrar.eml,phishing,PHISHING,5,4,E1;E2,True,warn_user,True,6614.687600282,6614.687663439,0.06315700011327863
3,email,gen_phish_005_examsoffice.eml,phishing,PHISHING,7,4,E1;E2;E3,True,warn_user,True,6614.687665864,6614.687725295,0.05943099949945463
3,email,gen_phish_006_scholarship.eml,phishing,PHISHING,5,4,E1;E2,True,warn_user,True,6614.687728266,6614.687804596,0.07633000041096238
3,email,gen_phish_007_hostel.eml,phishing,PHISHING,5,4,E1;E2,True,warn_user,True,6614.687808692,6614.687923355,0.11466300020401832
3,email,gen_phish_008_vc.eml,phishing,PHISHING,5,4,E1;E2,True,warn_user,True,6614.687927773,6614.688005653,0.07787999948050128
3,email,gen_phish_009_timetable.eml,phishing,PHISHING,5,4,E1;E2,True,warn_user,True,6614.688009115,6614.688083537,0.07442200057994341
3,email,gen_phish_010_ictupdate.eml,phishing,PHISHING,7,4,E1;E2;E3,True,warn_user,True,6614.688096335,6614.688168593,0.07225799981824821
3,email,gen_phish_011_library.eml,phishing,PHISHING,5,4,E1;E2,True,warn_user,True,6614.688172098,6614.688258389,0.08629100011603441
3,email,gen_phish_012_survey.eml,phishing,PHISHING,5,4,E1;E2,True,warn_user,True,6614.688263267,6614.688323485,0.06021799981681397
3,email,gen_phish_013_convocation.eml,phishing,PHISHING,5,4,E1;E2,True,warn_user,True,6614.688325895,6614.68838439,0.05849499939358793
3,email,gen_phish_014_sug.eml,phishing,PHISHING,5,4,E1;E2,True,warn_user,True,6614.688386529,6614.688427904,0.04137499945500167
3,email,gen_phish_015_transcript.eml,phishing,PHISHING,7,4,E1;E2;E3,True,warn_user,True,6614.688430228,6614.688525161,0.09493300058238674
3,email,gen_phish_031_ict.eml,phishing,PHISHING,5,4,E1;E2,True,warn_user,True,6614.68861467,6614.688696959,0.08228899969253689
3,email,gen_phish_032_bursary.eml,phishing,PHISHING,5,4,E1;E2,True,warn_user,True,6614.68870102,6614.688760624,0.05960399994364707
3,email,gen_phish_033_security.eml,phishing,PHISHING,5,4,E1;E2,True,warn_user,True,6614.688763468,6614.688814816,0.05134799994266359
3,email,gen_phish_034_registrar.eml,phishing,PHISHING,5,4,E1;E2,True,warn_user,True,6614.688816997,6614.688891791,0.07479400028387317
3,email,gen_phish_035_examsoffice.eml,phishing,PHISHING,7,4,E1;E2;E3,True,warn_user,True,6614.688905862,6614.689003056,0.09719399986352073
3,email,gen_phish_036_scholarship.eml,phishing,PHISHING,5,4,E1;E2,True,warn_user,True,6614.68900522,6614.689054684,0.04946400076732971
3,email,gen_phish_037_hostel.eml,phishing,PHISHING,5,4,E1;E2,True,warn_user,True,6614.689059097,6614.689112624,0.05352700009098044
3,email,gen_phish_038_vc.eml,phishing,PHISHING,5,4,E1;E2,True,warn_user,True,6614.689115003,6614.689165179,0.05017600051360205
3,email,gen_phish_039_timetable.eml,phishing,PHISHING,5,4,E1;E2,True,warn_user,True,6614.689167676,6614.689223269,0.055593000070075504
3,email,gen_phish_040_ictupdate.eml,phishing,PHISHING,7,4,E1;E2;E3,True,warn_user,True,6614.68922539,6614.689280786,0.05539600078918738
3,email,gen_phish_041_library.eml,phishing,PHISHING,5,4,E1;E2,True,warn_user,True,6614.68928295,6614.689332211,0.04926099973090459
3,email,gen_phish_042_survey.eml,phishing,PHISHING,5,4,E1;E2,True,warn_user,True,6614.689334362,6614.689426145,0.09178299933410017
3,email,gen_phish_043_convocation.eml,phishing,PHISHING,5,4,E1;E2,True,warn_user,True,6614.68942826,6614.689543155,0.11489500047900947
3,email,gen_phish_044_sug.eml,phishing,PHISHING,5,4,E1;E2,True,warn_user,True,6614.689546159,6614.689590337,0.04417799937073141
3,email,gen_phish_045_transcript.eml,phishing,PHISHING,7,4,E1;E2;E3,True,warn_user,True,6614.689596911,6614.689650171,0.05325999973138096
3,url,http://crescentuniversity.edu.ng@crescentuni-verify-1.tk/reset,phishing,PHISHING,9,4,U2;U3;U5;U6,True,block_redirect,True,6614.68965233,6614.689670385,0.018054999600281008
3,url,http://portal-crescentuni.cf/account,phishing,PHISHING,6,4,U3;U5;U6,True,block_redirect,True,6614.68967292,6614.689684451,0.011531000382092316
3,url,https://crescent-uni-portal.xyz/docs/view?id=3,phishing,PHISHING,5,4,U3;U6,True,block_redirect,True,6614.689686822,6614.689698311,0.011488999916764442
3,url,http://login.secure.crescent-id.cf/verify,phishing,PHISHING,7,4,U3;U4;U5;U6,True,block_redirect,True,6614.689700454,6614.689712277,0.011823000022559427
3,url,http://203.0.113.104:8443/verify,phishing,PHISHING,4,4,U1;U5,True,block_redirect,True,6614.689714461,6614.689727816,0.01335500019195024
3,url,http://198.51.100.235/login/verify?id=6,phishing,PHISHING,4,4,U1;U5,True,block_redirect,True,6614.68973045,6614.689743686,0.013236000086180866
3,url,http://crescentuniversity.edu.ng@crescent-uni-verify-7.tk/reset,phishing,PHISHING,9,4,U2;U3;U5;U6,True,block_redirect,True,6614.689745811,6614.689756925,0.011114000699308235
3,url,http://verify-crescent-uni-verify.work/account,phishing,PHISHING,6,4,U3;U5;U6,True,block_redirect,True,6614.689759038,6614.689771044,0.012005999451503158
3,url,https://crescentuni-portal.work/docs/view?id=9,phishing,PHISHING,5,4,U3;U6,True,block_redirect,True,6614.689773302,6614.689785144,0.011842000276374165
3,url,http://login.secure.crescent-id.gq/verify,phishing,PHISHING,7,4,U3;U4;U5;U6,True,block_redirect,True,6614.689789281,6614.689801295,0.012013999366899952
3,url,http://198.51.100.192:9090/verify,phishing,PHISHING,4,4,U1;U5,True,block_redirect,True,6614.689803501,6614.689816154,0.012653000339923892
3,url,http://203.0.113.193/login/verify?id=12,phishing,PHISHING,4,4,U1;U5,True,block_redirect,True,6614.689818226,6614.689830445,0.01221899947267957
3,url,http://crescentuniversity.edu.ng@crescent-uni-verify-13.tk/reset,phishing,PHISHING,9,4,U2;U3;U5;U6,True,block_redirect,True,6614.689832497,6614.689843366,0.010869000107049942
3,url,http://id-crescentuni-secure.xyz/account,phishing,PHISHING,6,4,U3;U5;U6,True,block_redirect,True,6614.689845502,6614.689857085,0.011582999832171481
3,url,https://crescent-portal.ga/docs/view?id=15,phishing,PHISHING,5,4,U3;U6,True,block_redirect,True,6614.689859181,6614.689869945,0.01076399985322496
3,url,http://login.secure.crescent-uni-id.work/verify,phishing,PHISHING,7,4,U3;U4;U5;U6,True,block_redirect,True,6614.68987207,6614.689884233,0.012163000064902008
3,url,http://198.51.100.222:8080/verify,phishing,PHISHING,4,4,U1;U5,True,block_redirect,True,6614.68988638,6614.689898729,0.012348999916866887
3,url,http://198.51.100.204/login/verify?id=18,phishing,PHISHING,4,4,U1;U5,True,block_redirect,True,6614.689901299,6614.689913724,0.012425000022631139
3,url,http://crescentuniversity.edu.ng@crescent-uni-verify-19.tk/reset,phishing,PHISHING,9,4,U2;U3;U5;U6,True,block_redirect,True,6614.689915897,6614.689926638,0.010740999641711824
3,url,http://id-crescentuni-login.top/account,phishing,PHISHING,6,4,U3;U5;U6,True,block_redirect,True,6614.689930755,6614.689942827,0.012071999663021415
3,url,https://crescentuni-portal.work/docs/view?id=21,phishing,PHISHING,5,4,U3;U6,True,block_redirect,True,6614.689944948,6614.689956657,0.0117090003186604
3,url,http://login.secure.crescent-uni-id.gq/verify,phishing,PHISHING,7,4,U3;U4;U5;U6,True,block_redirect,True,6614.689958931,6614.689970562,0.011631000234046951
3,url,http://198.51.100.176:9090/verify,phishing,PHISHING,4,4,U1;U5,True,block_redirect,True,6614.689972753,6614.689985321,0.012567999874590896
3,url,http://203.0.113.198/login/verify?id=24,phishing,PHISHING,4,4,U1;U5,True,block_redirect,True,6614.689987386,6614.689999669,0.01228299970534863
3,url,http://crescentuniversity.edu.ng@crescent-uni-verify-25.tk/reset,phishing,PHISHING,9,4,U2;U3;U5;U6,True,block_redirect,True,6614.69000178,6614.690012489,0.010708999980124645
3,url,http://secure-crescentuni-portal.top/account,phishing,PHISHING,6,4,U3;U5;U6,True,block_redirect,True,6614.690014601,6614.690026283,0.011682000149448868
3,url,https://crescent-portal.work/docs/view?id=27,phishing,PHISHING,5,4,U3;U6,True,block_redirect,True,6614.690028409,6614.690040055,0.011646000530163292
3,url,http://login.secure.crescent-id.gq/verify,phishing,PHISHING,7,4,U3;U4;U5;U6,True,block_redirect,True,6614.690042114,6614.690053583,0.011469000128272455
3,url,http://198.51.100.131:8080/verify,phishing,PHISHING,4,4,U1;U5,True,block_redirect,True,6614.690055825,6614.690068156,0.0123310001072241
3,url,http://203.0.113.217/login/verify?id=30,phishing,PHISHING,4,4,U1;U5,True,block_redirect,True,6614.690072259,6614.690084935,0.012676000551437028
3,url,http://crescentuniversity.edu.ng@crescent-uni-verify-31.tk/reset,phishing,PHISHING,9,4,U2;U3;U5;U6,True,block_redirect,True,6614.690087065,6614.690098019,0.010954000572382938
3,url,http://id-crescent-uni-verify.ga/account,phishing,PHISHING,6,4,U3;U5;U6,True,block_redirect,True,6614.690100146,6614.690111032,0.01088599947252078
3,url,https://crescentuni-portal.ga/docs/view?id=33,phishing,PHISHING,5,4,U3;U6,True,block_redirect,True,6614.690113147,6614.690123855,0.010707999535952695
3,url,http://login.secure.crescent-uni-id.tk/verify,phishing,PHISHING,7,4,U3;U4;U5;U6,True,block_redirect,True,6614.690126143,6614.690138269,0.012126000001444481
3,url,http://203.0.113.127:8080/verify,phishing,PHISHING,4,4,U1;U5,True,block_redirect,True,6614.690141881,6614.690154544,0.012662999324675184
3,url,http://203.0.113.226/login/verify?id=36,phishing,PHISHING,4,4,U1;U5,True,block_redirect,True,6614.690159868,6614.690172467,0.012599000001500826
3,url,http://crescentuniversity.edu.ng@crescentuni-verify-37.tk/reset,phishing,PHISHING,9,4,U2;U3;U5;U6,True,block_redirect,True,6614.690174588,6614.69018539,0.010801999451359734
3,url,http://secure-crescent-verify.ml/account,phishing,PHISHING,6,4,U3;U5;U6,True,block_redirect,True,6614.690187526,6614.690198212,0.01068599976861151
3,url,https://crescent-portal.work/docs/view?id=39,phishing,PHISHING,5,4,U3;U6,True,block_redirect,True,6614.69020041,6614.690212166,0.011755999366869219
3,url,http://login.secure.crescent-id.ga/verify,phishing,PHISHING,7,4,U3;U4;U5;U6,True,block_redirect,True,6614.690216301,6614.690227948,0.01164700006484054
3,url,http://203.0.113.244:9090/verify,phishing,PHISHING,4,4,U1;U5,True,block_redirect,True,6614.690230166,6614.690242644,0.012477999916882254
3,url,http://203.0.113.137/login/verify?id=42,phishing,PHISHING,4,4,U1;U5,True,block_redirect,True,6614.690244729,6614.690257069,0.012339999557298142
3,url,http://crescentuniversity.edu.ng@crescent-uni-verify-43.tk/reset,phishing,PHISHING,9,4,U2;U3;U5;U6,True,block_redirect,True,6614.690259188,6614.69027006,0.010872000530071091
3,url,http://login-crescentuni-alerts.cf/account,phishing,PHISHING,6,4,U3;U5;U6,True,block_redirect,True,6614.690274234,6614.690285899,0.011664999874483328
3,url,https://crescent-uni-portal.gq/docs/view?id=45,phishing,PHISHING,5,4,U3;U6,True,block_redirect,True,6614.690288115,6614.690299692,0.011576999895623885
3,url,http://login.secure.crescentuni-id.xyz/verify,phishing,PHISHING,7,4,U3;U4;U5;U6,True,block_redirect,True,6614.690301844,6614.690313693,0.01184899974759901
3,url,http://203.0.113.32:8080/verify,phishing,PHISHING,4,4,U1;U5,True,block_redirect,True,6614.690315823,6614.690328334,0.012511000022641383
3,url,http://198.51.100.88/login/verify?id=48,phishing,PHISHING,4,4,U1;U5,True,block_redirect,True,6614.690330485,6614.690342802,0.012316999345785007
3,url,http://crescentuniversity.edu.ng@crescent-verify-49.tk/reset,phishing,PHISHING,9,4,U2;U3;U5;U6,True,block_redirect,True,6614.690344879,6614.690355711,0.010832000043592416
3,url,http://id-crescent-uni-verify.cf/account,phishing,PHISHING,6,4,U3;U5;U6,True,block_redirect,True,6614.690360162,6614.690371489,0.011327000720484648
3,url,https://portal.crescentuniversity.edu.ng/resource/1,legitimate,LEGITIMATE,1,4,U4,False,allow,True,6614.690373599,6614.690385473,0.011873999937961344
3,url,https://drive.crescentuniversity.edu.ng/resource/2,legitimate,LEGITIMATE,1,4,U4,False,allow,True,6614.690387565,6614.690399246,0.01168100061477162
3,url,https://portal.crescentuniversity.edu.ng/resource/3,legitimate,LEGITIMATE,1,4,U4,False,allow,True,6614.690401302,6614.690412847,0.011544999324542005
3,url,https://accounts.google.com/signin,legitimate,LEGITIMATE,0,4,,False,allow,True,6614.690414893,6614.690441132,0.026239000362693332
3,url,https://drive.crescentuniversity.edu.ng/resource/5,legitimate,LEGITIMATE,1,4,U4,False,allow,True,6614.690443948,6614.690459401,0.015452999832632486
3,url,https://portal.crescentuniversity.edu.ng/resource/6,legitimate,LEGITIMATE,1,4,U4,False,allow,True,6614.69046207,6614.690516554,0.05448400042951107
3,url,https://library.crescentuniversity.edu.ng/resource/7,legitimate,LEGITIMATE,1,4,U4,False,allow,True,6614.690520037,6614.690535369,0.015331999748013914
3,url,https://www.wikipedia.org/wiki/Security,legitimate,LEGITIMATE,0,4,,False,allow,True,6614.690537935,6614.690555739,0.01780399998096982
3,url,https://mail.crescentuniversity.edu.ng/resource/9,legitimate,LEGITIMATE,1,4,U4,False,allow,True,6614.690558979,6614.690580206,0.021226999706414063
3,url,https://registrar.crescentuniversity.edu.ng/resource/10,legitimate,LEGITIMATE,1,4,U4,False,allow,True,6614.690589585,6614.690606872,0.017286999536736403
3,url,https://bursary.crescentuniversity.edu.ng/resource/11,legitimate,LEGITIMATE,1,4,U4,False,allow,True,6614.690609328,6614.690620996,0.011667999388009775
3,url,https://zoom.us/signin,legitimate,LEGITIMATE,0,4,,False,allow,True,6614.69062316,6614.690634351,0.011191000339749735
3,url,https://hostel.crescentuniversity.edu.ng/resource/13,legitimate,LEGITIMATE,1,4,U4,False,allow,True,6614.690636351,6614.690647758,0.011406999874452595
3,url,https://registrar.crescentuniversity.edu.ng/resource/14,legitimate,LEGITIMATE,1,4,U4,False,allow,True,6614.690649828,6614.690661205,0.011377000191714615
3,url,https://mail.crescentuniversity.edu.ng/resource/15,legitimate,LEGITIMATE,1,4,U4,False,allow,True,6614.690663205,6614.690674533,0.011327999345667195
3,url,https://accounts.google.com/signin,legitimate,LEGITIMATE,0,4,,False,allow,True,6614.690676643,6614.690687957,0.011313999493722804
3,url,https://elearning.crescentuniversity.edu.ng/resource/17,legitimate,LEGITIMATE,1,4,U4,False,allow,True,6614.690690065,6614.690701456,0.011391000043659005
3,url,https://elearning.crescentuniversity.edu.ng/resource/18,legitimate,LEGITIMATE,1,4,U4,False,allow,True,6614.690703467,6614.690715072,0.011604999599512666
3,url,https://hostel.crescentuniversity.edu.ng/resource/19,legitimate,LEGITIMATE,1,4,U4,False,allow,True,6614.690717135,6614.69072857,0.011434999578341376
3,url,https://accounts.google.com/signin,legitimate,LEGITIMATE,0,4,,False,allow,True,6614.690734327,6614.690746142,0.01181499919766793
3,url,https://hostel.crescentuniversity.edu.ng/resource/21,legitimate,LEGITIMATE,1,4,U4,False,allow,True,6614.690748239,6614.690759769,0.011529999937920365
3,url,https://exams.crescentuniversity.edu.ng/resource/22,legitimate,LEGITIMATE,1,4,U4,False,allow,True,6614.690761807,6614.690773364,0.011557000107131898
3,url,https://registrar.crescentuniversity.edu.ng/resource/23,legitimate,LEGITIMATE,1,4,U4,False,allow,True,6614.690775365,6614.690786884,0.011518999599502422
3,url,https://www.wikipedia.org/wiki/Security,legitimate,LEGITIMATE,0,4,,False,allow,True,6614.690788882,6614.69080015,0.011267999980191234
3,url,https://drive.crescentuniversity.edu.ng/resource/25,legitimate,LEGITIMATE,1,4,U4,False,allow,True,6614.69080222,6614.690813683,0.01146300019172486
3,url,https://exams.crescentuniversity.edu.ng/resource/26,legitimate,LEGITIMATE,1,4,U4,False,allow,True,6614.69081569,6614.690827079,0.011389000064809807
3,url,https://library.crescentuniversity.edu.ng/resource/27,legitimate,LEGITIMATE,1,4,U4,False,allow,True,6614.690829285,6614.690840816,0.011530999472597614
3,url,https://www.microsoft.com/en-us/security,legitimate,LEGITIMATE,0,4,,False,allow,True,6614.690842798,6614.690853988,0.011189999895577785
3,url,https://exams.crescentuniversity.edu.ng/resource/29,legitimate,LEGITIMATE,1,4,U4,False,allow,True,6614.690856052,6614.690867474,0.011422000170568936
3,url,https://hostel.crescentuniversity.edu.ng/resource/30,legitimate,LEGITIMATE,1,4,U4,False,allow,True,6614.690871628,6614.690883531,0.011902999176527373
3,url,https://portal.crescentuniversity.edu.ng/resource/31,legitimate,LEGITIMATE,1,4,U4,False,allow,True,6614.69088553,6614.690896983,0.011453000297478866
3,url,https://zoom.us/signin,legitimate,LEGITIMATE,0,4,,False,allow,True,6614.690899015,6614.690910234,0.011219000043638516
3,url,https://drive.crescentuniversity.edu.ng/resource/33,legitimate,LEGITIMATE,1,4,U4,False,allow,True,6614.690912309,6614.690923851,0.011541999811015557
3,url,https://portal.crescentuniversity.edu.ng/resource/34,legitimate,LEGITIMATE,1,4,U4,False,allow,True,6614.690926045,6614.690937612,0.011567000001377892
3,url,https://exams.crescentuniversity.edu.ng/resource/35,legitimate,LEGITIMATE,1,4,U4,False,allow,True,6614.690939646,6614.690951415,0.011769000593631063
3,url,https://zoom.us/signin,legitimate,LEGITIMATE,0,4,,False,allow,True,6614.69095537,6614.690966912,0.011541999811015557
3,url,https://library.crescentuniversity.edu.ng/resource/37,legitimate,LEGITIMATE,1,4,U4,False,allow,True,6614.690969047,6614.690980512,0.011465000170574058
3,url,https://drive.crescentuniversity.edu.ng/resource/38,legitimate,LEGITIMATE,1,4,U4,False,allow,True,6614.690982593,6614.690994065,0.011472000551293604
3,url,https://registrar.crescentuniversity.edu.ng/resource/39,legitimate,LEGITIMATE,1,4,U4,False,allow,True,6614.690996128,6614.691007737,0.011609000466705766
3,url,https://accounts.google.com/signin,legitimate,LEGITIMATE,0,4,,False,allow,True,6614.691011898,6614.691023545,0.011646999155345839
3,landing_page,clean_baseline_portal.html,legitimate,LEGITIMATE,0,4,,False,allow,True,6614.691025705,6614.691033673,0.007967999408720061
3,landing_page,clean_variant_sso.html,legitimate,LEGITIMATE,0,4,,False,allow,True,6614.69103771,6614.691044406,0.006696000127703883
3,landing_page,phish_variant_cross_domain_post.html,phishing,PHISHING,4,4,L1,True,reject_submission,True,6614.691046431,6614.691053437,0.007005999577813782
3,landing_page,phish_variant_hidden_fields.html,phishing,PHISHING,7,4,L1;L2,True,reject_submission,True,6614.691055565,6614.691062606,0.007040999662422109
3,landing_page,gen_clean_001.html,legitimate,LEGITIMATE,0,4,,False,allow,True,6614.691064751,6614.691071489,0.006737999683537055
3,landing_page,gen_clean_002.html,legitimate,LEGITIMATE,0,4,,False,allow,True,6614.691073557,6614.691079877,0.006320000466075726
3,landing_page,gen_clean_003.html,legitimate,LEGITIMATE,0,4,,False,allow,True,6614.691081929,6614.69108822,0.006291000318014994
3,landing_page,gen_clean_004.html,legitimate,LEGITIMATE,0,4,,False,allow,True,6614.691090236,6614.691096508,0.006272000064200256
3,landing_page,gen_clean_005.html,legitimate,LEGITIMATE,0,4,,False,allow,True,6614.691098474,6614.691104678,0.0062039998738327995
3,landing_page,gen_clean_006.html,legitimate,LEGITIMATE,0,4,,False,allow,True,6614.691108713,6614.69111536,0.0066470001911511645
3,landing_page,gen_clean_007.html,legitimate,LEGITIMATE,0,4,,False,allow,True,6614.691117396,6614.691123684,0.006287999894993845
3,landing_page,gen_clean_008.html,legitimate,LEGITIMATE,0,4,,False,allow,True,6614.691125774,6614.691132053,0.0062789995354251005
3,landing_page,gen_phish_001.html,phishing,PHISHING,7,4,L1;L2,True,reject_submission,True,6614.691134022,6614.691141154,0.0071320000643027015
3,landing_page,gen_phish_002.html,phishing,PHISHING,4,4,L1,True,reject_submission,True,6614.691143242,6614.691149917,0.006674999895039946
3,landing_page,gen_phish_003.html,phishing,PHISHING,7,4,L1;L2,True,reject_submission,True,6614.691151976,6614.691158819,0.006842999937362038
3,landing_page,gen_phish_004.html,phishing,PHISHING,4,4,L1,True,reject_submission,True,6614.691160967,6614.691167707,0.006740000571880955
3,landing_page,gen_phish_005.html,phishing,PHISHING,7,4,L1;L2,True,reject_submission,True,6614.69116975,6614.691176644,0.0068939998527639546
3,landing_page,gen_phish_006.html,phishing,PHISHING,4,4,L1,True,reject_submission,True,6614.691178753,6614.691185474,0.006721000318066217
3,landing_page,gen_phish_007.html,phishing,PHISHING,7,4,L1;L2,True,reject_submission,True,6614.691187478,6614.691194243,0.006764999852748588
3,landing_page,gen_phish_008.html,phishing,PHISHING,4,4,L1,True,reject_submission,True,6614.691198197,6614.691205118,0.0069210000219754875
4,email,gen_legit_016_ict.eml,legitimate,LEGITIMATE,0,4,,False,allow,True,6614.691210431,6614.691294751,0.08431999958702363
4,email,gen_legit_017_bursary.eml,legitimate,LEGITIMATE,0,4,,False,allow,True,6614.691297182,6614.691372625,0.0754430002416484
4,email,gen_legit_018_security.eml,legitimate,LEGITIMATE,0,4,,False,allow,True,6614.691374755,6614.691511787,0.13703200056625064
4,email,gen_legit_019_registrar.eml,legitimate,LEGITIMATE,0,4,,False,allow,True,6614.691514628,6614.69160145,0.08682200041221222
4,email,gen_legit_020_examsoffice.eml,legitimate,LEGITIMATE,0,4,,False,allow,True,6614.69160355,6614.691678079,0.0745289999031229
4,email,gen_legit_021_scholarship.eml,legitimate,LEGITIMATE,0,4,,False,allow,True,6614.69168032,6614.691750355,0.07003500013524899
4,email,gen_legit_022_hostel.eml,legitimate,LEGITIMATE,0,4,,False,allow,True,6614.691755248,6614.691830337,0.07508900034736143
4,email,gen_legit_023_vc.eml,legitimate,LEGITIMATE,0,4,,False,allow,True,6614.691832443,6614.6919039,0.07145700055843918
4,email,gen_legit_024_timetable.eml,legitimate,LEGITIMATE,0,4,,False,allow,True,6614.691906407,6614.691971711,0.0653040006000083
4,email,gen_legit_025_ictupdate.eml,legitimate,LEGITIMATE,0,4,,False,allow,True,6614.691978394,6614.692047854,0.06945999939489411
4,email,gen_legit_026_library.eml,legitimate,LEGITIMATE,0,4,,False,allow,True,6614.69205005,6614.692113599,0.06354899960570037
4,email,gen_legit_027_survey.eml,legitimate,LEGITIMATE,0,4,,False,allow,True,6614.692115627,6614.692188659,0.07303199981834041
4,email,gen_legit_028_convocation.eml,legitimate,LEGITIMATE,0,4,,False,allow,True,6614.692190782,6614.692265953,0.07517100038967328
4,email,gen_legit_029_sug.eml,legitimate,LEGITIMATE,0,4,,False,allow,True,6614.692268075,6614.692343224,0.0751489997128374
4,email,gen_legit_030_transcript.eml,legitimate,LEGITIMATE,0,4,,False,allow,True,6614.692345238,6614.692448622,0.10338399988540914
4,email,gen_legit_046_ict.eml,legitimate,LEGITIMATE,0,4,,False,allow,True,6614.692451237,6614.692532091,0.08085400077106897
4,email,gen_legit_047_bursary.eml,legitimate,LEGITIMATE,0,4,,False,allow,True,6614.692534117,6614.692609206,0.07508900034736143
4,email,gen_legit_048_security.eml,legitimate,LEGITIMATE,0,4,,False,allow,True,6614.69261132,6614.692689976,0.07865600036893738
4,email,gen_legit_049_registrar.eml,legitimate,LEGITIMATE,0,4,,False,allow,True,6614.692695706,6614.69277974,0.08403399988310412
4,email,gen_legit_050_examsoffice.eml,legitimate,LEGITIMATE,0,4,,False,allow,True,6614.692783814,6614.692858403,0.07458900017809356
4,email,gen_legit_051_scholarship.eml,legitimate,LEGITIMATE,0,4,,False,allow,True,6614.692860494,6614.692929985,0.06949099952180404
4,email,gen_legit_052_hostel.eml,legitimate,LEGITIMATE,0,4,,False,allow,True,6614.692931998,6614.69300115,0.06915199992363341
4,email,gen_legit_053_vc.eml,legitimate,LEGITIMATE,0,4,,False,allow,True,6614.69300313,6614.69307449,0.07136000022001099
4,email,gen_legit_054_timetable.eml,legitimate,LEGITIMATE,0,4,,False,allow,True,6614.693076498,6614.693141503,0.06500500057882164
4,email,gen_legit_055_ictupdate.eml,legitimate,LEGITIMATE,0,4,,False,allow,True,6614.693143533,6614.693211975,0.06844200015621027
4,email,gen_legit_056_library.eml,legitimate,LEGITIMATE,0,4,,False,allow,True,6614.693214114,6614.693277382,0.0632680003036512
4,email,gen_legit_057_survey.eml,legitimate,LEGITIMATE,0,4,,False,allow,True,6614.693279376,6614.693352188,0.07281200032593915
4,email,gen_legit_058_convocation.eml,legitimate,LEGITIMATE,0,4,,False,allow,True,6614.693379339,6614.693497185,0.11784599973907461
4,email,gen_legit_059_sug.eml,legitimate,LEGITIMATE,0,4,,False,allow,True,6614.693499928,6614.693578836,0.07890799952292582
4,email,gen_legit_060_transcript.eml,legitimate,LEGITIMATE,0,4,,False,allow,True,6614.6935851,6614.693652622,0.06752199988113716
4,email,gen_phish_001_ict.eml,phishing,PHISHING,5,4,E1;E2,True,warn_user,True,6614.693654751,6614.693711868,0.05711699941457482
4,email,gen_phish_002_bursary.eml,phishing,PHISHING,5,4,E1;E2,True,warn_user,True,6614.693714079,6614.693764138,0.05005900038668187
4,email,gen_phish_003_security.eml,phishing,PHISHING,5,4,E1;E2,True,warn_user,True,6614.693766426,6614.693816422,0.04999599968869006
4,email,gen_phish_004_registrar.eml,phishing,PHISHING,5,4,E1;E2,True,warn_user,True,6614.693818793,6614.693878839,0.06004599981679348
4,email,gen_phish_005_examsoffice.eml,phishing,PHISHING,7,4,E1;E2;E3,True,warn_user,True,6614.693881043,6614.693932855,0.05181199958315119
4,email,gen_phish_006_scholarship.eml,phishing,PHISHING,5,4,E1;E2,True,warn_user,True,6614.69393501,6614.693986814,0.0518039996677544
4,email,gen_phish_007_hostel.eml,phishing,PHISHING,5,4,E1;E2,True,warn_user,True,6614.693988909,6614.694075016,0.08610700024291873
4,email,gen_phish_008_vc.eml,phishing,PHISHING,5,4,E1;E2,True,warn_user,True,6614.694077225,6614.694127809,0.050583999836817384
4,email,gen_phish_009_timetable.eml,phishing,PHISHING,5,4,E1;E2,True,warn_user,True,6614.69412996,6614.694185352,0.055391999921994284
4,email,gen_phish_010_ictupdate.eml,phishing,PHISHING,7,4,E1;E2;E3,True,warn_user,True,6614.694189927,6614.69424601,0.05608300034509739
4,email,gen_phish_011_library.eml,phishing,PHISHING,5,4,E1;E2,True,warn_user,True,6614.694248224,6614.694311651,0.06342699998640455
4,email,gen_phish_012_survey.eml,phishing,PHISHING,5,4,E1;E2,True,warn_user,True,6614.694314223,6614.69441016,0.09593699996912619
4,email,gen_phish_013_convocation.eml,phishing,PHISHING,5,4,E1;E2,True,warn_user,True,6614.694413111,6614.694473225,0.06011400000716094
4,email,gen_phish_014_sug.eml,phishing,PHISHING,5,4,E1;E2,True,warn_user,True,6614.69448537,6614.694526851,0.041481000152998604
4,email,gen_phish_015_transcript.eml,phishing,PHISHING,7,4,E1;E2;E3,True,warn_user,True,6614.694529066,6614.694578987,0.04992100002709776
4,email,gen_phish_031_ict.eml,phishing,PHISHING,5,4,E1;E2,True,warn_user,True,6614.694581178,6614.694637237,0.056059000598907005
4,email,gen_phish_032_bursary.eml,phishing,PHISHING,5,4,E1;E2,True,warn_user,True,6614.694639313,6614.694687075,0.0477619996672729
4,email,gen_phish_033_security.eml,phishing,PHISHING,5,4,E1;E2,True,warn_user,True,6614.694689148,6614.694737902,0.048754000090411864
4,email,gen_phish_034_registrar.eml,phishing,PHISHING,5,4,E1;E2,True,warn_user,True,6614.694740059,6614.694814572,0.0745130000723293
4,email,gen_phish_035_examsoffice.eml,phishing,PHISHING,7,4,E1;E2;E3,True,warn_user,True,6614.694819097,6614.694914696,0.09559899990563281
4,email,gen_phish_036_scholarship.eml,phishing,PHISHING,5,4,E1;E2,True,warn_user,True,6614.694916891,6614.694966164,0.04927300051349448
4,email,gen_phish_037_hostel.eml,phishing,PHISHING,5,4,E1;E2,True,warn_user,True,6614.694968656,6614.695025549,0.056892999964475166
4,email,gen_phish_038_vc.eml,phishing,PHISHING,5,4,E1;E2,True,warn_user,True,6614.695027634,6614.695077316,0.049681999371387064
4,email,gen_phish_039_timetable.eml,phishing,PHISHING,5,4,E1;E2,True,warn_user,True,6614.695079639,6614.695134962,0.05532300019694958
4,email,gen_phish_040_ictupdate.eml,phishing,PHISHING,7,4,E1;E2;E3,True,warn_user,True,6614.695137078,6614.695192374,0.055296000027738046
4,email,gen_phish_041_library.eml,phishing,PHISHING,5,4,E1;E2,True,warn_user,True,6614.695194497,6614.695243469,0.048972000513458624
4,email,gen_phish_042_survey.eml,phishing,PHISHING,5,4,E1;E2,True,warn_user,True,6614.695245635,6614.695373102,0.12746700031129876
4,email,gen_phish_043_convocation.eml,phishing,PHISHING,5,4,E1;E2,True,warn_user,True,6614.695375955,6614.695434231,0.058276000345358625
4,email,gen_phish_044_sug.eml,phishing,PHISHING,5,4,E1;E2,True,warn_user,True,6614.695436389,6614.695476639,0.04024999998364365
4,email,gen_phish_045_transcript.eml,phishing,PHISHING,7,4,E1;E2;E3,True,warn_user,True,6614.695482716,6614.695535437,0.05272100042930106
4,url,http://crescentuniversity.edu.ng@crescentuni-verify-1.tk/reset,phishing,PHISHING,9,4,U2;U3;U5;U6,True,block_redirect,True,6614.695537594,6614.695553175,0.015581000297970604
4,url,http://portal-crescentuni.cf/account,phishing,PHISHING,6,4,U3;U5;U6,True,block_redirect,True,6614.695555476,6614.695566922,0.01144599991675932
4,url,https://crescent-uni-portal.xyz/docs/view?id=3,phishing,PHISHING,5,4,U3;U6,True,block_redirect,True,6614.695569101,6614.695580628,0.011527000424393918
4,url,http://login.secure.crescent-id.cf/verify,phishing,PHISHING,7,4,U3;U4;U5;U6,True,block_redirect,True,6614.69558278,6614.695594486,0.011705999895639252
4,url,http://203.0.113.104:8443/verify,phishing,PHISHING,4,4,U1;U5,True,block_redirect,True,6614.695596632,6614.695609888,0.013255999874672852
4,url,http://198.51.100.235/login/verify?id=6,phishing,PHISHING,4,4,U1;U5,True,block_redirect,True,6614.695612436,6614.695625037,0.012600999980350025
4,url,http://crescentuniversity.edu.ng@crescent-uni-verify-7.tk/reset,phishing,PHISHING,9,4,U2;U3;U5;U6,True,block_redirect,True,6614.695627132,6614.69563822,0.01108800006477395
4,url,http://verify-crescent-uni-verify.work/account,phishing,PHISHING,6,4,U3;U5;U6,True,block_redirect,True,6614.695640365,6614.695652393,0.012028000128339045
4,url,https://crescentuni-portal.work/docs/view?id=9,phishing,PHISHING,5,4,U3;U6,True,block_redirect,True,6614.695654574,6614.695666489,0.011914999959117267
4,url,http://login.secure.crescent-id.gq/verify,phishing,PHISHING,7,4,U3;U4;U5;U6,True,block_redirect,True,6614.695670586,6614.695682628,0.012041999980283435
4,url,http://198.51.100.192:9090/verify,phishing,PHISHING,4,4,U1;U5,True,block_redirect,True,6614.695684866,6614.69569743,0.012563999916892499
4,url,http://203.0.113.193/login/verify?id=12,phishing,PHISHING,4,4,U1;U5,True,block_redirect,True,6614.695699465,6614.695711934,0.012469000466808211
4,url,http://crescentuniversity.edu.ng@crescent-uni-verify-13.tk/reset,phishing,PHISHING,9,4,U2;U3;U5;U6,True,block_redirect,True,6614.695713995,6614.695724885,0.010890000339713879
4,url,http://id-crescentuni-secure.xyz/account,phishing,PHISHING,6,4,U3;U5;U6,True,block_redirect,True,6614.695727014,6614.695738749,0.011735000043699984
4,url,https://crescent-portal.ga/docs/view?id=15,phishing,PHISHING,5,4,U3;U6,True,block_redirect,True,6614.69574086,6614.695751694,0.010834000022441614
4,url,http://login.secure.crescent-uni-id.work/verify,phishing,PHISHING,7,4,U3;U4;U5;U6,True,block_redirect,True,6614.695753788,6614.695766016,0.012227999832248315
4,url,http://198.51.100.222:8080/verify,phishing,PHISHING,4,4,U1;U5,True,block_redirect,True,6614.695768133,6614.695780896,0.01276300008612452
4,url,http://198.51.100.204/login/verify?id=18,phishing,PHISHING,4,4,U1;U5,True,block_redirect,True,6614.695783269,6614.69579567,0.012401000276440755
4,url,http://crescentuniversity.edu.ng@crescent-uni-verify-19.tk/reset,phishing,PHISHING,9,4,U2;U3;U5;U6,True,block_redirect,True,6614.695798018,6614.695809266,0.011248000191699248
4,url,http://id-crescentuni-login.top/account,phishing,PHISHING,6,4,U3;U5;U6,True,block_redirect,True,6614.695813412,6614.695825475,0.012063000212947372
4,url,https://crescentuni-portal.work/docs/view?id=21,phishing,PHISHING,5,4,U3;U6,True,block_redirect,True,6614.695827638,6614.69583942,0.011782000001403503
4,url,http://login.secure.crescent-uni-id.gq/verify,phishing,PHISHING,7,4,U3;U4;U5;U6,True,block_redirect,True,6614.695841524,6614.695855287,0.013763000424660277
4,url,http://198.51.100.176:9090/verify,phishing,PHISHING,4,4,U1;U5,True,block_redirect,True,6614.695857654,6614.695870316,0.012661999789997935
4,url,http://203.0.113.198/login/verify?id=24,phishing,PHISHING,4,4,U1;U5,True,block_redirect,True,6614.695872392,6614.695884728,0.012336000509094447
4,url,http://crescentuniversity.edu.ng@crescent-uni-verify-25.tk/reset,phishing,PHISHING,9,4,U2;U3;U5;U6,True,block_redirect,True,6614.695886851,6614.69589772,0.010869000107049942
4,url,http://secure-crescentuni-portal.top/account,phishing,PHISHING,6,4,U3;U5;U6,True,block_redirect,True,6614.695899852,6614.695911647,0.011794999409175944
4,url,https://crescent-portal.work/docs/view?id=27,phishing,PHISHING,5,4,U3;U6,True,block_redirect,True,6614.695913779,6614.69592548,0.011701000403263606
4,url,http://login.secure.crescent-id.gq/verify,phishing,PHISHING,7,4,U3;U4;U5;U6,True,block_redirect,True,6614.695927588,6614.695939202,0.011613999959081411
4,url,http://198.51.100.131:8080/verify,phishing,PHISHING,4,4,U1;U5,True,block_redirect,True,6614.695943505,6614.695956153,0.012647999938053545
4,url,http://203.0.113.217/login/verify?id=30,phishing,PHISHING,4,4,U1;U5,True,block_redirect,True,6614.695960415,6614.69597303,0.012614999832294416
4,url,http://crescentuniversity.edu.ng@crescent-uni-verify-31.tk/reset,phishing,PHISHING,9,4,U2;U3;U5;U6,True,block_redirect,True,6614.695975109,6614.695985901,0.010792000466608442
4,url,http://id-crescent-uni-verify.ga/account,phishing,PHISHING,6,4,U3;U5;U6,True,block_redirect,True,6614.695988058,6614.695998965,0.010907000614679419
4,url,https://crescentuni-portal.ga/docs/view?id=33,phishing,PHISHING,5,4,U3;U6,True,block_redirect,True,6614.696001107,6614.69601183,0.010723000741563737
4,url,http://login.secure.crescent-uni-id.tk/verify,phishing,PHISHING,7,4,U3;U4;U5;U6,True,block_redirect,True,6614.696014208,6614.696025504,0.011296000593574718
4,url,http://203.0.113.127:8080/verify,phishing,PHISHING,4,4,U1;U5,True,block_redirect,True,6614.696027693,6614.696040087,0.012393999895721208
4,url,http://203.0.113.226/login/verify?id=36,phishing,PHISHING,4,4,U1;U5,True,block_redirect,True,6614.696042162,6614.696054452,0.012290000086068176
4,url,http://crescentuniversity.edu.ng@crescentuni-verify-37.tk/reset,phishing,PHISHING,9,4,U2;U3;U5;U6,True,block_redirect,True,6614.696056558,6614.696067296,0.010738000128185377
4,url,http://secure-crescent-verify.ml/account,phishing,PHISHING,6,4,U3;U5;U6,True,block_redirect,True,6614.696069473,6614.69608021,0.010737000593508128
4,url,https://crescent-portal.work/docs/view?id=39,phishing,PHISHING,5,4,U3;U6,True,block_redirect,True,6614.696082329,6614.696093989,0.01165999947261298
4,url,http://login.secure.crescent-id.ga/verify,phishing,PHISHING,7,4,U3;U4;U5;U6,True,block_redirect,True,6614.69609808,6614.696109591,0.011510999684105627
4,url,http://203.0.113.244:9090/verify,phishing,PHISHING,4,4,U1;U5,True,block_redirect,True,6614.6961118,6614.696124308,0.012508000509114936
4,url,http://203.0.113.137/login/verify?id=42,phishing,PHISHING,4,4,U1;U5,True,block_redirect,True,6614.696126362,6614.696138669,0.012307000361033715
4,url,http://crescentuniversity.edu.ng@crescent-uni-verify-43.tk/reset,phishing,PHISHING,9,4,U2;U3;U5;U6,True,block_redirect,True,6614.696140769,6614.696151732,0.010963000022456981
4,url,http://login-crescentuni-alerts.cf/account,phishing,PHISHING,6,4,U3;U5;U6,True,block_redirect,True,6614.696155896,6614.696167453,0.011557000107131898
4,url,https://crescent-uni-portal.gq/docs/view?id=45,phishing,PHISHING,5,4,U3;U6,True,block_redirect,True,6614.696169637,6614.69618114,0.011502999768708833
4,url,http://login.secure.crescentuni-id.xyz/verify,phishing,PHISHING,7,4,U3;U4;U5;U6,True,block_redirect,True,6614.696183225,6614.696195135,0.011910000466741621
4,url,http://203.0.113.32:8080/verify,phishing,PHISHING,4,4,U1;U5,True,block_redirect,True,6614.696197269,6614.696209744,0.012475000403355807
4,url,http://198.51.100.88/login/verify?id=48,phishing,PHISHING,4,4,U1;U5,True,block_redirect,True,6614.69621186,6614.696224202,0.012341999536147341
4,url,http://crescentuniversity.edu.ng@crescent-verify-49.tk/reset,phishing,PHISHING,9,4,U2;U3;U5;U6,True,block_redirect,True,6614.696226287,6614.69623705,0.010762999409053009
4,url,http://id-crescent-uni-verify.cf/account,phishing,PHISHING,6,4,U3;U5;U6,True,block_redirect,True,6614.696241395,6614.696252813,0.011418000212870538
4,url,https://portal.crescentuniversity.edu.ng/resource/1,legitimate,LEGITIMATE,1,4,U4,False,allow,True,6614.696254957,6614.696266831,0.011873999937961344
4,url,https://drive.crescentuniversity.edu.ng/resource/2,legitimate,LEGITIMATE,1,4,U4,False,allow,True,6614.696268899,6614.696292814,0.02391500038356753
4,url,https://portal.crescentuniversity.edu.ng/resource/3,legitimate,LEGITIMATE,1,4,U4,False,allow,True,6614.696296026,6614.696309824,0.013798000509268604
4,url,https://accounts.google.com/signin,legitimate,LEGITIMATE,0,4,,False,allow,True,6614.696311882,6614.696345573,0.033690999771351926
4,url,https://drive.crescentuniversity.edu.ng/resource/5,legitimate,LEGITIMATE,1,4,U4,False,allow,True,6614.69634848,6614.696362167,0.013687000318896025
4,url,https://portal.crescentuniversity.edu.ng/resource/6,legitimate,LEGITIMATE,1,4,U4,False,allow,True,6614.696364252,6614.69637579,0.01153799985331716
4,url,https://library.crescentuniversity.edu.ng/resource/7,legitimate,LEGITIMATE,1,4,U4,False,allow,True,6614.696377857,6614.696389305,0.011447999895608518
4,url,https://www.wikipedia.org/wiki/Security,legitimate,LEGITIMATE,0,4,,False,allow,True,6614.696391699,6614.696403019,0.011320000339765102
4,url,https://mail.crescentuniversity.edu.ng/resource/9,legitimate,LEGITIMATE,1,4,U4,False,allow,True,6614.696405024,6614.696416775,0.011750999874493573
4,url,https://registrar.crescentuniversity.edu.ng/resource/10,legitimate,LEGITIMATE,1,4,U4,False,allow,True,6614.6964223,6614.696434321,0.012020999747619499
4,url,https://bursary.crescentuniversity.edu.ng/resource/11,legitimate,LEGITIMATE,1,4,U4,False,allow,True,6614.696436378,6614.696447921,0.011543000255187508
4,url,https://zoom.us/signin,legitimate,LEGITIMATE,0,4,,False,allow,True,6614.696449949,6614.696461219,0.011269999959040433
4,url,https://hostel.crescentuniversity.edu.ng/resource/13,legitimate,LEGITIMATE,1,4,U4,False,allow,True,6614.696463271,6614.696474724,0.011453000297478866
4,url,https://registrar.crescentuniversity.edu.ng/resource/14,legitimate,LEGITIMATE,1,4,U4,False,allow,True,6614.696476857,6614.696488366,0.01150900061475113
4,url,https://mail.crescentuniversity.edu.ng/resource/15,legitimate,LEGITIMATE,1,4,U4,False,allow,True,6614.696490355,6614.69650174,0.01138500010711141
4,url,https://accounts.google.com/signin,legitimate,LEGITIMATE,0,4,,False,allow,True,6614.696503853,6614.696515063,0.011210000593564473
4,url,https://elearning.crescentuniversity.edu.ng/resource/17,legitimate,LEGITIMATE,1,4,U4,False,allow,True,6614.696517196,6614.696528593,0.011396999980206601
4,url,https://elearning.crescentuniversity.edu.ng/resource/18,legitimate,LEGITIMATE,1,4,U4,False,allow,True,6614.696530639,6614.696541966,0.011326999810989946
4,url,https://hostel.crescentuniversity.edu.ng/resource/19,legitimate,LEGITIMATE,1,4,U4,False,allow,True,6614.696543993,6614.696555362,0.01136900027631782
4,url,https://accounts.google.com/signin,legitimate,LEGITIMATE,0,4,,False,allow,True,6614.696559631,6614.696571217,0.01158600025519263
4,url,https://hostel.crescentuniversity.edu.ng/resource/21,legitimate,LEGITIMATE,1,4,U4,False,allow,True,6614.696573385,6614.696585725,0.012339999557298142
4,url,https://exams.crescentuniversity.edu.ng/resource/22,legitimate,LEGITIMATE,1,4,U4,False,allow,True,6614.696587723,6614.696599252,0.011528999493748415
4,url,https://registrar.crescentuniversity.edu.ng/resource/23,legitimate,LEGITIMATE,1,4,U4,False,allow,True,6614.69660125,6614.696612707,0.011457000255177263
4,url,https://www.wikipedia.org/wiki/Security,legitimate,LEGITIMATE,0,4,,False,allow,True,6614.696614683,6614.696625916,0.011232999895582907
4,url,https://drive.crescentuniversity.edu.ng/resource/25,legitimate,LEGITIMATE,1,4,U4,False,allow,True,6614.696627991,6614.696639417,0.011426000128267333
4,url,https://exams.crescentuniversity.edu.ng/resource/26,legitimate,LEGITIMATE,1,4,U4,False,allow,True,6614.696641439,6614.69665281,0.011371000255167019
4,url,https://library.crescentuniversity.edu.ng/resource/27,legitimate,LEGITIMATE,1,4,U4,False,allow,True,6614.696654955,6614.696666482,0.011527000424393918
4,url,https://www.microsoft.com/en-us/security,legitimate,LEGITIMATE,0,4,,False,allow,True,6614.696668468,6614.696679667,0.01119900025514653
4,url,https://exams.crescentuniversity.edu.ng/resource/29,legitimate,LEGITIMATE,1,4,U4,False,allow,True,6614.69668167,6614.696693075,0.011405000805098098
4,url,https://hostel.crescentuniversity.edu.ng/resource/30,legitimate,LEGITIMATE,1,4,U4,False,allow,True,6614.696696979,6614.69670869,0.0117110002975096
4,url,https://portal.crescentuniversity.edu.ng/resource/31,legitimate,LEGITIMATE,1,4,U4,False,allow,True,6614.696712647,6614.696724384,0.011737000022549182
4,url,https://zoom.us/signin,legitimate,LEGITIMATE,0,4,,False,allow,True,6614.696726392,6614.696737433,0.011041000107070431
4,url,https://drive.crescentuniversity.edu.ng/resource/33,legitimate,LEGITIMATE,1,4,U4,False,allow,True,6614.696739507,6614.6967512,0.011693000487866811
4,url,https://portal.crescentuniversity.edu.ng/resource/34,legitimate,LEGITIMATE,1,4,U4,False,allow,True,6614.696753381,6614.696764744,0.011362999430275522
4,url,https://exams.crescentuniversity.edu.ng/resource/35,legitimate,LEGITIMATE,1,4,U4,False,allow,True,6614.696766903,6614.696778268,0.011365000318619423
4,url,https://zoom.us/signin,legitimate,LEGITIMATE,0,4,,False,allow,True,6614.696782355,6614.696793745,0.011389999599487055
4,url,https://library.crescentuniversity.edu.ng/resource/37,legitimate,LEGITIMATE,1,4,U4,False,allow,True,6614.696795826,6614.696807248,0.011422000170568936
4,url,https://drive.crescentuniversity.edu.ng/resource/38,legitimate,LEGITIMATE,1,4,U4,False,allow,True,6614.696809383,6614.696820774,0.011391000043659005
4,url,https://registrar.crescentuniversity.edu.ng/resource/39,legitimate,LEGITIMATE,1,4,U4,False,allow,True,6614.696822828,6614.696834192,0.011363999874447472
4,url,https://accounts.google.com/signin,legitimate,LEGITIMATE,0,4,,False,allow,True,6614.696838345,6614.696849922,0.011576999895623885
4,landing_page,clean_baseline_portal.html,legitimate,LEGITIMATE,0,4,,False,allow,True,6614.696852069,6614.696859583,0.007514000571973156
4,landing_page,clean_variant_sso.html,legitimate,LEGITIMATE,0,4,,False,allow,True,6614.696861706,6614.696868425,0.0067189994297223166
4,landing_page,phish_variant_cross_domain_post.html,phishing,PHISHING,4,4,L1,True,reject_submission,True,6614.696870475,6614.696877416,0.006940999810467474
4,landing_page,phish_variant_hidden_fields.html,phishing,PHISHING,7,4,L1;L2,True,reject_submission,True,6614.696879479,6614.696886426,0.00694699974701507
4,landing_page,gen_clean_001.html,legitimate,LEGITIMATE,0,4,,False,allow,True,6614.696888575,6614.696895023,0.0064480000219191425
4,landing_page,gen_clean_002.html,legitimate,LEGITIMATE,0,4,,False,allow,True,6614.69689708,6614.696903433,0.006353000571834855
4,landing_page,gen_clean_003.html,legitimate,LEGITIMATE,0,4,,False,allow,True,6614.696905486,6614.696911787,0.006301000212260988
4,landing_page,gen_clean_004.html,legitimate,LEGITIMATE,0,4,,False,allow,True,6614.696913819,6614.696920142,0.006322999979602173
4,landing_page,gen_clean_005.html,legitimate,LEGITIMATE,0,4,,False,allow,True,6614.696922163,6614.696928404,0.006240999937290326
4,landing_page,gen_clean_006.html,legitimate,LEGITIMATE,0,4,,False,allow,True,6614.696932337,6614.696938936,0.006598999789275695
4,landing_page,gen_clean_007.html,legitimate,LEGITIMATE,0,4,,False,allow,True,6614.696940968,6614.696947312,0.00634400021226611
4,landing_page,gen_clean_008.html,legitimate,LEGITIMATE,0,4,,False,allow,True,6614.696949367,6614.696955671,0.006303999725787435
4,landing_page,gen_phish_001.html,phishing,PHISHING,7,4,L1;L2,True,reject_submission,True,6614.696957649,6614.696964643,0.00699399970471859
4,landing_page,gen_phish_002.html,phishing,PHISHING,4,4,L1,True,reject_submission,True,6614.696966745,6614.696973428,0.0066829998104367405
4,landing_page,gen_phish_003.html,phishing,PHISHING,7,4,L1;L2,True,reject_submission,True,6614.696975494,6614.696982671,0.0071770000431570224
4,landing_page,gen_phish_004.html,phishing,PHISHING,4,4,L1,True,reject_submission,True,6614.696984833,6614.696991546,0.006713000402669422
4,landing_page,gen_phish_005.html,phishing,PHISHING,7,4,L1;L2,True,reject_submission,True,6614.696993648,6614.697000463,0.006815000233473256
4,landing_page,gen_phish_006.html,phishing,PHISHING,4,4,L1,True,reject_submission,True,6614.697002573,6614.697009162,0.006588999895029701
4,landing_page,gen_phish_007.html,phishing,PHISHING,7,4,L1;L2,True,reject_submission,True,6614.697011231,6614.697018097,0.006866000148875173
4,landing_page,gen_phish_008.html,phishing,PHISHING,4,4,L1,True,reject_submission,True,6614.697022146,6614.697029081,0.00693500078341458
5,email,gen_legit_016_ict.eml,legitimate,LEGITIMATE,0,4,,False,allow,True,6614.697035471,6614.697117891,0.08241999967140146
5,email,gen_legit_017_bursary.eml,legitimate,LEGITIMATE,0,4,,False,allow,True,6614.69712011,6614.697195808,0.07569800072815269
5,email,gen_legit_018_security.eml,legitimate,LEGITIMATE,0,4,,False,allow,True,6614.697197903,6614.697295786,0.09788299939827994
5,email,gen_legit_019_registrar.eml,legitimate,LEGITIMATE,0,4,,False,allow,True,6614.697298342,6614.697406368,0.10802599990711315
5,email,gen_legit_020_examsoffice.eml,legitimate,LEGITIMATE,0,4,,False,allow,True,6614.697408821,6614.697483924,0.07510300019930582
5,email,gen_legit_021_scholarship.eml,legitimate,LEGITIMATE,0,4,,False,allow,True,6614.697486144,6614.69755593,0.0697859995852923
5,email,gen_legit_022_hostel.eml,legitimate,LEGITIMATE,0,4,,False,allow,True,6614.697558079,6614.697627443,0.06936399950063787
5,email,gen_legit_023_vc.eml,legitimate,LEGITIMATE,0,4,,False,allow,True,6614.697629504,6614.697700644,0.07113999981811503
5,email,gen_legit_024_timetable.eml,legitimate,LEGITIMATE,0,4,,False,allow,True,6614.697703327,6614.697781967,0.0786399996286491
5,email,gen_legit_025_ictupdate.eml,legitimate,LEGITIMATE,0,4,,False,allow,True,6614.697791247,6614.697878302,0.08705500022188062
5,email,gen_legit_026_library.eml,legitimate,LEGITIMATE,0,4,,False,allow,True,6614.697881033,6614.697946981,0.06594800015591318
5,email,gen_legit_027_survey.eml,legitimate,LEGITIMATE,0,4,,False,allow,True,6614.697948995,6614.698022825,0.0738300004741177
5,email,gen_legit_028_convocation.eml,legitimate,LEGITIMATE,0,4,,False,allow,True,6614.698025172,6614.698118433,0.09326100007456262
5,email,gen_legit_029_sug.eml,legitimate,LEGITIMATE,0,4,,False,allow,True,6614.698122487,6614.698219962,0.0974750000750646
5,email,gen_legit_030_transcript.eml,legitimate,LEGITIMATE,0,4,,False,allow,True,6614.698225344,6614.69845326,0.22791599985794164
5,email,gen_legit_046_ict.eml,legitimate,LEGITIMATE,0,4,,False,allow,True,6614.698458444,6614.698562541,0.10409700007585343
5,email,gen_legit_047_bursary.eml,legitimate,LEGITIMATE,0,4,,False,allow,True,6614.698565658,6614.698658709,0.09305099956691265
5,email,gen_legit_048_security.eml,legitimate,LEGITIMATE,0,4,,False,allow,True,6614.698661948,6614.698760235,0.09828699967329158
5,email,gen_legit_049_registrar.eml,legitimate,LEGITIMATE,0,4,,False,allow,True,6614.698785836,6614.698888113,0.1022770002236939
5,email,gen_legit_050_examsoffice.eml,legitimate,LEGITIMATE,0,4,,False,allow,True,6614.698899523,6614.698992294,0.09277099979954073
5,email,gen_legit_051_scholarship.eml,legitimate,LEGITIMATE,0,4,,False,allow,True,6614.698995418,6614.69908376,0.08834199979901314
5,email,gen_legit_052_hostel.eml,legitimate,LEGITIMATE,0,4,,False,allow,True,6614.699089193,6614.699164972,0.07577900032629259
5,email,gen_legit_053_vc.eml,legitimate,LEGITIMATE,0,4,,False,allow,True,6614.699167273,6614.699368194,0.2009210002142936
5,email,gen_legit_054_timetable.eml,legitimate,LEGITIMATE,0,4,,False,allow,True,6614.699374503,6614.699469055,0.09455199960939353
5,email,gen_legit_055_ictupdate.eml,legitimate,LEGITIMATE,0,4,,False,allow,True,6614.699473018,6614.69956441,0.09139199937635567
5,email,gen_legit_056_library.eml,legitimate,LEGITIMATE,0,4,,False,allow,True,6614.69956834,6614.699652157,0.0838169999042293
5,email,gen_legit_057_survey.eml,legitimate,LEGITIMATE,0,4,,False,allow,True,6614.699655685,6614.699740876,0.08519099992554402
5,email,gen_legit_058_convocation.eml,legitimate,LEGITIMATE,0,4,,False,allow,True,6614.69974386,6614.699837212,0.09335199956694851
5,email,gen_legit_059_sug.eml,legitimate,LEGITIMATE,0,4,,False,allow,True,6614.699840632,6614.699933311,0.09267899986298289
5,email,gen_legit_060_transcript.eml,legitimate,LEGITIMATE,0,4,,False,allow,True,6614.699950142,6614.70002171,0.07156800074881176
5,email,gen_phish_001_ict.eml,phishing,PHISHING,5,4,E1;E2,True,warn_user,True,6614.700023862,6614.700082308,0.058445999457035214
5,email,gen_phish_002_bursary.eml,phishing,PHISHING,5,4,E1;E2,True,warn_user,True,6614.700085004,6614.700135941,0.050936999286932405
5,email,gen_phish_003_security.eml,phishing,PHISHING,5,4,E1;E2,True,warn_user,True,6614.70013832,6614.700188103,0.04978299966751365
5,email,gen_phish_004_registrar.eml,phishing,PHISHING,5,4,E1;E2,True,warn_user,True,6614.700190825,6614.700356361,0.16553599925828166
5,email,gen_phish_005_examsoffice.eml,phishing,PHISHING,7,4,E1;E2;E3,True,warn_user,True,6614.70036777,6614.700427364,0.05959399913990637
5,email,gen_phish_006_scholarship.eml,phishing,PHISHING,5,4,E1;E2,True,warn_user,True,6614.700429678,6614.70048196,0.05228200006968109
5,email,gen_phish_007_hostel.eml,phishing,PHISHING,5,4,E1;E2,True,warn_user,True,6614.700484078,6614.700571233,0.08715500007383525
5,email,gen_phish_008_vc.eml,phishing,PHISHING,5,4,E1;E2,True,warn_user,True,6614.700573624,6614.70062431,0.05068600057711592
5,email,gen_phish_009_timetable.eml,phishing,PHISHING,5,4,E1;E2,True,warn_user,True,6614.70062652,6614.700682599,0.05607900038739899
5,email,gen_phish_010_ictupdate.eml,phishing,PHISHING,7,4,E1;E2;E3,True,warn_user,True,6614.700687395,6614.70074361,0.0562149998586392
5,email,gen_phish_011_library.eml,phishing,PHISHING,5,4,E1;E2,True,warn_user,True,6614.700745933,6614.700809504,0.06357100028253626
5,email,gen_phish_012_survey.eml,phishing,PHISHING,5,4,E1;E2,True,warn_user,True,6614.700812409,6614.700870471,0.05806199988001026
5,email,gen_phish_013_convocation.eml,phishing,PHISHING,5,4,E1;E2,True,warn_user,True,6614.700872663,6614.700935805,0.06314199981716229
5,email,gen_phish_014_sug.eml,phishing,PHISHING,5,4,E1;E2,True,warn_user,True,6614.700938698,6614.700981727,0.043029000153183006
5,email,gen_phish_015_transcript.eml,phishing,PHISHING,7,4,E1;E2;E3,True,warn_user,True,6614.700984116,6614.70103397,0.049854000280902255
5,email,gen_phish_031_ict.eml,phishing,PHISHING,5,4,E1;E2,True,warn_user,True,6614.701036103,6614.701092405,0.0563020003028214
5,email,gen_phish_032_bursary.eml,phishing,PHISHING,5,4,E1;E2,True,warn_user,True,6614.701094525,6614.70114236,0.047834999350016005
5,email,gen_phish_033_security.eml,phishing,PHISHING,5,4,E1;E2,True,warn_user,True,6614.701144453,6614.701247788,0.10333499994885642
5,email,gen_phish_034_registrar.eml,phishing,PHISHING,5,4,E1;E2,True,warn_user,True,6614.701250855,6614.701329598,0.07874299990362488
5,email,gen_phish_035_examsoffice.eml,phishing,PHISHING,7,4,E1;E2;E3,True,warn_user,True,6614.701337854,6614.701434641,0.09678700007498264
5,email,gen_phish_036_scholarship.eml,phishing,PHISHING,5,4,E1;E2,True,warn_user,True,6614.701436779,6614.70148644,0.04966100004821783
5,email,gen_phish_037_hostel.eml,phishing,PHISHING,5,4,E1;E2,True,warn_user,True,6614.701488504,6614.701541871,0.05336699996405514
5,email,gen_phish_038_vc.eml,phishing,PHISHING,5,4,E1;E2,True,warn_user,True,6614.70154397,6614.701593808,0.049838000450108666
5,email,gen_phish_039_timetable.eml,phishing,PHISHING,5,4,E1;E2,True,warn_user,True,6614.701596306,6614.701651878,0.05557199983741157
5,email,gen_phish_040_ictupdate.eml,phishing,PHISHING,7,4,E1;E2;E3,True,warn_user,True,6614.701653981,6614.701709362,0.05538099958357634
5,email,gen_phish_041_library.eml,phishing,PHISHING,5,4,E1;E2,True,warn_user,True,6614.701711507,6614.701760575,0.04906799949822016
5,email,gen_phish_042_survey.eml,phishing,PHISHING,5,4,E1;E2,True,warn_user,True,6614.701762698,6614.701854092,0.09139400026469957
5,email,gen_phish_043_convocation.eml,phishing,PHISHING,5,4,E1;E2,True,warn_user,True,6614.701856179,6614.70191121,0.055030999646987766
5,email,gen_phish_044_sug.eml,phishing,PHISHING,5,4,E1;E2,True,warn_user,True,6614.701913346,6614.701953876,0.040529999751015566
5,email,gen_phish_045_transcript.eml,phishing,PHISHING,7,4,E1;E2;E3,True,warn_user,True,6614.701958308,6614.702011238,0.05292999958328437
5,url,http://crescentuniversity.edu.ng@crescentuni-verify-1.tk/reset,phishing,PHISHING,9,4,U2;U3;U5;U6,True,block_redirect,True,6614.702013389,6614.702031728,0.018339000234846026
5,url,http://portal-crescentuni.cf/account,phishing,PHISHING,6,4,U3;U5;U6,True,block_redirect,True,6614.702034207,6614.702045754,0.011547000212885905
5,url,https://crescent-uni-portal.xyz/docs/view?id=3,phishing,PHISHING,5,4,U3;U6,True,block_redirect,True,6614.702047982,6614.702059602,0.011619999895629007
5,url,http://login.secure.crescent-id.cf/verify,phishing,PHISHING,7,4,U3;U4;U5;U6,True,block_redirect,True,6614.702061805,6614.702073672,0.011866999557241797
5,url,http://203.0.113.104:8443/verify,phishing,PHISHING,4,4,U1;U5,True,block_redirect,True,6614.70207584,6614.702089594,0.013754000065091532
5,url,http://198.51.100.235/login/verify?id=6,phishing,PHISHING,4,4,U1;U5,True,block_redirect,True,6614.702092143,6614.702104851,0.012707999303529505
5,url,http://crescentuniversity.edu.ng@crescent-uni-verify-7.tk/reset,phishing,PHISHING,9,4,U2;U3;U5;U6,True,block_redirect,True,6614.702106961,6614.702117935,0.010974000360874925
5,url,http://verify-crescent-uni-verify.work/account,phishing,PHISHING,6,4,U3;U5;U6,True,block_redirect,True,6614.70212012,6614.702131995,0.011875000382133294
5,url,https://crescentuni-portal.work/docs/view?id=9,phishing,PHISHING,5,4,U3;U6,True,block_redirect,True,6614.702134204,6614.702145926,0.011722000635927543
5,url,http://login.secure.crescent-id.gq/verify,phishing,PHISHING,7,4,U3;U4;U5;U6,True,block_redirect,True,6614.702150074,6614.702162275,0.012200999663036782
5,url,http://198.51.100.192:9090/verify,phishing,PHISHING,4,4,U1;U5,True,block_redirect,True,6614.702164495,6614.702192882,0.028387000384100247
5,url,http://203.0.113.193/login/verify?id=12,phishing,PHISHING,4,4,U1;U5,True,block_redirect,True,6614.702196052,6614.702249895,0.053843000387132633
5,url,http://crescentuniversity.edu.ng@crescent-uni-verify-13.tk/reset,phishing,PHISHING,9,4,U2;U3;U5;U6,True,block_redirect,True,6614.702254215,6614.702274045,0.019830000383080915
5,url,http://id-crescentuni-secure.xyz/account,phishing,PHISHING,6,4,U3;U5;U6,True,block_redirect,True,6614.702276645,6614.702289108,0.012462999620765913
5,url,https://crescent-portal.ga/docs/view?id=15,phishing,PHISHING,5,4,U3;U6,True,block_redirect,True,6614.70229123,6614.702302092,0.010861999726330396
5,url,http://login.secure.crescent-uni-id.work/verify,phishing,PHISHING,7,4,U3;U4;U5;U6,True,block_redirect,True,6614.702304245,6614.702316484,0.012239000170666259
5,url,http://198.51.100.222:8080/verify,phishing,PHISHING,4,4,U1;U5,True,block_redirect,True,6614.702318605,6614.70233118,0.012575000255310442
5,url,http://198.51.100.204/login/verify?id=18,phishing,PHISHING,4,4,U1;U5,True,block_redirect,True,6614.702333816,6614.702346303,0.012487000276450999
5,url,http://crescentuniversity.edu.ng@crescent-uni-verify-19.tk/reset,phishing,PHISHING,9,4,U2;U3;U5;U6,True,block_redirect,True,6614.702348567,6614.702359329,0.01076199987437576
5,url,http://id-crescentuni-login.top/account,phishing,PHISHING,6,4,U3;U5;U6,True,block_redirect,True,6614.70237026,6614.70238285,0.012589999641932081
5,url,https://crescentuni-portal.work/docs/view?id=21,phishing,PHISHING,5,4,U3;U6,True,block_redirect,True,6614.702385014,6614.702396938,0.01192399940919131
5,url,http://login.secure.crescent-uni-id.gq/verify,phishing,PHISHING,7,4,U3;U4;U5;U6,True,block_redirect,True,6614.702401318,6614.702413693,0.012375000551401172
5,url,http://198.51.100.176:9090/verify,phishing,PHISHING,4,4,U1;U5,True,block_redirect,True,6614.70241596,6614.702428461,0.01250100012839539
5,url,http://203.0.113.198/login/verify?id=24,phishing,PHISHING,4,4,U1;U5,True,block_redirect,True,6614.702430594,6614.70244284,0.012245999641891103
5,url,http://crescentuniversity.edu.ng@crescent-uni-verify-25.tk/reset,phishing,PHISHING,9,4,U2;U3;U5;U6,True,block_redirect,True,6614.70244498,6614.70245581,0.010830000064743217
5,url,http://secure-crescentuni-portal.top/account,phishing,PHISHING,6,4,U3;U5;U6,True,block_redirect,True,6614.702457938,6614.702469643,0.011704999451467302
5,url,https://crescent-portal.work/docs/view?id=27,phishing,PHISHING,5,4,U3;U6,True,block_redirect,True,6614.702471761,6614.702483427,0.011665999409160577
5,url,http://login.secure.crescent-id.gq/verify,phishing,PHISHING,7,4,U3;U4;U5;U6,True,block_redirect,True,6614.702485529,6614.702497175,0.01164599962066859
5,url,http://198.51.100.131:8080/verify,phishing,PHISHING,4,4,U1;U5,True,block_redirect,True,6614.702499397,6614.702511793,0.012395999874570407
5,url,http://203.0.113.217/login/verify?id=30,phishing,PHISHING,4,4,U1;U5,True,block_redirect,True,6614.702515994,6614.702528652,0.012657999832299538
5,url,http://crescentuniversity.edu.ng@crescent-uni-verify-31.tk/reset,phishing,PHISHING,9,4,U2;U3;U5;U6,True,block_redirect,True,6614.702530783,6614.702541708,0.010925000424322207
5,url,http://id-crescent-uni-verify.ga/account,phishing,PHISHING,6,4,U3;U5;U6,True,block_redirect,True,6614.70254391,6614.702554808,0.010898000255110674
5,url,https://crescentuni-portal.ga/docs/view?id=33,phishing,PHISHING,5,4,U3;U6,True,block_redirect,True,6614.70255693,6614.702567637,0.010707000001275446
5,url,http://login.secure.crescent-uni-id.tk/verify,phishing,PHISHING,7,4,U3;U4;U5;U6,True,block_redirect,True,6614.70256999,6614.702580964,0.010974000360874925
5,url,http://203.0.113.127:8080/verify,phishing,PHISHING,4,4,U1;U5,True,block_redirect,True,6614.702583147,6614.702595499,0.012352000339888036
5,url,http://203.0.113.226/login/verify?id=36,phishing,PHISHING,4,4,U1;U5,True,block_redirect,True,6614.702597586,6614.702609855,0.01226900076289894
5,url,http://crescentuniversity.edu.ng@crescentuni-verify-37.tk/reset,phishing,PHISHING,9,4,U2;U3;U5;U6,True,block_redirect,True,6614.702612152,6614.70262285,0.010697999641706701
5,url,http://secure-crescent-verify.ml/account,phishing,PHISHING,6,4,U3;U5;U6,True,block_redirect,True,6614.702625012,6614.702635653,0.010640999789757188
5,url,https://crescent-portal.work/docs/view?id=39,phishing,PHISHING,5,4,U3;U6,True,block_redirect,True,6614.702637773,6614.702649472,0.011699000424414407
5,url,http://login.secure.crescent-id.ga/verify,phishing,PHISHING,7,4,U3;U4;U5;U6,True,block_redirect,True,6614.702653513,6614.702665053,0.011539999832166359
5,url,http://203.0.113.244:9090/verify,phishing,PHISHING,4,4,U1;U5,True,block_redirect,True,6614.702667325,6614.702679723,0.012397999853419606
5,url,http://203.0.113.137/login/verify?id=42,phishing,PHISHING,4,4,U1;U5,True,block_redirect,True,6614.702681817,6614.702693997,0.012180000339867547
5,url,http://crescentuniversity.edu.ng@crescent-uni-verify-43.tk/reset,phishing,PHISHING,9,4,U2;U3;U5;U6,True,block_redirect,True,6614.702696089,6614.702707046,0.010957000085909385
5,url,http://login-crescentuni-alerts.cf/account,phishing,PHISHING,6,4,U3;U5;U6,True,block_redirect,True,6614.702711354,6614.702722978,0.011623999853327405
5,url,https://crescent-uni-portal.gq/docs/view?id=45,phishing,PHISHING,5,4,U3;U6,True,block_redirect,True,6614.702725236,6614.702736373,0.011137000001326669
5,url,http://login.secure.crescentuni-id.xyz/verify,phishing,PHISHING,7,4,U3;U4;U5;U6,True,block_redirect,True,6614.70273843,6614.702750329,0.011899000128323678
5,url,http://203.0.113.32:8080/verify,phishing,PHISHING,4,4,U1;U5,True,block_redirect,True,6614.702752441,6614.702764666,0.012225000318721868
5,url,http://198.51.100.88/login/verify?id=48,phishing,PHISHING,4,4,U1;U5,True,block_redirect,True,6614.702766774,6614.70277903,0.012255999536137097
5,url,http://crescentuniversity.edu.ng@crescent-verify-49.tk/reset,phishing,PHISHING,9,4,U2;U3;U5;U6,True,block_redirect,True,6614.702781083,6614.702791694,0.010610999197524507
5,url,http://id-crescent-uni-verify.cf/account,phishing,PHISHING,6,4,U3;U5;U6,True,block_redirect,True,6614.702796066,6614.702807634,0.011568000445549842
5,url,https://portal.crescentuniversity.edu.ng/resource/1,legitimate,LEGITIMATE,1,4,U4,False,allow,True,6614.702809794,6614.702821723,0.011928999811061658
5,url,https://drive.crescentuniversity.edu.ng/resource/2,legitimate,LEGITIMATE,1,4,U4,False,allow,True,6614.702823838,6614.702835458,0.011619999895629007
5,url,https://portal.crescentuniversity.edu.ng/resource/3,legitimate,LEGITIMATE,1,4,U4,False,allow,True,6614.702837522,6614.702848914,0.011392000487830956
5,url,https://accounts.google.com/signin,legitimate,LEGITIMATE,0,4,,False,allow,True,6614.702850884,6614.702862401,0.011516999620653223
5,url,https://drive.crescentuniversity.edu.ng/resource/5,legitimate,LEGITIMATE,1,4,U4,False,allow,True,6614.702864521,6614.702875986,0.011465000170574058
5,url,https://portal.crescentuniversity.edu.ng/resource/6,legitimate,LEGITIMATE,1,4,U4,False,allow,True,6614.702878027,6614.702889381,0.011353999980201479
5,url,https://library.crescentuniversity.edu.ng/resource/7,legitimate,LEGITIMATE,1,4,U4,False,allow,True,6614.702891455,6614.702903513,0.012057999811077025
5,url,https://www.wikipedia.org/wiki/Security,legitimate,LEGITIMATE,0,4,,False,allow,True,6614.70290626,6614.702917789,0.011528999493748415
5,url,https://mail.crescentuniversity.edu.ng/resource/9,legitimate,LEGITIMATE,1,4,U4,False,allow,True,6614.702920749,6614.702932981,0.012231999789946713
5,url,https://registrar.crescentuniversity.edu.ng/resource/10,legitimate,LEGITIMATE,1,4,U4,False,allow,True,6614.702937236,6614.702949081,0.011844999789900612
5,url,https://bursary.crescentuniversity.edu.ng/resource/11,legitimate,LEGITIMATE,1,4,U4,False,allow,True,6614.702951138,6614.702962641,0.011503000678203534
5,url,https://zoom.us/signin,legitimate,LEGITIMATE,0,4,,False,allow,True,6614.702964659,6614.702975858,0.01119900025514653
5,url,https://hostel.crescentuniversity.edu.ng/resource/13,legitimate,LEGITIMATE,1,4,U4,False,allow,True,6614.702977934,6614.702989352,0.011418000212870538
5,url,https://registrar.crescentuniversity.edu.ng/resource/14,legitimate,LEGITIMATE,1,4,U4,False,allow,True,6614.702991451,6614.703002929,0.011477999578346498
5,url,https://mail.crescentuniversity.edu.ng/resource/15,legitimate,LEGITIMATE,1,4,U4,False,allow,True,6614.703004958,6614.703016355,0.011396999980206601
5,url,https://accounts.google.com/signin,legitimate,LEGITIMATE,0,4,,False,allow,True,6614.703018487,6614.703029716,0.01122899993788451
5,url,https://elearning.crescentuniversity.edu.ng/resource/17,legitimate,LEGITIMATE,1,4,U4,False,allow,True,6614.703031857,6614.703043273,0.01141600023402134
5,url,https://elearning.crescentuniversity.edu.ng/resource/18,legitimate,LEGITIMATE,1,4,U4,False,allow,True,6614.703045298,6614.703056718,0.011420000191719737
5,url,https://hostel.crescentuniversity.edu.ng/resource/19,legitimate,LEGITIMATE,1,4,U4,False,allow,True,6614.703058805,6614.703070151,0.011346000064804684
5,url,https://accounts.google.com/signin,legitimate,LEGITIMATE,0,4,,False,allow,True,6614.703075981,6614.703087592,0.011610999536060262
5,url,https://hostel.crescentuniversity.edu.ng/resource/21,legitimate,LEGITIMATE,1,4,U4,False,allow,True,6614.703089728,6614.703101161,0.011432999599492177
5,url,https://exams.crescentuniversity.edu.ng/resource/22,legitimate,LEGITIMATE,1,4,U4,False,allow,True,6614.703103243,6614.703114593,0.01134999911300838
5,url,https://registrar.crescentuniversity.edu.ng/resource/23,legitimate,LEGITIMATE,1,4,U4,False,allow,True,6614.703116588,6614.703128032,0.011443999937910121
5,url,https://www.wikipedia.org/wiki/Security,legitimate,LEGITIMATE,0,4,,False,allow,True,6614.703130022,6614.703141204,0.01118199998018099
5,url,https://drive.crescentuniversity.edu.ng/resource/25,legitimate,LEGITIMATE,1,4,U4,False,allow,True,6614.70314328,6614.703197353,0.054072999773779884
5,url,https://exams.crescentuniversity.edu.ng/resource/26,legitimate,LEGITIMATE,1,4,U4,False,allow,True,6614.703199815,6614.703211758,0.01194300057250075
5,url,https://library.crescentuniversity.edu.ng/resource/27,legitimate,LEGITIMATE,1,4,U4,False,allow,True,6614.7032142,6614.703225664,0.011463999726402108
5,url,https://www.microsoft.com/en-us/security,legitimate,LEGITIMATE,0,4,,False,allow,True,6614.70322768,6614.703238892,0.01121199966291897
5,url,https://exams.crescentuniversity.edu.ng/resource/29,legitimate,LEGITIMATE,1,4,U4,False,allow,True,6614.703240903,6614.703252314,0.011410999832150992
5,url,https://hostel.crescentuniversity.edu.ng/resource/30,legitimate,LEGITIMATE,1,4,U4,False,allow,True,6614.703257897,6614.703269838,0.01194099968415685
5,url,https://portal.crescentuniversity.edu.ng/resource/31,legitimate,LEGITIMATE,1,4,U4,False,allow,True,6614.703271868,6614.703283268,0.011399999493733048
5,url,https://zoom.us/signin,legitimate,LEGITIMATE,0,4,,False,allow,True,6614.703285257,6614.703296314,0.01105699993786402
5,url,https://drive.crescentuniversity.edu.ng/resource/33,legitimate,LEGITIMATE,1,4,U4,False,allow,True,6614.703298376,6614.703309867,0.01149099989561364
5,url,https://portal.crescentuniversity.edu.ng/resource/34,legitimate,LEGITIMATE,1,4,U4,False,allow,True,6614.703312087,6614.703323508,0.011420999726396985
5,url,https://exams.crescentuniversity.edu.ng/resource/35,legitimate,LEGITIMATE,1,4,U4,False,allow,True,6614.703325527,6614.703337021,0.01149400031863479
5,url,https://zoom.us/signin,legitimate,LEGITIMATE,0,4,,False,allow,True,6614.703341118,6614.703352544,0.011426000128267333
5,url,https://library.crescentuniversity.edu.ng/resource/37,legitimate,LEGITIMATE,1,4,U4,False,allow,True,6614.703354644,6614.703366125,0.011481000001367647
5,url,https://drive.crescentuniversity.edu.ng/resource/38,legitimate,LEGITIMATE,1,4,U4,False,allow,True,6614.703368253,6614.703379657,0.011404000360926148
5,url,https://registrar.crescentuniversity.edu.ng/resource/39,legitimate,LEGITIMATE,1,4,U4,False,allow,True,6614.703381712,6614.703393256,0.011543999789864756
5,url,https://accounts.google.com/signin,legitimate,LEGITIMATE,0,4,,False,allow,True,6614.703397559,6614.703409174,0.01161499949375866
5,landing_page,clean_baseline_portal.html,legitimate,LEGITIMATE,0,4,,False,allow,True,6614.703411401,6614.703419632,0.008230999810621142
5,landing_page,clean_variant_sso.html,legitimate,LEGITIMATE,0,4,,False,allow,True,6614.703421883,6614.703428638,0.006754999958502594
5,landing_page,phish_variant_cross_domain_post.html,phishing,PHISHING,4,4,L1,True,reject_submission,True,6614.703430822,6614.703437754,0.006932000360393431
5,landing_page,phish_variant_hidden_fields.html,phishing,PHISHING,7,4,L1;L2,True,reject_submission,True,6614.703439884,6614.70344679,0.006906000635353848
5,landing_page,gen_clean_001.html,legitimate,LEGITIMATE,0,4,,False,allow,True,6614.703448936,6614.703455423,0.006487000064225867
5,landing_page,gen_clean_002.html,legitimate,LEGITIMATE,0,4,,False,allow,True,6614.703457443,6614.703463831,0.006387999746948481
5,landing_page,gen_clean_003.html,legitimate,LEGITIMATE,0,4,,False,allow,True,6614.703465854,6614.703472116,0.006262000169954263
5,landing_page,gen_clean_004.html,legitimate,LEGITIMATE,0,4,,False,allow,True,6614.703474148,6614.703480451,0.006303000191110186
5,landing_page,gen_clean_005.html,legitimate,LEGITIMATE,0,4,,False,allow,True,6614.703482512,6614.703489028,0.006516000212286599
5,landing_page,gen_clean_006.html,legitimate,LEGITIMATE,0,4,,False,allow,True,6614.703493401,6614.703499976,0.006575000043085311
5,landing_page,gen_clean_007.html,legitimate,LEGITIMATE,0,4,,False,allow,True,6614.703502008,6614.703508317,0.006309000127657782
5,landing_page,gen_clean_008.html,legitimate,LEGITIMATE,0,4,,False,allow,True,6614.703510404,6614.703516697,0.006293000296864193
5,landing_page,gen_phish_001.html,phishing,PHISHING,7,4,L1;L2,True,reject_submission,True,6614.7035187,6614.703525727,0.007026999810477719
5,landing_page,gen_phish_002.html,phishing,PHISHING,4,4,L1,True,reject_submission,True,6614.703527867,6614.703534508,0.0066410002546035685
5,landing_page,gen_phish_003.html,phishing,PHISHING,7,4,L1;L2,True,reject_submission,True,6614.703536517,6614.703543453,0.006935999408597127
5,landing_page,gen_phish_004.html,phishing,PHISHING,4,4,L1,True,reject_submission,True,6614.703545656,6614.703552585,0.006928999937372282
5,landing_page,gen_phish_005.html,phishing,PHISHING,7,4,L1;L2,True,reject_submission,True,6614.703554636,6614.703561409,0.006772999768145382
5,landing_page,gen_phish_006.html,phishing,PHISHING,4,4,L1,True,reject_submission,True,6614.703563688,6614.703570317,0.0066290003815083764
5,landing_page,gen_phish_007.html,phishing,PHISHING,7,4,L1;L2,True,reject_submission,True,6614.703572325,6614.703579205,0.006880000000819564
5,landing_page,gen_phish_008.html,phishing,PHISHING,4,4,L1,True,reject_submission,True,6614.703583134,6614.703589968,0.0068340004872879945
6,email,gen_legit_016_ict.eml,legitimate,LEGITIMATE,0,4,,False,allow,True,6614.70359463,6614.703679186,0.08455599981971318
6,email,gen_legit_017_bursary.eml,legitimate,LEGITIMATE,0,4,,False,allow,True,6614.703681514,6614.703757309,0.07579500015708618
6,email,gen_legit_018_security.eml,legitimate,LEGITIMATE,0,4,,False,allow,True,6614.703759458,6614.703837708,0.07825000011507655
6,email,gen_legit_019_registrar.eml,legitimate,LEGITIMATE,0,4,,False,allow,True,6614.703839748,6614.703922595,0.08284700015792623
6,email,gen_legit_020_examsoffice.eml,legitimate,LEGITIMATE,0,4,,False,allow,True,6614.703924663,6614.703998866,0.0742029997127247
6,email,gen_legit_021_scholarship.eml,legitimate,LEGITIMATE,0,4,,False,allow,True,6614.704001272,6614.70407094,0.06966799992369488
6,email,gen_legit_022_hostel.eml,legitimate,LEGITIMATE,0,4,,False,allow,True,6614.704073336,6614.704201368,0.12803200024791295
6,email,gen_legit_023_vc.eml,legitimate,LEGITIMATE,0,4,,False,allow,True,6614.704204923,6614.704313283,0.10836000001290813
6,email,gen_legit_024_timetable.eml,legitimate,LEGITIMATE,0,4,,False,allow,True,6614.70431635,6614.704384868,0.06851799935247982
6,email,gen_legit_025_ictupdate.eml,legitimate,LEGITIMATE,0,4,,False,allow,True,6614.704392053,6614.704461434,0.06938099977560341
6,email,gen_legit_026_library.eml,legitimate,LEGITIMATE,0,4,,False,allow,True,6614.704463657,6614.704527894,0.06423700051527703
6,email,gen_legit_027_survey.eml,legitimate,LEGITIMATE,0,4,,False,allow,True,6614.704530346,6614.704606054,0.07570799971290398
6,email,gen_legit_028_convocation.eml,legitimate,LEGITIMATE,0,4,,False,allow,True,6614.7046081,6614.704682959,0.07485900005121948
6,email,gen_legit_029_sug.eml,legitimate,LEGITIMATE,0,4,,False,allow,True,6614.704685094,6614.704761017,0.0759230006224243
6,email,gen_legit_030_transcript.eml,legitimate,LEGITIMATE,0,4,,False,allow,True,6614.70476302,6614.704829377,0.06635699992330046
6,email,gen_legit_046_ict.eml,legitimate,LEGITIMATE,0,4,,False,allow,True,6614.704831348,6614.704909824,0.0784760004535201
6,email,gen_legit_047_bursary.eml,legitimate,LEGITIMATE,0,4,,False,allow,True,6614.704911847,6614.704990994,0.07914699926914182
6,email,gen_legit_048_security.eml,legitimate,LEGITIMATE,0,4,,False,allow,True,6614.704993265,6614.705074715,0.08144999992509838
6,email,gen_legit_049_registrar.eml,legitimate,LEGITIMATE,0,4,,False,allow,True,6614.705079227,6614.705197826,0.11859899950650288
6,email,gen_legit_050_examsoffice.eml,legitimate,LEGITIMATE,0,4,,False,allow,True,6614.705203787,6614.705281992,0.07820500013622222
6,email,gen_legit_051_scholarship.eml,legitimate,LEGITIMATE,0,4,,False,allow,True,6614.705284095,6614.705353918,0.06982299964874983
6,email,gen_legit_052_hostel.eml,legitimate,LEGITIMATE,0,4,,False,allow,True,6614.705355892,6614.705425516,0.06962400038901251
6,email,gen_legit_053_vc.eml,legitimate,LEGITIMATE,0,4,,False,allow,True,6614.70542753,6614.705498765,0.07123500017769402
6,email,gen_legit_054_timetable.eml,legitimate,LEGITIMATE,0,4,,False,allow,True,6614.705502891,6614.705568572,0.0656809997963137
6,email,gen_legit_055_ictupdate.eml,legitimate,LEGITIMATE,0,4,,False,allow,True,6614.705570552,6614.705639306,0.06875400049466407
6,email,gen_legit_056_library.eml,legitimate,LEGITIMATE,0,4,,False,allow,True,6614.705641413,6614.705704941,0.06352799937303644
6,email,gen_legit_057_survey.eml,legitimate,LEGITIMATE,0,4,,False,allow,True,6614.705706944,6614.705782416,0.07547200038970914
6,email,gen_legit_058_convocation.eml,legitimate,LEGITIMATE,0,4,,False,allow,True,6614.705784462,6614.705881224,0.09676199988462031
6,email,gen_legit_059_sug.eml,legitimate,LEGITIMATE,0,4,,False,allow,True,6614.70588359,6614.705959454,0.07586399988213088
6,email,gen_legit_060_transcript.eml,legitimate,LEGITIMATE,0,4,,False,allow,True,6614.705965033,6614.706032363,0.06733000009262469
6,email,gen_phish_001_ict.eml,phishing,PHISHING,5,4,E1;E2,True,warn_user,True,6614.706034431,6614.706124313,0.08988199988380075
6,email,gen_phish_002_bursary.eml,phishing,PHISHING,5,4,E1;E2,True,warn_user,True,6614.706128113,6614.706182981,0.05486800000653602
6,email,gen_phish_003_security.eml,phishing,PHISHING,5,4,E1;E2,True,warn_user,True,6614.706185238,6614.706234689,0.049450999540567864
6,email,gen_phish_004_registrar.eml,phishing,PHISHING,5,4,E1;E2,True,warn_user,True,6614.706237044,6614.706296921,0.05987700023979414
6,email,gen_phish_005_examsoffice.eml,phishing,PHISHING,7,4,E1;E2;E3,True,warn_user,True,6614.706299061,6614.706350954,0.05189300009078579
6,email,gen_phish_006_scholarship.eml,phishing,PHISHING,5,4,E1;E2,True,warn_user,True,6614.706353102,6614.706404758,0.05165599941392429
6,email,gen_phish_007_hostel.eml,phishing,PHISHING,5,4,E1;E2,True,warn_user,True,6614.706406934,6614.70649279,0.08585599971411284
6,email,gen_phish_008_vc.eml,phishing,PHISHING,5,4,E1;E2,True,warn_user,True,6614.706494965,6614.706545751,0.05078599951957585
6,email,gen_phish_009_timetable.eml,phishing,PHISHING,5,4,E1;E2,True,warn_user,True,6614.706547864,6614.706603294,0.05543000042962376
6,email,gen_phish_010_ictupdate.eml,phishing,PHISHING,7,4,E1;E2;E3,True,warn_user,True,6614.706609172,6614.706665369,0.056197000048996415
6,email,gen_phish_011_library.eml,phishing,PHISHING,5,4,E1;E2,True,warn_user,True,6614.70666783,6614.706730948,0.0631180000709719
6,email,gen_phish_012_survey.eml,phishing,PHISHING,5,4,E1;E2,True,warn_user,True,6614.70673364,6614.706790447,0.05680699996446492
6,email,gen_phish_013_convocation.eml,phishing,PHISHING,5,4,E1;E2,True,warn_user,True,6614.706792658,6614.706850204,0.057545999879948795
6,email,gen_phish_014_sug.eml,phishing,PHISHING,5,4,E1;E2,True,warn_user,True,6614.706852276,6614.706892422,0.040146000173990615
6,email,gen_phish_015_transcript.eml,phishing,PHISHING,7,4,E1;E2;E3,True,warn_user,True,6614.706894605,6614.706944215,0.04960999922332121
6,email,gen_phish_031_ict.eml,phishing,PHISHING,5,4,E1;E2,True,warn_user,True,6614.70694636,6614.707002454,0.05609399977402063
6,email,gen_phish_032_bursary.eml,phishing,PHISHING,5,4,E1;E2,True,warn_user,True,6614.707004584,6614.707063968,0.05938399954175111
6,email,gen_phish_033_security.eml,phishing,PHISHING,5,4,E1;E2,True,warn_user,True,6614.707066782,6614.707145038,0.07825600005162414
6,email,gen_phish_034_registrar.eml,phishing,PHISHING,5,4,E1;E2,True,warn_user,True,6614.707147724,6614.707224069,0.07634500070707873
6,email,gen_phish_035_examsoffice.eml,phishing,PHISHING,7,4,E1;E2;E3,True,warn_user,True,6614.707229737,6614.707326309,0.09657200007495703
6,email,gen_phish_036_scholarship.eml,phishing,PHISHING,5,4,E1;E2,True,warn_user,True,6614.707328475,6614.707377665,0.04919000002701068
6,email,gen_phish_037_hostel.eml,phishing,PHISHING,5,4,E1;E2,True,warn_user,True,6614.707379757,6614.707432394,0.05263699949864531
6,email,gen_phish_038_vc.eml,phishing,PHISHING,5,4,E1;E2,True,warn_user,True,6614.707434498,6614.707484029,0.04953099960403051
6,email,gen_phish_039_timetable.eml,phishing,PHISHING,5,4,E1;E2,True,warn_user,True,6614.707486324,6614.707541774,0.05545000021811575
6,email,gen_phish_040_ictupdate.eml,phishing,PHISHING,7,4,E1;E2;E3,True,warn_user,True,6614.707543842,6614.707598884,0.05504199998540571
6,email,gen_phish_041_library.eml,phishing,PHISHING,5,4,E1;E2,True,warn_user,True,6614.707601026,6614.707649731,0.048705000153859146
6,email,gen_phish_042_survey.eml,phishing,PHISHING,5,4,E1;E2,True,warn_user,True,6614.707651825,6614.707742822,0.09099700037040748
6,email,gen_phish_043_convocation.eml,phishing,PHISHING,5,4,E1;E2,True,warn_user,True,6614.707744892,6614.707802855,0.05796300047222758
6,email,gen_phish_044_sug.eml,phishing,PHISHING,5,4,E1;E2,True,warn_user,True,6614.707804979,6614.707844858,0.039878999814391136
6,email,gen_phish_045_transcript.eml,phishing,PHISHING,7,4,E1;E2;E3,True,warn_user,True,6614.707849312,6614.70790163,0.05231800059846137
6,url,http://crescentuniversity.edu.ng@crescentuni-verify-1.tk/reset,phishing,PHISHING,9,4,U2;U3;U5;U6,True,block_redirect,True,6614.707903777,6614.7079191,0.01532300029793987
6,url,http://portal-crescentuni.cf/account,phishing,PHISHING,6,4,U3;U5;U6,True,block_redirect,True,6614.707921335,6614.707932717,0.011382000593584962
6,url,https://crescent-uni-portal.xyz/docs/view?id=3,phishing,PHISHING,5,4,U3;U6,True,block_redirect,True,6614.70793494,6614.707946409,0.011469000128272455
6,url,http://login.secure.crescent-id.cf/verify,phishing,PHISHING,7,4,U3;U4;U5;U6,True,block_redirect,True,6614.707948587,6614.707960304,0.011717000234057195
6,url,http://203.0.113.104:8443/verify,phishing,PHISHING,4,4,U1;U5,True,block_redirect,True,6614.70796245,6614.707975435,0.012984999557374977
6,url,http://198.51.100.235/login/verify?id=6,phishing,PHISHING,4,4,U1;U5,True,block_redirect,True,6614.707977873,6614.707990442,0.012568999409268145
6,url,http://crescentuniversity.edu.ng@crescent-uni-verify-7.tk/reset,phishing,PHISHING,9,4,U2;U3;U5;U6,True,block_redirect,True,6614.707992498,6614.708003381,0.010882999958994333
6,url,http://verify-crescent-uni-verify.work/account,phishing,PHISHING,6,4,U3;U5;U6,True,block_redirect,True,6614.708005501,6614.708017397,0.011895999705302529
6,url,https://crescentuni-portal.work/docs/view?id=9,phishing,PHISHING,5,4,U3;U6,True,block_redirect,True,6614.708020146,6614.708049276,0.029129999347787816
6,url,http://login.secure.crescent-id.gq/verify,phishing,PHISHING,7,4,U3;U4;U5;U6,True,block_redirect,True,6614.708055895,6614.708091254,0.03535899941198295
6,url,http://198.51.100.192:9090/verify,phishing,PHISHING,4,4,U1;U5,True,block_redirect,True,6614.708094289,6614.708108843,0.014554000699718017
6,url,http://203.0.113.193/login/verify?id=12,phishing,PHISHING,4,4,U1;U5,True,block_redirect,True,6614.708110946,6614.708123219,0.012273000720597338
6,url,http://crescentuniversity.edu.ng@crescent-uni-verify-13.tk/reset,phishing,PHISHING,9,4,U2;U3;U5;U6,True,block_redirect,True,6614.708125295,6614.708136333,0.011037999684049282
6,url,http://id-crescentuni-secure.xyz/account,phishing,PHISHING,6,4,U3;U5;U6,True,block_redirect,True,6614.708138451,6614.708150068,0.011616999472607858
6,url,https://crescent-portal.ga/docs/view?id=15,phishing,PHISHING,5,4,U3;U6,True,block_redirect,True,6614.708155749,6614.708166902,0.011152999832120258
6,url,http://login.secure.crescent-uni-id.work/verify,phishing,PHISHING,7,4,U3;U4;U5;U6,True,block_redirect,True,6614.708169363,6614.708181704,0.012341000001470093
6,url,http://198.51.100.222:8080/verify,phishing,PHISHING,4,4,U1;U5,True,block_redirect,True,6614.708183819,6614.708196188,0.012369000614853576
6,url,http://198.51.100.204/login/verify?id=18,phishing,PHISHING,4,4,U1;U5,True,block_redirect,True,6614.70819861,6614.708210867,0.012256999980309047
6,url,http://crescentuniversity.edu.ng@crescent-uni-verify-19.tk/reset,phishing,PHISHING,9,4,U2;U3;U5;U6,True,block_redirect,True,6614.708212971,6614.708223677,0.010706000466598198
6,url,http://id-crescentuni-login.top/account,phishing,PHISHING,6,4,U3;U5;U6,True,block_redirect,True,6614.708244754,6614.708257271,0.012516999959188979
6,url,https://crescentuni-portal.work/docs/view?id=21,phishing,PHISHING,5,4,U3;U6,True,block_redirect,True,6614.708259431,6614.708271213,0.011782000001403503
6,url,http://login.secure.crescent-uni-id.gq/verify,phishing,PHISHING,7,4,U3;U4;U5;U6,True,block_redirect,True,6614.708273281,6614.708284969,0.011687999176501762
6,url,http://198.51.100.176:9090/verify,phishing,PHISHING,4,4,U1;U5,True,block_redirect,True,6614.708287201,6614.708299711,0.012510000487964135
6,url,http://203.0.113.198/login/verify?id=24,phishing,PHISHING,4,4,U1;U5,True,block_redirect,True,6614.708301787,6614.708314094,0.012307000361033715
6,url,http://crescentuniversity.edu.ng@crescent-uni-verify-25.tk/reset,phishing,PHISHING,9,4,U2;U3;U5;U6,True,block_redirect,True,6614.708316241,6614.70832694,0.010699000085878652
6,url,http://secure-crescentuni-portal.top/account,phishing,PHISHING,6,4,U3;U5;U6,True,block_redirect,True,6614.708329075,6614.70834078,0.011705000360962003
6,url,https://crescent-portal.work/docs/view?id=27,phishing,PHISHING,5,4,U3;U6,True,block_redirect,True,6614.708342916,6614.708354518,0.01160200008598622
6,url,http://login.secure.crescent-id.gq/verify,phishing,PHISHING,7,4,U3;U4;U5;U6,True,block_redirect,True,6614.708356587,6614.708368072,0.011484999959066045
6,url,http://198.51.100.131:8080/verify,phishing,PHISHING,4,4,U1;U5,True,block_redirect,True,6614.708370287,6614.708382634,0.012346999938017689
6,url,http://203.0.113.217/login/verify?id=30,phishing,PHISHING,4,4,U1;U5,True,block_redirect,True,6614.708386742,6614.708399428,0.012686000445683021
6,url,http://crescentuniversity.edu.ng@crescent-uni-verify-31.tk/reset,phishing,PHISHING,9,4,U2;U3;U5;U6,True,block_redirect,True,6614.708401552,6614.708412373,0.010820999705174472
6,url,http://id-crescent-uni-verify.ga/account,phishing,PHISHING,6,4,U3;U5;U6,True,block_redirect,True,6614.708414488,6614.708425407,0.010918999578279909
6,url,https://crescentuni-portal.ga/docs/view?id=33,phishing,PHISHING,5,4,U3;U6,True,block_redirect,True,6614.708427532,6614.708438215,0.01068299934559036
6,url,http://login.secure.crescent-uni-id.tk/verify,phishing,PHISHING,7,4,U3;U4;U5;U6,True,block_redirect,True,6614.708440572,6614.7084517,0.011128000551252626
6,url,http://203.0.113.127:8080/verify,phishing,PHISHING,4,4,U1;U5,True,block_redirect,True,6614.708453874,6614.708466302,0.012427999536157586
6,url,http://203.0.113.226/login/verify?id=36,phishing,PHISHING,4,4,U1;U5,True,block_redirect,True,6614.708468371,6614.708480548,0.012176999916846398
6,url,http://crescentuniversity.edu.ng@crescentuni-verify-37.tk/reset,phishing,PHISHING,9,4,U2;U3;U5;U6,True,block_redirect,True,6614.70848261,6614.708493339,0.010728999768616632
6,url,http://secure-crescent-verify.ml/account,phishing,PHISHING,6,4,U3;U5;U6,True,block_redirect,True,6614.708495514,6614.708506163,0.010648999705153983
6,url,https://crescent-portal.work/docs/view?id=39,phishing,PHISHING,5,4,U3;U6,True,block_redirect,True,6614.708508284,6614.708519913,0.01162899934570305
6,url,http://login.secure.crescent-id.ga/verify,phishing,PHISHING,7,4,U3;U4;U5;U6,True,block_redirect,True,6614.708523937,6614.708535437,0.011500000255182385
6,url,http://203.0.113.244:9090/verify,phishing,PHISHING,4,4,U1;U5,True,block_redirect,True,6614.708537634,6614.708550107,0.012472999515011907
6,url,http://203.0.113.137/login/verify?id=42,phishing,PHISHING,4,4,U1;U5,True,block_redirect,True,6614.708552208,6614.708564417,0.012209000487928279
6,url,http://crescentuniversity.edu.ng@crescent-uni-verify-43.tk/reset,phishing,PHISHING,9,4,U2;U3;U5;U6,True,block_redirect,True,6614.708566531,6614.708577301,0.010770000699267257
6,url,http://login-crescentuni-alerts.cf/account,phishing,PHISHING,6,4,U3;U5;U6,True,block_redirect,True,6614.708581432,6614.70859301,0.011578000339795835
6,url,https://crescent-uni-portal.gq/docs/view?id=45,phishing,PHISHING,5,4,U3;U6,True,block_redirect,True,6614.708595201,6614.708606342,0.011140999959025066
6,url,http://login.secure.crescentuni-id.xyz/verify,phishing,PHISHING,7,4,U3;U4;U5;U6,True,block_redirect,True,6614.708608404,6614.708620205,0.011801000255218241
6,url,http://203.0.113.32:8080/verify,phishing,PHISHING,4,4,U1;U5,True,block_redirect,True,6614.708622337,6614.708634724,0.012387000424496364
6,url,http://198.51.100.88/login/verify?id=48,phishing,PHISHING,4,4,U1;U5,True,block_redirect,True,6614.708636817,6614.708649062,0.012245000107213855
6,url,http://crescentuniversity.edu.ng@crescent-verify-49.tk/reset,phishing,PHISHING,9,4,U2;U3;U5;U6,True,block_redirect,True,6614.70865116,6614.708661994,0.010834000022441614
6,url,http://id-crescent-uni-verify.cf/account,phishing,PHISHING,6,4,U3;U5;U6,True,block_redirect,True,6614.708666346,6614.708677756,0.011409999387979042
6,url,https://portal.crescentuniversity.edu.ng/resource/1,legitimate,LEGITIMATE,1,4,U4,False,allow,True,6614.708679903,6614.708691764,0.011860999620694201
6,url,https://drive.crescentuniversity.edu.ng/resource/2,legitimate,LEGITIMATE,1,4,U4,False,allow,True,6614.708693819,6614.708705439,0.01162000080512371
6,url,https://portal.crescentuniversity.edu.ng/resource/3,legitimate,LEGITIMATE,1,4,U4,False,allow,True,6614.7087075,6614.708719206,0.011705999895639252
6,url,https://accounts.google.com/signin,legitimate,LEGITIMATE,0,4,,False,allow,True,6614.708721179,6614.708732491,0.011311999514873605
6,url,https://drive.crescentuniversity.edu.ng/resource/5,legitimate,LEGITIMATE,1,4,U4,False,allow,True,6614.708734601,6614.708746237,0.011635999726422597
6,url,https://portal.crescentuniversity.edu.ng/resource/6,legitimate,LEGITIMATE,1,4,U4,False,allow,True,6614.708748253,6614.708759746,0.011493000783957541
6,url,https://library.crescentuniversity.edu.ng/resource/7,legitimate,LEGITIMATE,1,4,U4,False,allow,True,6614.708762019,6614.708773459,0.011440000889706425
6,url,https://www.wikipedia.org/wiki/Security,legitimate,LEGITIMATE,0,4,,False,allow,True,6614.708775817,6614.708787118,0.011301000085950363
6,url,https://mail.crescentuniversity.edu.ng/resource/9,legitimate,LEGITIMATE,1,4,U4,False,allow,True,6614.708789243,6614.708800825,0.011582000297494233
6,url,https://registrar.crescentuniversity.edu.ng/resource/10,legitimate,LEGITIMATE,1,4,U4,False,allow,True,6614.708810306,6614.708822618,0.012312000762904063
6,url,https://bursary.crescentuniversity.edu.ng/resource/11,legitimate,LEGITIMATE,1,4,U4,False,allow,True,6614.708824665,6614.708836216,0.011551000170584302
6,url,https://zoom.us/signin,legitimate,LEGITIMATE,0,4,,False,allow,True,6614.708838332,6614.708849634,0.011302000530122314
6,url,https://hostel.crescentuniversity.edu.ng/resource/13,legitimate,LEGITIMATE,1,4,U4,False,allow,True,6614.708851616,6614.708863043,0.011426999662944581
6,url,https://registrar.crescentuniversity.edu.ng/resource/14,legitimate,LEGITIMATE,1,4,U4,False,allow,True,6614.708865158,6614.708876559,0.011400999937904999
6,url,https://mail.crescentuniversity.edu.ng/resource/15,legitimate,LEGITIMATE,1,4,U4,False,allow,True,6614.708878545,6614.708889885,0.011340000128257088
6,url,https://accounts.google.com/signin,legitimate,LEGITIMATE,0,4,,False,allow,True,6614.708891924,6614.708903074,0.01114999940909911
6,url,https://elearning.crescentuniversity.edu.ng/resource/17,legitimate,LEGITIMATE,1,4,U4,False,allow,True,6614.708905184,6614.708916603,0.011418999747547787
6,url,https://elearning.crescentuniversity.edu.ng/resource/18,legitimate,LEGITIMATE,1,4,U4,False,allow,True,6614.708918617,6614.708929974,0.011357000403222628
6,url,https://hostel.crescentuniversity.edu.ng/resource/19,legitimate,LEGITIMATE,1,4,U4,False,allow,True,6614.708931941,6614.708943323,0.011382000593584962
6,url,https://accounts.google.com/signin,legitimate,LEGITIMATE,0,4,,False,allow,True,6614.708949204,6614.708960826,0.011621999874478206
6,url,https://hostel.crescentuniversity.edu.ng/resource/21,legitimate,LEGITIMATE,1,4,U4,False,allow,True,6614.708962966,6614.708974412,0.01144599991675932
6,url,https://exams.crescentuniversity.edu.ng/resource/22,legitimate,LEGITIMATE,1,4,U4,False,allow,True,6614.708976399,6614.708987869,0.011470000572444405
6,url,https://registrar.crescentuniversity.edu.ng/resource/23,legitimate,LEGITIMATE,1,4,U4,False,allow,True,6614.70898983,6614.709012891,0.02306100032001268
6,url,https://www.wikipedia.org/wiki/Security,legitimate,LEGITIMATE,0,4,,False,allow,True,6614.709015646,6614.709028775,0.013128999853506684
6,url,https://drive.crescentuniversity.edu.ng/resource/25,legitimate,LEGITIMATE,1,4,U4,False,allow,True,6614.709030863,6614.709064118,0.03325499983475311
6,url,https://exams.crescentuniversity.edu.ng/resource/26,legitimate,LEGITIMATE,1,4,U4,False,allow,True,6614.709066932,6614.70908066,0.013728000340051949
6,url,https://library.crescentuniversity.edu.ng/resource/27,legitimate,LEGITIMATE,1,4,U4,False,allow,True,6614.709082893,6614.709094445,0.01155199970526155
6,url,https://www.microsoft.com/en-us/security,legitimate,LEGITIMATE,0,4,,False,allow,True,6614.70909647,6614.709107734,0.011264000022492837
6,url,https://exams.crescentuniversity.edu.ng/resource/29,legitimate,LEGITIMATE,1,4,U4,False,allow,True,6614.709109809,6614.709121142,0.011332999747537542
6,url,https://hostel.crescentuniversity.edu.ng/resource/30,legitimate,LEGITIMATE,1,4,U4,False,allow,True,6614.709126429,6614.709138342,0.011912999980268069
6,url,https://portal.crescentuniversity.edu.ng/resource/31,legitimate,LEGITIMATE,1,4,U4,False,allow,True,6614.709140394,6614.7091518,0.011405999430280644
6,url,https://zoom.us/signin,legitimate,LEGITIMATE,0,4,,False,allow,True,6614.709153812,6614.709164915,0.01110299945139559
6,url,https://drive.crescentuniversity.edu.ng/resource/33,legitimate,LEGITIMATE,1,4,U4,False,allow,True,6614.709166971,6614.709178538,0.011567000001377892
6,url,https://portal.crescentuniversity.edu.ng/resource/34,legitimate,LEGITIMATE,1,4,U4,False,allow,True,6614.709180682,6614.709191985,0.011303000064799562
6,url,https://exams.crescentuniversity.edu.ng/resource/35,legitimate,LEGITIMATE,1,4,U4,False,allow,True,6614.709194023,6614.709205553,0.011529999937920365
6,url,https://zoom.us/signin,legitimate,LEGITIMATE,0,4,,False,allow,True,6614.709209634,6614.70922111,0.0114759995994973
6,url,https://library.crescentuniversity.edu.ng/resource/37,legitimate,LEGITIMATE,1,4,U4,False,allow,True,6614.709223189,6614.709234704,0.011514999641804025
6,url,https://drive.crescentuniversity.edu.ng/resource/38,legitimate,LEGITIMATE,1,4,U4,False,allow,True,6614.709236828,6614.709248327,0.011498999811010435
6,url,https://registrar.crescentuniversity.edu.ng/resource/39,legitimate,LEGITIMATE,1,4,U4,False,allow,True,6614.709250474,6614.709261901,0.011426999662944581
6,url,https://accounts.google.com/signin,legitimate,LEGITIMATE,0,4,,False,allow,True,6614.709266222,6614.709277787,0.011565000022528693
6,landing_page,clean_baseline_portal.html,legitimate,LEGITIMATE,0,4,,False,allow,True,6614.709279939,6614.70928785,0.007910999556770548
6,landing_page,clean_variant_sso.html,legitimate,LEGITIMATE,0,4,,False,allow,True,6614.709289979,6614.709296493,0.0065140002334374
6,landing_page,phish_variant_cross_domain_post.html,phishing,PHISHING,4,4,L1,True,reject_submission,True,6614.709298491,6614.709305434,0.006943000698811375
6,landing_page,phish_variant_hidden_fields.html,phishing,PHISHING,7,4,L1;L2,True,reject_submission,True,6614.709307514,6614.709314603,0.007089000064297579
6,landing_page,gen_clean_001.html,legitimate,LEGITIMATE,0,4,,False,allow,True,6614.709316747,6614.70932337,0.006622999535466079
6,landing_page,gen_clean_002.html,legitimate,LEGITIMATE,0,4,,False,allow,True,6614.709325402,6614.709331803,0.006401000064215623
6,landing_page,gen_clean_003.html,legitimate,LEGITIMATE,0,4,,False,allow,True,6614.709333819,6614.709340836,0.007016999916231725
6,landing_page,gen_clean_004.html,legitimate,LEGITIMATE,0,4,,False,allow,True,6614.709342863,6614.709349743,0.006880000000819564
6,landing_page,gen_clean_005.html,legitimate,LEGITIMATE,0,4,,False,allow,True,6614.709352431,6614.709359371,0.006939999366295524
6,landing_page,gen_clean_006.html,legitimate,LEGITIMATE,0,4,,False,allow,True,6614.709364428,6614.709371723,0.007294999704754446
6,landing_page,gen_clean_007.html,legitimate,LEGITIMATE,0,4,,False,allow,True,6614.709374029,6614.709380329,0.006299999768089037
6,landing_page,gen_clean_008.html,legitimate,LEGITIMATE,0,4,,False,allow,True,6614.709382394,6614.709388894,0.006499999471998308
6,landing_page,gen_phish_001.html,phishing,PHISHING,7,4,L1;L2,True,reject_submission,True,6614.709390882,6614.709397939,0.0070570004027104005
6,landing_page,gen_phish_002.html,phishing,PHISHING,4,4,L1,True,reject_submission,True,6614.709400056,6614.709406672,0.006616000064241234
6,landing_page,gen_phish_003.html,phishing,PHISHING,7,4,L1;L2,True,reject_submission,True,6614.709408788,6614.709415718,0.006930000381544232
6,landing_page,gen_phish_004.html,phishing,PHISHING,4,4,L1,True,reject_submission,True,6614.709417893,6614.709424668,0.006774999746994581
6,landing_page,gen_phish_005.html,phishing,PHISHING,7,4,L1;L2,True,reject_submission,True,6614.709426751,6614.709433582,0.006831000064266846
6,landing_page,gen_phish_006.html,phishing,PHISHING,4,4,L1,True,reject_submission,True,6614.709435673,6614.709442276,0.006602999746974092
6,landing_page,gen_phish_007.html,phishing,PHISHING,7,4,L1;L2,True,reject_submission,True,6614.709444278,6614.709451126,0.006848000339232385
6,landing_page,gen_phish_008.html,phishing,PHISHING,4,4,L1,True,reject_submission,True,6614.70945509,6614.709462038,0.00694800019118702
7,email,gen_legit_016_ict.eml,legitimate,LEGITIMATE,0,4,,False,allow,True,6614.709466488,6614.709549017,0.08252900079241954
7,email,gen_legit_017_bursary.eml,legitimate,LEGITIMATE,0,4,,False,allow,True,6614.709551278,6614.709626429,0.0751510006011813
7,email,gen_legit_018_security.eml,legitimate,LEGITIMATE,0,4,,False,allow,True,6614.709628505,6614.70970657,0.07806499979778891
7,email,gen_legit_019_registrar.eml,legitimate,LEGITIMATE,0,4,,False,allow,True,6614.709708588,6614.70979124,0.08265200085588731
7,email,gen_legit_020_examsoffice.eml,legitimate,LEGITIMATE,0,4,,False,allow,True,6614.709793272,6614.709867339,0.07406700024148449
7,email,gen_legit_021_scholarship.eml,legitimate,LEGITIMATE,0,4,,False,allow,True,6614.709869824,6614.709939483,0.06965900047362084
7,email,gen_legit_022_hostel.eml,legitimate,LEGITIMATE,0,4,,False,allow,True,6614.709941636,6614.710044229,0.1025930005198461
7,email,gen_legit_023_vc.eml,legitimate,LEGITIMATE,0,4,,False,allow,True,6614.710047156,6614.710121818,0.07466199986083666
7,email,gen_legit_024_timetable.eml,legitimate,LEGITIMATE,0,4,,False,allow,True,6614.710123879,6614.710189664,0.06578499960596673
7,email,gen_legit_025_ictupdate.eml,legitimate,LEGITIMATE,0,4,,False,allow,True,6614.710195302,6614.710264107,0.06880499950057128
7,email,gen_legit_026_library.eml,legitimate,LEGITIMATE,0,4,,False,allow,True,6614.710266132,6614.71032931,0.06317800034594256
7,email,gen_legit_027_survey.eml,legitimate,LEGITIMATE,0,4,,False,allow,True,6614.7103313,6614.710404052,0.07275200005096849
7,email,gen_legit_028_convocation.eml,legitimate,LEGITIMATE,0,4,,False,allow,True,6614.710408209,6614.710483386,0.07517700032622088
7,email,gen_legit_029_sug.eml,legitimate,LEGITIMATE,0,4,,False,allow,True,6614.710485421,6614.71056058,0.07515899960708339
7,email,gen_legit_030_transcript.eml,legitimate,LEGITIMATE,0,4,,False,allow,True,6614.710562555,6614.710628732,0.06617700000788318
7,email,gen_legit_046_ict.eml,legitimate,LEGITIMATE,0,4,,False,allow,True,6614.710630708,6614.710769492,0.138783999318548
7,email,gen_legit_047_bursary.eml,legitimate,LEGITIMATE,0,4,,False,allow,True,6614.710771553,6614.710846477,0.07492399981856579
7,email,gen_legit_048_security.eml,legitimate,LEGITIMATE,0,4,,False,allow,True,6614.710848559,6614.710926586,0.07802700019965414
7,email,gen_legit_049_registrar.eml,legitimate,LEGITIMATE,0,4,,False,allow,True,6614.710930758,6614.711060455,0.12969699946552282
7,email,gen_legit_050_examsoffice.eml,legitimate,LEGITIMATE,0,4,,False,allow,True,6614.711066409,6614.711143541,0.07713200011494337
7,email,gen_legit_051_scholarship.eml,legitimate,LEGITIMATE,0,4,,False,allow,True,6614.711145727,6614.711215723,0.06999600009294227
7,email,gen_legit_052_hostel.eml,legitimate,LEGITIMATE,0,4,,False,allow,True,6614.711217724,6614.71128717,0.06944600045244442
7,email,gen_legit_053_vc.eml,legitimate,LEGITIMATE,0,4,,False,allow,True,6614.711289136,6614.711360591,0.07145499967009528
7,email,gen_legit_054_timetable.eml,legitimate,LEGITIMATE,0,4,,False,allow,True,6614.711362576,6614.711427691,0.06511499941552756
7,email,gen_legit_055_ictupdate.eml,legitimate,LEGITIMATE,0,4,,False,allow,True,6614.711429658,6614.711498039,0.06838099943706766
7,email,gen_legit_056_library.eml,legitimate,LEGITIMATE,0,4,,False,allow,True,6614.711500181,6614.711563405,0.06322399985947413
7,email,gen_legit_057_survey.eml,legitimate,LEGITIMATE,0,4,,False,allow,True,6614.711565378,6614.711637565,0.0721870001143543
7,email,gen_legit_058_convocation.eml,legitimate,LEGITIMATE,0,4,,False,allow,True,6614.711639537,6614.711714004,0.07446699964930303
7,email,gen_legit_059_sug.eml,legitimate,LEGITIMATE,0,4,,False,allow,True,6614.711715968,6614.711790832,0.07486399954359513
7,email,gen_legit_060_transcript.eml,legitimate,LEGITIMATE,0,4,,False,allow,True,6614.71179518,6614.711862291,0.06711100013490068
7,email,gen_phish_001_ict.eml,phishing,PHISHING,5,4,E1;E2,True,warn_user,True,6614.711864313,6614.711921023,0.056710000535531435
7,email,gen_phish_002_bursary.eml,phishing,PHISHING,5,4,E1;E2,True,warn_user,True,6614.711923277,6614.712001014,0.07773699962854153
7,email,gen_phish_003_security.eml,phishing,PHISHING,5,4,E1;E2,True,warn_user,True,6614.712003724,6614.712054886,0.05116200009069871
7,email,gen_phish_004_registrar.eml,phishing,PHISHING,5,4,E1;E2,True,warn_user,True,6614.712057294,6614.712117309,0.06001499968988355
7,email,gen_phish_005_examsoffice.eml,phishing,PHISHING,7,4,E1;E2;E3,True,warn_user,True,6614.712119557,6614.712171356,0.05179900017537875
7,email,gen_phish_006_scholarship.eml,phishing,PHISHING,5,4,E1;E2,True,warn_user,True,6614.712173504,6614.712224925,0.051420999625406694
7,email,gen_phish_007_hostel.eml,phishing,PHISHING,5,4,E1;E2,True,warn_user,True,6614.712227049,6614.71231299,0.08594100017944584
7,email,gen_phish_008_vc.eml,phishing,PHISHING,5,4,E1;E2,True,warn_user,True,6614.712315166,6614.712369218,0.05405200045061065
7,email,gen_phish_009_timetable.eml,phishing,PHISHING,5,4,E1;E2,True,warn_user,True,6614.712371534,6614.712426897,0.05536299977393355
7,email,gen_phish_010_ictupdate.eml,phishing,PHISHING,7,4,E1;E2;E3,True,warn_user,True,6614.712432785,6614.712488888,0.056103000133589376
7,email,gen_phish_011_library.eml,phishing,PHISHING,5,4,E1;E2,True,warn_user,True,6614.712491109,6614.712554308,0.0631989996691118
7,email,gen_phish_012_survey.eml,phishing,PHISHING,5,4,E1;E2,True,warn_user,True,6614.7125568,6614.712613272,0.05647200032399269
7,email,gen_phish_013_convocation.eml,phishing,PHISHING,5,4,E1;E2,True,warn_user,True,6614.712615598,6614.712672595,0.0569969997741282
7,email,gen_phish_014_sug.eml,phishing,PHISHING,5,4,E1;E2,True,warn_user,True,6614.712674685,6614.712714654,0.03996899977209978
7,email,gen_phish_015_transcript.eml,phishing,PHISHING,7,4,E1;E2;E3,True,warn_user,True,6614.712716852,6614.712766233,0.04938100028084591
7,email,gen_phish_031_ict.eml,phishing,PHISHING,5,4,E1;E2,True,warn_user,True,6614.712768361,6614.712824195,0.0558340007046354
7,email,gen_phish_032_bursary.eml,phishing,PHISHING,5,4,E1;E2,True,warn_user,True,6614.712826296,6614.712873502,0.04720600009022746
7,email,gen_phish_033_security.eml,phishing,PHISHING,5,4,E1;E2,True,warn_user,True,6614.712875583,6614.712936448,0.060864999795740005
7,email,gen_phish_034_registrar.eml,phishing,PHISHING,5,4,E1;E2,True,warn_user,True,6614.712938974,6614.713037488,0.09851399954641238
7,email,gen_phish_035_examsoffice.eml,phishing,PHISHING,7,4,E1;E2;E3,True,warn_user,True,6614.713043911,6614.713142383,0.0984719999905792
7,email,gen_phish_036_scholarship.eml,phishing,PHISHING,5,4,E1;E2,True,warn_user,True,6614.713144626,6614.713193803,0.04917699970974354
7,email,gen_phish_037_hostel.eml,phishing,PHISHING,5,4,E1;E2,True,warn_user,True,6614.713195898,6614.713248578,0.05268000040814513
7,email,gen_phish_038_vc.eml,phishing,PHISHING,5,4,E1;E2,True,warn_user,True,6614.713250722,6614.713300394,0.04967199947714107
7,email,gen_phish_039_timetable.eml,phishing,PHISHING,5,4,E1;E2,True,warn_user,True,6614.713302654,6614.713357925,0.05527100074687041
7,email,gen_phish_040_ictupdate.eml,phishing,PHISHING,7,4,E1;E2;E3,True,warn_user,True,6614.713360027,6614.713415487,0.05546000011236174
7,email,gen_phish_041_library.eml,phishing,PHISHING,5,4,E1;E2,True,warn_user,True,6614.713417682,6614.713466439,0.04875699960393831
7,email,gen_phish_042_survey.eml,phishing,PHISHING,5,4,E1;E2,True,warn_user,True,6614.713468525,6614.713559492,0.0909669997781748
7,email,gen_phish_043_convocation.eml,phishing,PHISHING,5,4,E1;E2,True,warn_user,True,6614.713561615,6614.713616476,0.05486100053531118
7,email,gen_phish_044_sug.eml,phishing,PHISHING,5,4,E1;E2,True,warn_user,True,6614.713618649,6614.713658576,0.039927000216266606
7,email,gen_phish_045_transcript.eml,phishing,PHISHING,7,4,E1;E2;E3,True,warn_user,True,6614.713663122,6614.713715654,0.05253200015431503
7,url,http://crescentuniversity.edu.ng@crescentuni-verify-1.tk/reset,phishing,PHISHING,9,4,U2;U3;U5;U6,True,block_redirect,True,6614.713717806,6614.713732336,0.014530000044032931
7,url,http://portal-crescentuni.cf/account,phishing,PHISHING,6,4,U3;U5;U6,True,block_redirect,True,6614.713734652,6614.713746106,0.011453999832156114
7,url,https://crescent-uni-portal.xyz/docs/view?id=3,phishing,PHISHING,5,4,U3;U6,True,block_redirect,True,6614.713748313,6614.71375978,0.011467000149423257
7,url,http://login.secure.crescent-id.cf/verify,phishing,PHISHING,7,4,U3;U4;U5;U6,True,block_redirect,True,6614.713761961,6614.713773576,0.01161499949375866
7,url,http://203.0.113.104:8443/verify,phishing,PHISHING,4,4,U1;U5,True,block_redirect,True,6614.713775752,6614.713788514,0.01276199964195257
7,url,http://198.51.100.235/login/verify?id=6,phishing,PHISHING,4,4,U1;U5,True,block_redirect,True,6614.713790855,6614.713803268,0.012413000149535947
7,url,http://crescentuniversity.edu.ng@crescent-uni-verify-7.tk/reset,phishing,PHISHING,9,4,U2;U3;U5;U6,True,block_redirect,True,6614.713805359,6614.713816388,0.011029000233975239
7,url,http://verify-crescent-uni-verify.work/account,phishing,PHISHING,6,4,U3;U5;U6,True,block_redirect,True,6614.713820609,6614.713832846,0.012236999282322358
7,url,https://crescentuni-portal.work/docs/view?id=9,phishing,PHISHING,5,4,U3;U6,True,block_redirect,True,6614.713835359,6614.713847142,0.011783000445575453
7,url,http://login.secure.crescent-id.gq/verify,phishing,PHISHING,7,4,U3;U4;U5;U6,True,block_redirect,True,6614.713851143,6614.71386304,0.01189700014947448
7,url,http://198.51.100.192:9090/verify,phishing,PHISHING,4,4,U1;U5,True,block_redirect,True,6614.713865205,6614.71387796,0.012755000170727726
7,url,http://203.0.113.193/login/verify?id=12,phishing,PHISHING,4,4,U1;U5,True,block_redirect,True,6614.713880043,6614.71390894,0.028896999538119417
7,url,http://crescentuniversity.edu.ng@crescent-uni-verify-13.tk/reset,phishing,PHISHING,9,4,U2;U3;U5;U6,True,block_redirect,True,6614.713915411,6614.713965839,0.050427999667590484
7,url,http://id-crescentuni-secure.xyz/account,phishing,PHISHING,6,4,U3;U5;U6,True,block_redirect,True,6614.713969596,6614.713986439,0.01684299968474079
7,url,https://crescent-portal.ga/docs/view?id=15,phishing,PHISHING,5,4,U3;U6,True,block_redirect,True,6614.713989121,6614.714002599,0.01347800025541801
7,url,http://login.secure.crescent-uni-id.work/verify,phishing,PHISHING,7,4,U3;U4;U5;U6,True,block_redirect,True,6614.714005482,6614.714023703,0.0182209996637539
7,url,http://198.51.100.222:8080/verify,phishing,PHISHING,4,4,U1;U5,True,block_redirect,True,6614.714026278,6614.714039673,0.013394999768934213
7,url,http://198.51.100.204/login/verify?id=18,phishing,PHISHING,4,4,U1;U5,True,block_redirect,True,6614.71404214,6614.714054632,0.012491999768826645
7,url,http://crescentuniversity.edu.ng@crescent-uni-verify-19.tk/reset,phishing,PHISHING,9,4,U2;U3;U5;U6,True,block_redirect,True,6614.714056809,6614.714067789,0.01098000029742252
7,url,http://id-crescentuni-login.top/account,phishing,PHISHING,6,4,U3;U5;U6,True,block_redirect,True,6614.714074707,6614.714087205,0.012498000614868943
7,url,https://crescentuni-portal.work/docs/view?id=21,phishing,PHISHING,5,4,U3;U6,True,block_redirect,True,6614.71408946,6614.714101178,0.011718000678229146
7,url,http://login.secure.crescent-uni-id.gq/verify,phishing,PHISHING,7,4,U3;U4;U5;U6,True,block_redirect,True,6614.714103257,6614.714114836,0.011578999874473084
7,url,http://198.51.100.176:9090/verify,phishing,PHISHING,4,4,U1;U5,True,block_redirect,True,6614.714117062,6614.714131344,0.014281999938248191
7,url,http://203.0.113.198/login/verify?id=24,phishing,PHISHING,4,4,U1;U5,True,block_redirect,True,6614.714133454,6614.714145808,0.012353999409242533
7,url,http://crescentuniversity.edu.ng@crescent-uni-verify-25.tk/reset,phishing,PHISHING,9,4,U2;U3;U5;U6,True,block_redirect,True,6614.714147905,6614.714158667,0.010762000783870462
7,url,http://secure-crescentuni-portal.top/account,phishing,PHISHING,6,4,U3;U5;U6,True,block_redirect,True,6614.714160837,6614.714172461,0.011623999853327405
7,url,https://crescent-portal.work/docs/view?id=27,phishing,PHISHING,5,4,U3;U6,True,block_redirect,True,6614.714174583,6614.714186171,0.011587999324547127
7,url,http://login.secure.crescent-id.gq/verify,phishing,PHISHING,7,4,U3;U4;U5;U6,True,block_redirect,True,6614.714188259,6614.71419976,0.011500999789859634
7,url,http://198.51.100.131:8080/verify,phishing,PHISHING,4,4,U1;U5,True,block_redirect,True,6614.714202062,6614.71421441,0.012347999472694937
7,url,http://203.0.113.217/login/verify?id=30,phishing,PHISHING,4,4,U1;U5,True,block_redirect,True,6614.714218742,6614.714231438,0.012695999430434313
7,url,http://crescentuniversity.edu.ng@crescent-uni-verify-31.tk/reset,phishing,PHISHING,9,4,U2;U3;U5;U6,True,block_redirect,True,6614.714233581,6614.714244419,0.010837999980140012
7,url,http://id-crescent-uni-verify.ga/account,phishing,PHISHING,6,4,U3;U5;U6,True,block_redirect,True,6614.714246542,6614.714257394,0.010851999832084402
7,url,https://crescentuni-portal.ga/docs/view?id=33,phishing,PHISHING,5,4,U3;U6,True,block_redirect,True,6614.714259547,6614.714270334,0.010786999155243393
7,url,http://login.secure.crescent-uni-id.tk/verify,phishing,PHISHING,7,4,U3;U4;U5;U6,True,block_redirect,True,6614.714272676,6614.714283503,0.010826999641722068
7,url,http://203.0.113.127:8080/verify,phishing,PHISHING,4,4,U1;U5,True,block_redirect,True,6614.714285725,6614.714298112,0.012386999515001662
7,url,http://203.0.113.226/login/verify?id=36,phishing,PHISHING,4,4,U1;U5,True,block_redirect,True,6614.714300183,6614.714312317,0.012133999916841276
7,url,http://crescentuniversity.edu.ng@crescentuni-verify-37.tk/reset,phishing,PHISHING,9,4,U2;U3;U5;U6,True,block_redirect,True,6614.714314455,6614.714325232,0.010777000170492101
7,url,http://secure-crescent-verify.ml/account,phishing,PHISHING,6,4,U3;U5;U6,True,block_redirect,True,6614.714327366,6614.71433847,0.01110399989556754
7,url,https://crescent-portal.work/docs/view?id=39,phishing,PHISHING,5,4,U3;U6,True,block_redirect,True,6614.714340897,6614.714354542,0.013645000763062853
7,url,http://login.secure.crescent-id.ga/verify,phishing,PHISHING,7,4,U3;U4;U5;U6,True,block_redirect,True,6614.714364069,6614.714379611,0.01554200025566388
7,url,http://203.0.113.244:9090/verify,phishing,PHISHING,4,4,U1;U5,True,block_redirect,True,6614.714383012,6614.714397491,0.014479000128631014
7,url,http://203.0.113.137/login/verify?id=42,phishing,PHISHING,4,4,U1;U5,True,block_redirect,True,6614.714400472,6614.714416206,0.015734000044176355
7,url,http://crescentuniversity.edu.ng@crescent-uni-verify-43.tk/reset,phishing,PHISHING,9,4,U2;U3;U5;U6,True,block_redirect,True,6614.714418893,6614.71443473,0.01583700031915214
7,url,http://login-crescentuni-alerts.cf/account,phishing,PHISHING,6,4,U3;U5;U6,True,block_redirect,True,6614.714441945,6614.714457622,0.015677000192226842
7,url,https://crescent-uni-portal.gq/docs/view?id=45,phishing,PHISHING,5,4,U3;U6,True,block_redirect,True,6614.714460287,6614.714473773,0.013485999261320103
7,url,http://login.secure.crescentuni-id.xyz/verify,phishing,PHISHING,7,4,U3;U4;U5;U6,True,block_redirect,True,6614.714476651,6614.714494065,0.01741399955790257
7,url,http://203.0.113.32:8080/verify,phishing,PHISHING,4,4,U1;U5,True,block_redirect,True,6614.714496556,6614.714512718,0.01616200006537838
7,url,http://198.51.100.88/login/verify?id=48,phishing,PHISHING,4,4,U1;U5,True,block_redirect,True,6614.714515631,6614.714535468,0.01983699985430576
7,url,http://crescentuniversity.edu.ng@crescent-verify-49.tk/reset,phishing,PHISHING,9,4,U2;U3;U5;U6,True,block_redirect,True,6614.714538753,6614.714556922,0.018169000213674735
7,url,http://id-crescent-uni-verify.cf/account,phishing,PHISHING,6,4,U3;U5;U6,True,block_redirect,True,6614.714567231,6614.714592352,0.025121000362560153
7,url,https://portal.crescentuniversity.edu.ng/resource/1,legitimate,LEGITIMATE,1,4,U4,False,allow,True,6614.714595374,6614.714610668,0.015294000149879139
7,url,https://drive.crescentuniversity.edu.ng/resource/2,legitimate,LEGITIMATE,1,4,U4,False,allow,True,6614.71461356,6614.714627915,0.014355000530485995
7,url,https://portal.crescentuniversity.edu.ng/resource/3,legitimate,LEGITIMATE,1,4,U4,False,allow,True,6614.714630435,6614.71464492,0.01448500006517861
7,url,https://accounts.google.com/signin,legitimate,LEGITIMATE,0,4,,False,allow,True,6614.714647304,6614.71466138,0.014075999388296623
7,url,https://drive.crescentuniversity.edu.ng/resource/5,legitimate,LEGITIMATE,1,4,U4,False,allow,True,6614.714664129,6614.714678166,0.0140370002554846
7,url,https://portal.crescentuniversity.edu.ng/resource/6,legitimate,LEGITIMATE,1,4,U4,False,allow,True,6614.714681132,6614.714696416,0.015284000255633146
7,url,https://library.crescentuniversity.edu.ng/resource/7,legitimate,LEGITIMATE,1,4,U4,False,allow,True,6614.714698927,6614.714717166,0.01823899947339669
7,url,https://www.wikipedia.org/wiki/Security,legitimate,LEGITIMATE,0,4,,False,allow,True,6614.714720247,6614.714735887,0.015640000128769316
7,url,https://mail.crescentuniversity.edu.ng/resource/9,legitimate,LEGITIMATE,1,4,U4,False,allow,True,6614.714738669,6614.714753683,0.015013999473012518
7,url,https://registrar.crescentuniversity.edu.ng/resource/10,legitimate,LEGITIMATE,1,4,U4,False,allow,True,6614.714762534,6614.714779381,0.016846999642439187
7,url,https://bursary.crescentuniversity.edu.ng/resource/11,legitimate,LEGITIMATE,1,4,U4,False,allow,True,6614.714781842,6614.714796278,0.014436000128625892
7,url,https://zoom.us/signin,legitimate,LEGITIMATE,0,4,,False,allow,True,6614.714798843,6614.714813851,0.015008000445959624
7,url,https://hostel.crescentuniversity.edu.ng/resource/13,legitimate,LEGITIMATE,1,4,U4,False,allow,True,6614.71481747,6614.714930486,0.11301600079605123
7,url,https://registrar.crescentuniversity.edu.ng/resource/14,legitimate,LEGITIMATE,1,4,U4,False,allow,True,6614.714936732,6614.715082958,0.14622599974245531
7,url,https://mail.crescentuniversity.edu.ng/resource/15,legitimate,LEGITIMATE,1,4,U4,False,allow,True,6614.715087666,6614.71510446,0.01679399974818807
7,url,https://accounts.google.com/signin,legitimate,LEGITIMATE,0,4,,False,allow,True,6614.715107745,6614.7151226,0.014854999790259171
7,url,https://elearning.crescentuniversity.edu.ng/resource/17,legitimate,LEGITIMATE,1,4,U4,False,allow,True,6614.715125862,6614.715142283,0.016421000509581063
7,url,https://elearning.crescentuniversity.edu.ng/resource/18,legitimate,LEGITIMATE,1,4,U4,False,allow,True,6614.715145718,6614.715161324,0.015606000488332938
7,url,https://hostel.crescentuniversity.edu.ng/resource/19,legitimate,LEGITIMATE,1,4,U4,False,allow,True,6614.715164648,6614.715179776,0.015128000086406246
7,url,https://accounts.google.com/signin,legitimate,LEGITIMATE,0,4,,False,allow,True,6614.715204117,6614.715219443,0.015325999811466318
7,url,https://hostel.crescentuniversity.edu.ng/resource/21,legitimate,LEGITIMATE,1,4,U4,False,allow,True,6614.715222704,6614.715241551,0.0188470003195107
7,url,https://exams.crescentuniversity.edu.ng/resource/22,legitimate,LEGITIMATE,1,4,U4,False,allow,True,6614.715245471,6614.715260943,0.015472000086447224
7,url,https://registrar.crescentuniversity.edu.ng/resource/23,legitimate,LEGITIMATE,1,4,U4,False,allow,True,6614.715263907,6614.715279266,0.015358999917225447
7,url,https://www.wikipedia.org/wiki/Security,legitimate,LEGITIMATE,0,4,,False,allow,True,6614.715282157,6614.715296025,0.013867999768990558
7,url,https://drive.crescentuniversity.edu.ng/resource/25,legitimate,LEGITIMATE,1,4,U4,False,allow,True,6614.715298741,6614.715313843,0.015102000361366663
7,url,https://exams.crescentuniversity.edu.ng/resource/26,legitimate,LEGITIMATE,1,4,U4,False,allow,True,6614.715316586,6614.715331481,0.014895000276737846
7,url,https://library.crescentuniversity.edu.ng/resource/27,legitimate,LEGITIMATE,1,4,U4,False,allow,True,6614.71533489,6614.715349723,0.014833000022917986
7,url,https://www.microsoft.com/en-us/security,legitimate,LEGITIMATE,0,4,,False,allow,True,6614.715352219,6614.715366411,0.01419199998053955
7,url,https://exams.crescentuniversity.edu.ng/resource/29,legitimate,LEGITIMATE,1,4,U4,False,allow,True,6614.715368963,6614.715383574,0.014610999642172828
7,url,https://hostel.crescentuniversity.edu.ng/resource/30,legitimate,LEGITIMATE,1,4,U4,False,allow,True,6614.715395332,6614.715412177,0.016844999663589988
7,url,https://portal.crescentuniversity.edu.ng/resource/31,legitimate,LEGITIMATE,1,4,U4,False,allow,True,6614.715415026,6614.715429418,0.01439199968444882
7,url,https://zoom.us/signin,legitimate,LEGITIMATE,0,4,,False,allow,True,6614.715432093,6614.715446229,0.014135999663267285
7,url,https://drive.crescentuniversity.edu.ng/resource/33,legitimate,LEGITIMATE,1,4,U4,False,allow,True,6614.715449325,6614.715465358,0.016033000065363012
7,url,https://portal.crescentuniversity.edu.ng/resource/34,legitimate,LEGITIMATE,1,4,U4,False,allow,True,6614.715469084,6614.715484604,0.015520000488322694
7,url,https://exams.crescentuniversity.edu.ng/resource/35,legitimate,LEGITIMATE,1,4,U4,False,allow,True,6614.715487493,6614.715502231,0.014737999663338996
7,url,https://zoom.us/signin,legitimate,LEGITIMATE,0,4,,False,allow,True,6614.715511058,6614.715526768,0.01571000029798597
7,url,https://library.crescentuniversity.edu.ng/resource/37,legitimate,LEGITIMATE,1,4,U4,False,allow,True,6614.715529694,6614.715544304,0.01461000010749558
7,url,https://drive.crescentuniversity.edu.ng/resource/38,legitimate,LEGITIMATE,1,4,U4,False,allow,True,6614.715547419,6614.715563086,0.015666999388486147
7,url,https://registrar.crescentuniversity.edu.ng/resource/39,legitimate,LEGITIMATE,1,4,U4,False,allow,True,6614.715566042,6614.715580508,0.014465999811363872
7,url,https://accounts.google.com/signin,legitimate,LEGITIMATE,0,4,,False,allow,True,6614.715589018,6614.715604027,0.015008999980636872
7,landing_page,clean_baseline_portal.html,legitimate,LEGITIMATE,0,4,,False,allow,True,6614.715607363,6614.715619336,0.011972999345744029
7,landing_page,clean_variant_sso.html,legitimate,LEGITIMATE,0,4,,False,allow,True,6614.715622128,6614.715630722,0.008594000064476859
7,landing_page,phish_variant_cross_domain_post.html,phishing,PHISHING,4,4,L1,True,reject_submission,True,6614.715633721,6614.715642631,0.008910000360629056
7,landing_page,phish_variant_hidden_fields.html,phishing,PHISHING,7,4,L1;L2,True,reject_submission,True,6614.715645495,6614.715654459,0.00896399978955742
7,landing_page,gen_clean_001.html,legitimate,LEGITIMATE,0,4,,False,allow,True,6614.715657909,6614.715666592,0.008683000487508252
7,landing_page,gen_clean_002.html,legitimate,LEGITIMATE,0,4,,False,allow,True,6614.715669145,6614.715677002,0.007857000127842184
7,landing_page,gen_clean_003.html,legitimate,LEGITIMATE,0,4,,False,allow,True,6614.715679938,6614.715688015,0.008076999620243441
7,landing_page,gen_clean_004.html,legitimate,LEGITIMATE,0,4,,False,allow,True,6614.715690769,6614.715699557,0.008788000741333235
7,landing_page,gen_clean_005.html,legitimate,LEGITIMATE,0,4,,False,allow,True,6614.715702109,6614.715710588,0.008478999916405883
7,landing_page,gen_clean_006.html,legitimate,LEGITIMATE,0,4,,False,allow,True,6614.715724735,6614.715734311,0.009576000593369827
7,landing_page,gen_clean_007.html,legitimate,LEGITIMATE,0,4,,False,allow,True,6614.715737314,6614.715746174,0.008859999979904387
7,landing_page,gen_clean_008.html,legitimate,LEGITIMATE,0,4,,False,allow,True,6614.715749182,6614.715757661,0.008478999916405883
7,landing_page,gen_phish_001.html,phishing,PHISHING,7,4,L1;L2,True,reject_submission,True,6614.715760403,6614.715770058,0.009655000212660525
7,landing_page,gen_phish_002.html,phishing,PHISHING,4,4,L1,True,reject_submission,True,6614.715772962,6614.715782054,0.009091999345400836
7,landing_page,gen_phish_003.html,phishing,PHISHING,7,4,L1;L2,True,reject_submission,True,6614.715784904,6614.715794296,0.009391999810759444
7,landing_page,gen_phish_004.html,phishing,PHISHING,4,4,L1,True,reject_submission,True,6614.71579754,6614.71587073,0.07318999996641651
7,landing_page,gen_phish_005.html,phishing,PHISHING,7,4,L1;L2,True,reject_submission,True,6614.715875047,6614.715883846,0.008799000170256477
7,landing_page,gen_phish_006.html,phishing,PHISHING,4,4,L1,True,reject_submission,True,6614.715886185,6614.715893194,0.007009000000834931
7,landing_page,gen_phish_007.html,phishing,PHISHING,7,4,L1;L2,True,reject_submission,True,6614.715895261,6614.715902299,0.007038000148895662
7,landing_page,gen_phish_008.html,phishing,PHISHING,4,4,L1,True,reject_submission,True,6614.71591258,6614.715919822,0.00724199981050333
8,email,gen_legit_016_ict.eml,legitimate,LEGITIMATE,0,4,,False,allow,True,6614.715926671,6614.716026222,0.09955100085790036
8,email,gen_legit_017_bursary.eml,legitimate,LEGITIMATE,0,4,,False,allow,True,6614.716028629,6614.716107483,0.07885400009399746
8,email,gen_legit_018_security.eml,legitimate,LEGITIMATE,0,4,,False,allow,True,6614.716114176,6614.716197145,0.08296899977722205
8,email,gen_legit_019_registrar.eml,legitimate,LEGITIMATE,0,4,,False,allow,True,6614.716199393,6614.716284665,0.08527199952368392
8,email,gen_legit_020_examsoffice.eml,legitimate,LEGITIMATE,0,4,,False,allow,True,6614.716286961,6614.716363236,0.07627499962836737
8,email,gen_legit_021_scholarship.eml,legitimate,LEGITIMATE,0,4,,False,allow,True,6614.716365483,6614.716448504,0.08302100013679592
8,email,gen_legit_022_hostel.eml,legitimate,LEGITIMATE,0,4,,False,allow,True,6614.716456885,6614.716543955,0.08706999960850226
8,email,gen_legit_023_vc.eml,legitimate,LEGITIMATE,0,4,,False,allow,True,6614.716546782,6614.716625362,0.07858000026317313
8,email,gen_legit_024_timetable.eml,legitimate,LEGITIMATE,0,4,,False,allow,True,6614.716627881,6614.716694712,0.06683100036752876
8,email,gen_legit_025_ictupdate.eml,legitimate,LEGITIMATE,0,4,,False,allow,True,6614.716703068,6614.716776848,0.07378000009339303
8,email,gen_legit_026_library.eml,legitimate,LEGITIMATE,0,4,,False,allow,True,6614.716834389,6614.716972123,0.137734000418277
8,email,gen_legit_027_survey.eml,legitimate,LEGITIMATE,0,4,,False,allow,True,6614.716975147,6614.717050832,0.07568499950139085
8,email,gen_legit_028_convocation.eml,legitimate,LEGITIMATE,0,4,,False,allow,True,6614.717052963,6614.717128277,0.07531399933213834
8,email,gen_legit_029_sug.eml,legitimate,LEGITIMATE,0,4,,False,allow,True,6614.717130391,6614.717206002,0.0756110002839705
8,email,gen_legit_030_transcript.eml,legitimate,LEGITIMATE,0,4,,False,allow,True,6614.717208022,6614.717274589,0.06656700043095043
8,email,gen_legit_046_ict.eml,legitimate,LEGITIMATE,0,4,,False,allow,True,6614.717276627,6614.717355419,0.0787920007496723
8,email,gen_legit_047_bursary.eml,legitimate,LEGITIMATE,0,4,,False,allow,True,6614.717357423,6614.717432298,0.07487499988201307
8,email,gen_legit_048_security.eml,legitimate,LEGITIMATE,0,4,,False,allow,True,6614.717434494,6614.717512753,0.07825899956515059
8,email,gen_legit_049_registrar.eml,legitimate,LEGITIMATE,0,4,,False,allow,True,6614.717526328,6614.717667858,0.14153000029182294
8,email,gen_legit_050_examsoffice.eml,legitimate,LEGITIMATE,0,4,,False,allow,True,6614.717708931,6614.717825137,0.11620599980233237
8,email,gen_legit_051_scholarship.eml,legitimate,LEGITIMATE,0,4,,False,allow,True,6614.717828161,6614.717901315,0.07315399943763623
8,email,gen_legit_052_hostel.eml,legitimate,LEGITIMATE,0,4,,False,allow,True,6614.717903361,6614.71797313,0.06976900021982146
8,email,gen_legit_053_vc.eml,legitimate,LEGITIMATE,0,4,,False,allow,True,6614.717975141,6614.718129411,0.15426999925693963
8,email,gen_legit_054_timetable.eml,legitimate,LEGITIMATE,0,4,,False,allow,True,6614.718133013,6614.718203851,0.07083800028340193
8,email,gen_legit_055_ictupdate.eml,legitimate,LEGITIMATE,0,4,,False,allow,True,6614.71820595,6614.718275122,0.0691719997121254
8,email,gen_legit_056_library.eml,legitimate,LEGITIMATE,0,4,,False,allow,True,6614.718277348,6614.718340965,0.06361699979606783
8,email,gen_legit_057_survey.eml,legitimate,LEGITIMATE,0,4,,False,allow,True,6614.718342975,6614.718415824,0.07284899947990198
8,email,gen_legit_058_convocation.eml,legitimate,LEGITIMATE,0,4,,False,allow,True,6614.718417805,6614.718492624,0.0748189995647408
8,email,gen_legit_059_sug.eml,legitimate,LEGITIMATE,0,4,,False,allow,True,6614.718494595,6614.718569803,0.0752079995436361
8,email,gen_legit_060_transcript.eml,legitimate,LEGITIMATE,0,4,,False,allow,True,6614.718578928,6614.718646374,0.06744599977537291
8,email,gen_phish_001_ict.eml,phishing,PHISHING,5,4,E1;E2,True,warn_user,True,6614.718648391,6614.718706492,0.05810099992231699
8,email,gen_phish_002_bursary.eml,phishing,PHISHING,5,4,E1;E2,True,warn_user,True,6614.718708863,6614.718759466,0.05060300009063212
8,email,gen_phish_003_security.eml,phishing,PHISHING,5,4,E1;E2,True,warn_user,True,6614.718776408,6614.718850687,0.07427899981848896
8,email,gen_phish_004_registrar.eml,phishing,PHISHING,5,4,E1;E2,True,warn_user,True,6614.718853772,6614.718916574,0.0628019997748197
8,email,gen_phish_005_examsoffice.eml,phishing,PHISHING,7,4,E1;E2;E3,True,warn_user,True,6614.718918716,6614.718970934,0.05221799983701203
8,email,gen_phish_006_scholarship.eml,phishing,PHISHING,5,4,E1;E2,True,warn_user,True,6614.718973072,6614.719024871,0.05179900017537875
8,email,gen_phish_007_hostel.eml,phishing,PHISHING,5,4,E1;E2,True,warn_user,True,6614.719026949,6614.719113485,0.086535999798798
8,email,gen_phish_008_vc.eml,phishing,PHISHING,5,4,E1;E2,True,warn_user,True,6614.719115636,6614.719166302,0.05066599987912923
8,email,gen_phish_009_timetable.eml,phishing,PHISHING,5,4,E1;E2,True,warn_user,True,6614.719168392,6614.719223925,0.05553299979510484
8,email,gen_phish_010_ictupdate.eml,phishing,PHISHING,7,4,E1;E2;E3,True,warn_user,True,6614.719230193,6614.719286647,0.0564540005143499
8,email,gen_phish_011_library.eml,phishing,PHISHING,5,4,E1;E2,True,warn_user,True,6614.719288871,6614.719352102,0.06323100024019368
8,email,gen_phish_012_survey.eml,phishing,PHISHING,5,4,E1;E2,True,warn_user,True,6614.719354911,6614.719411816,0.05690499983757036
8,email,gen_phish_013_convocation.eml,phishing,PHISHING,5,4,E1;E2,True,warn_user,True,6614.719414018,6614.719471383,0.05736500042985426
8,email,gen_phish_014_sug.eml,phishing,PHISHING,5,4,E1;E2,True,warn_user,True,6614.719473463,6614.719513537,0.04007400002592476
8,email,gen_phish_015_transcript.eml,phishing,PHISHING,7,4,E1;E2;E3,True,warn_user,True,6614.719515653,6614.719565145,0.04949200047121849
8,email,gen_phish_031_ict.eml,phishing,PHISHING,5,4,E1;E2,True,warn_user,True,6614.719567296,6614.719623476,0.05618000068352558
8,email,gen_phish_032_bursary.eml,phishing,PHISHING,5,4,E1;E2,True,warn_user,True,6614.719625546,6614.719673367,0.047820999498071615
8,email,gen_phish_033_security.eml,phishing,PHISHING,5,4,E1;E2,True,warn_user,True,6614.719675429,6614.719725855,0.05042600059823599
8,email,gen_phish_034_registrar.eml,phishing,PHISHING,5,4,E1;E2,True,warn_user,True,6614.719727985,6614.719836532,0.10854700030904496
8,email,gen_phish_035_examsoffice.eml,phishing,PHISHING,7,4,E1;E2;E3,True,warn_user,True,6614.719843091,6614.71994154,0.09844899977906607
8,email,gen_phish_036_scholarship.eml,phishing,PHISHING,5,4,E1;E2,True,warn_user,True,6614.719943725,6614.719993171,0.04944600004819222
8,email,gen_phish_037_hostel.eml,phishing,PHISHING,5,4,E1;E2,True,warn_user,True,6614.719995243,6614.720048439,0.0531959994987119
8,email,gen_phish_038_vc.eml,phishing,PHISHING,5,4,E1;E2,True,warn_user,True,6614.720050532,6614.720100634,0.050102000386686996
8,email,gen_phish_039_timetable.eml,phishing,PHISHING,5,4,E1;E2,True,warn_user,True,6614.720102946,6614.720158498,0.05555200004891958
8,email,gen_phish_040_ictupdate.eml,phishing,PHISHING,7,4,E1;E2;E3,True,warn_user,True,6614.720160557,6614.720215975,0.05541800055652857
8,email,gen_phish_041_library.eml,phishing,PHISHING,5,4,E1;E2,True,warn_user,True,6614.720218141,6614.720266778,0.04863699996349169
8,email,gen_phish_042_survey.eml,phishing,PHISHING,5,4,E1;E2,True,warn_user,True,6614.720268919,6614.720359954,0.09103499996854225
8,email,gen_phish_043_convocation.eml,phishing,PHISHING,5,4,E1;E2,True,warn_user,True,6614.720362026,6614.720417029,0.055002999943098985
8,email,gen_phish_044_sug.eml,phishing,PHISHING,5,4,E1;E2,True,warn_user,True,6614.720419134,6614.720459289,0.04015500053355936
8,email,gen_phish_045_transcript.eml,phishing,PHISHING,7,4,E1;E2;E3,True,warn_user,True,6614.720463684,6614.720516655,0.052971000513934996
8,url,http://crescentuniversity.edu.ng@crescentuni-verify-1.tk/reset,phishing,PHISHING,9,4,U2;U3;U5;U6,True,block_redirect,True,6614.720520856,6614.720538431,0.017575000128999818
8,url,http://portal-crescentuni.cf/account,phishing,PHISHING,6,4,U3;U5;U6,True,block_redirect,True,6614.720540852,6614.720552261,0.011408999853301793
8,url,https://crescent-uni-portal.xyz/docs/view?id=3,phishing,PHISHING,5,4,U3;U6,True,block_redirect,True,6614.720554463,6614.720566008,0.011545000234036706
8,url,http://login.secure.crescent-id.cf/verify,phishing,PHISHING,7,4,U3;U4;U5;U6,True,block_redirect,True,6614.720568164,6614.720579865,0.011701000403263606
8,url,http://203.0.113.104:8443/verify,phishing,PHISHING,4,4,U1;U5,True,block_redirect,True,6614.720582008,6614.720595361,0.01335300021310104
8,url,http://198.51.100.235/login/verify?id=6,phishing,PHISHING,4,4,U1;U5,True,block_redirect,True,6614.72059795,6614.720610629,0.012678999155468773
8,url,http://crescentuniversity.edu.ng@crescent-uni-verify-7.tk/reset,phishing,PHISHING,9,4,U2;U3;U5;U6,True,block_redirect,True,6614.720612703,6614.720623733,0.011029999768652488
8,url,http://verify-crescent-uni-verify.work/account,phishing,PHISHING,6,4,U3;U5;U6,True,block_redirect,True,6614.720626146,6614.720638032,0.011886000720551237
8,url,https://crescentuni-portal.work/docs/view?id=9,phishing,PHISHING,5,4,U3;U6,True,block_redirect,True,6614.720640195,6614.7206521,0.011905000064871274
8,url,http://login.secure.crescent-id.gq/verify,phishing,PHISHING,7,4,U3;U4;U5;U6,True,block_redirect,True,6614.720656197,6614.720668215,0.012018000234093051
8,url,http://198.51.100.192:9090/verify,phishing,PHISHING,4,4,U1;U5,True,block_redirect,True,6614.720670401,6614.72068295,0.01254900053027086
8,url,http://203.0.113.193/login/verify?id=12,phishing,PHISHING,4,4,U1;U5,True,block_redirect,True,6614.72068502,6614.720697292,0.012272000276425388
8,url,http://crescentuniversity.edu.ng@crescent-uni-verify-13.tk/reset,phishing,PHISHING,9,4,U2;U3;U5;U6,True,block_redirect,True,6614.720699361,6614.7207101,0.010739000572357327
8,url,http://id-crescentuni-secure.xyz/account,phishing,PHISHING,6,4,U3;U5;U6,True,block_redirect,True,6614.72071222,6614.72073761,0.02538999979151413
8,url,https://crescent-portal.ga/docs/view?id=15,phishing,PHISHING,5,4,U3;U6,True,block_redirect,True,6614.720740025,6614.720751223,0.01119799981097458
8,url,http://login.secure.crescent-uni-id.work/verify,phishing,PHISHING,7,4,U3;U4;U5;U6,True,block_redirect,True,6614.720753357,6614.720790106,0.036749000173585955
8,url,http://198.51.100.222:8080/verify,phishing,PHISHING,4,4,U1;U5,True,block_redirect,True,6614.72079266,6614.72080582,0.013159999980416615
8,url,http://198.51.100.204/login/verify?id=18,phishing,PHISHING,4,4,U1;U5,True,block_redirect,True,6614.720808337,6614.720820832,0.012495000191847794
8,url,http://crescentuniversity.edu.ng@crescent-uni-verify-19.tk/reset,phishing,PHISHING,9,4,U2;U3;U5;U6,True,block_redirect,True,6614.720823296,6614.720834576,0.011279999853286427
8,url,http://id-crescentuni-login.top/account,phishing,PHISHING,6,4,U3;U5;U6,True,block_redirect,True,6614.720840285,6614.720852533,0.012247999620740302
8,url,https://crescentuni-portal.work/docs/view?id=21,phishing,PHISHING,5,4,U3;U6,True,block_redirect,True,6614.720854672,6614.720866394,0.011721999726432841
8,url,http://login.secure.crescent-uni-id.gq/verify,phishing,PHISHING,7,4,U3;U4;U5;U6,True,block_redirect,True,6614.720868444,6614.72088022,0.011776000064855907
8,url,http://198.51.100.176:9090/verify,phishing,PHISHING,4,4,U1;U5,True,block_redirect,True,6614.72088244,6614.720895063,0.01262299974769121
8,url,http://203.0.113.198/login/verify?id=24,phishing,PHISHING,4,4,U1;U5,True,block_redirect,True,6614.720897133,6614.720909381,0.012247999620740302
8,url,http://crescentuniversity.edu.ng@crescent-uni-verify-25.tk/reset,phishing,PHISHING,9,4,U2;U3;U5;U6,True,block_redirect,True,6614.720911498,6614.720922358,0.010860000656975899
8,url,http://secure-crescentuni-portal.top/account,phishing,PHISHING,6,4,U3;U5;U6,True,block_redirect,True,6614.720924501,6614.720936181,0.01168000017059967
8,url,https://crescent-portal.work/docs/view?id=27,phishing,PHISHING,5,4,U3;U6,True,block_redirect,True,6614.720938279,6614.720949976,0.011697000445565209
8,url,http://login.secure.crescent-id.gq/verify,phishing,PHISHING,7,4,U3;U4;U5;U6,True,block_redirect,True,6614.720952064,6614.720963743,0.011678999726427719
8,url,http://198.51.100.131:8080/verify,phishing,PHISHING,4,4,U1;U5,True,block_redirect,True,6614.72096598,6614.720978363,0.012382999557303265
8,url,http://203.0.113.217/login/verify?id=30,phishing,PHISHING,4,4,U1;U5,True,block_redirect,True,6614.72098271,6614.720995334,0.01262400019186316
8,url,http://crescentuniversity.edu.ng@crescent-uni-verify-31.tk/reset,phishing,PHISHING,9,4,U2;U3;U5;U6,True,block_redirect,True,6614.720997442,6614.721008415,0.010972999916702975
8,url,http://id-crescent-uni-verify.ga/account,phishing,PHISHING,6,4,U3;U5;U6,True,block_redirect,True,6614.721010559,6614.721021396,0.010836999535968062
8,url,https://crescentuni-portal.ga/docs/view?id=33,phishing,PHISHING,5,4,U3;U6,True,block_redirect,True,6614.721023521,6614.721034244,0.010723000741563737
8,url,http://login.secure.crescent-uni-id.tk/verify,phishing,PHISHING,7,4,U3;U4;U5;U6,True,block_redirect,True,6614.72103651,6614.72104749,0.01098000029742252
8,url,http://203.0.113.127:8080/verify,phishing,PHISHING,4,4,U1;U5,True,block_redirect,True,6614.721049675,6614.721061956,0.01228099972649943
8,url,http://203.0.113.226/login/verify?id=36,phishing,PHISHING,4,4,U1;U5,True,block_redirect,True,6614.721064074,6614.721076279,0.01220499962073518
8,url,http://crescentuniversity.edu.ng@crescentuni-verify-37.tk/reset,phishing,PHISHING,9,4,U2;U3;U5;U6,True,block_redirect,True,6614.721078383,6614.72108904,0.01065700053004548
8,url,http://secure-crescent-verify.ml/account,phishing,PHISHING,6,4,U3;U5;U6,True,block_redirect,True,6614.721091194,6614.72110182,0.010625999493640848
8,url,https://crescent-portal.work/docs/view?id=39,phishing,PHISHING,5,4,U3;U6,True,block_redirect,True,6614.72110398,6614.721115473,0.01149299987446284
8,url,http://login.secure.crescent-id.ga/verify,phishing,PHISHING,7,4,U3;U4;U5;U6,True,block_redirect,True,6614.721119576,6614.721131092,0.011516000085975975
8,url,http://203.0.113.244:9090/verify,phishing,PHISHING,4,4,U1;U5,True,block_redirect,True,6614.721133299,6614.72114568,0.012380999578454066
8,url,http://203.0.113.137/login/verify?id=42,phishing,PHISHING,4,4,U1;U5,True,block_redirect,True,6614.721147761,6614.721159988,0.012227000297571067
8,url,http://crescentuniversity.edu.ng@crescent-uni-verify-43.tk/reset,phishing,PHISHING,9,4,U2;U3;U5;U6,True,block_redirect,True,6614.721164069,6614.721175281,0.01121199966291897
8,url,http://login-crescentuni-alerts.cf/account,phishing,PHISHING,6,4,U3;U5;U6,True,block_redirect,True,6614.72117936,6614.721190859,0.011498999811010435
8,url,https://crescent-uni-portal.gq/docs/view?id=45,phishing,PHISHING,5,4,U3;U6,True,block_redirect,True,6614.721193022,6614.721204326,0.01130399959947681
8,url,http://login.secure.crescentuni-id.xyz/verify,phishing,PHISHING,7,4,U3;U4;U5;U6,True,block_redirect,True,6614.72120643,6614.721218266,0.011835999430331867
8,url,http://203.0.113.32:8080/verify,phishing,PHISHING,4,4,U1;U5,True,block_redirect,True,6614.721220404,6614.721232841,0.01243699989572633
8,url,http://198.51.100.88/login/verify?id=48,phishing,PHISHING,4,4,U1;U5,True,block_redirect,True,6614.721234999,6614.721247229,0.012229999811097514
8,url,http://crescentuniversity.edu.ng@crescent-verify-49.tk/reset,phishing,PHISHING,9,4,U2;U3;U5;U6,True,block_redirect,True,6614.721249349,6614.721260816,0.011467000149423257
8,url,http://id-crescent-uni-verify.cf/account,phishing,PHISHING,6,4,U3;U5;U6,True,block_redirect,True,6614.721266346,6614.721278898,0.012551999134302605
8,url,https://portal.crescentuniversity.edu.ng/resource/1,legitimate,LEGITIMATE,1,4,U4,False,allow,True,6614.721281026,6614.721293663,0.012637000509130303
8,url,https://drive.crescentuniversity.edu.ng/resource/2,legitimate,LEGITIMATE,1,4,U4,False,allow,True,6614.721295759,6614.72130765,0.011891000212926883
8,url,https://portal.crescentuniversity.edu.ng/resource/3,legitimate,LEGITIMATE,1,4,U4,False,allow,True,6614.721309711,6614.721321154,0.011443000403232872
8,url,https://accounts.google.com/signin,legitimate,LEGITIMATE,0,4,,False,allow,True,6614.721323299,6614.721334771,0.011472000551293604
8,url,https://drive.crescentuniversity.edu.ng/resource/5,legitimate,LEGITIMATE,1,4,U4,False,allow,True,6614.721336873,6614.721348376,0.011502999768708833
8,url,https://portal.crescentuniversity.edu.ng/resource/6,legitimate,LEGITIMATE,1,4,U4,False,allow,True,6614.721350436,6614.721361813,0.011377000191714615
8,url,https://library.crescentuniversity.edu.ng/resource/7,legitimate,LEGITIMATE,1,4,U4,False,allow,True,6614.721363876,6614.721375326,0.011449999874457717
8,url,https://www.wikipedia.org/wiki/Security,legitimate,LEGITIMATE,0,4,,False,allow,True,6614.721377316,6614.721388588,0.011271999937889632
8,url,https://mail.crescentuniversity.edu.ng/resource/9,legitimate,LEGITIMATE,1,4,U4,False,allow,True,6614.72139065,6614.72140207,0.011420000191719737
8,url,https://registrar.crescentuniversity.edu.ng/resource/10,legitimate,LEGITIMATE,1,4,U4,False,allow,True,6614.721406001,6614.721417762,0.011760999768739566
8,url,https://bursary.crescentuniversity.edu.ng/resource/11,legitimate,LEGITIMATE,1,4,U4,False,allow,True,6614.721419816,6614.721431278,0.011461999747552909
8,url,https://zoom.us/signin,legitimate,LEGITIMATE,0,4,,False,allow,True,6614.72143326,6614.721444443,0.01118300042435294
8,url,https://hostel.crescentuniversity.edu.ng/resource/13,legitimate,LEGITIMATE,1,4,U4,False,allow,True,6614.721446646,6614.721458049,0.011402999916754197
8,url,https://registrar.crescentuniversity.edu.ng/resource/14,legitimate,LEGITIMATE,1,4,U4,False,allow,True,6614.721460125,6614.721471585,0.01145999976870371
8,url,https://mail.crescentuniversity.edu.ng/resource/15,legitimate,LEGITIMATE,1,4,U4,False,allow,True,6614.72147358,6614.721484999,0.011418999747547787
8,url,https://accounts.google.com/signin,legitimate,LEGITIMATE,0,4,,False,allow,True,6614.721487371,6614.721498482,0.011111000276287086
8,url,https://elearning.crescentuniversity.edu.ng/resource/17,legitimate,LEGITIMATE,1,4,U4,False,allow,True,6614.721500671,6614.721512386,0.011714999345713295
8,url,https://elearning.crescentuniversity.edu.ng/resource/18,legitimate,LEGITIMATE,1,4,U4,False,allow,True,6614.72151438,6614.721525787,0.011406999874452595
8,url,https://hostel.crescentuniversity.edu.ng/resource/19,legitimate,LEGITIMATE,1,4,U4,False,allow,True,6614.721527778,6614.72153914,0.011361999895598274
8,url,https://accounts.google.com/signin,legitimate,LEGITIMATE,0,4,,False,allow,True,6614.721543275,6614.721554835,0.011559999620658346
8,url,https://hostel.crescentuniversity.edu.ng/resource/21,legitimate,LEGITIMATE,1,4,U4,False,allow,True,6614.721556976,6614.721568377,0.011400999937904999
8,url,https://exams.crescentuniversity.edu.ng/resource/22,legitimate,LEGITIMATE,1,4,U4,False,allow,True,6614.721570375,6614.721581768,0.011393000022508204
8,url,https://registrar.crescentuniversity.edu.ng/resource/23,legitimate,LEGITIMATE,1,4,U4,False,allow,True,6614.721583736,6614.721595119,0.01138300012826221
8,url,https://www.wikipedia.org/wiki/Security,legitimate,LEGITIMATE,0,4,,False,allow,True,6614.721597125,6614.721608327,0.011201999768672977
8,url,https://drive.crescentuniversity.edu.ng/resource/25,legitimate,LEGITIMATE,1,4,U4,False,allow,True,6614.721610395,6614.721621776,0.01138099923991831
8,url,https://exams.crescentuniversity.edu.ng/resource/26,legitimate,LEGITIMATE,1,4,U4,False,allow,True,6614.721623761,6614.721635153,0.011391999578336254
8,url,https://library.crescentuniversity.edu.ng/resource/27,legitimate,LEGITIMATE,1,4,U4,False,allow,True,6614.721637331,6614.721648781,0.011449999874457717
8,url,https://www.microsoft.com/en-us/security,legitimate,LEGITIMATE,0,4,,False,allow,True,6614.721650748,6614.721661907,0.011159000678162556
8,url,https://exams.crescentuniversity.edu.ng/resource/29,legitimate,LEGITIMATE,1,4,U4,False,allow,True,6614.721663902,6614.72167527,0.01136799983214587
8,url,https://hostel.crescentuniversity.edu.ng/resource/30,legitimate,LEGITIMATE,1,4,U4,False,allow,True,6614.721679179,6614.721702187,0.023008000425761566
8,url,https://portal.crescentuniversity.edu.ng/resource/31,legitimate,LEGITIMATE,1,4,U4,False,allow,True,6614.721704807,6614.721718039,0.013232000128482468
8,url,https://zoom.us/signin,legitimate,LEGITIMATE,0,4,,False,allow,True,6614.721720145,6614.721752431,0.03228599962312728
8,url,https://drive.crescentuniversity.edu.ng/resource/33,legitimate,LEGITIMATE,1,4,U4,False,allow,True,6614.721755282,6614.721768405,0.013122999916959088
8,url,https://portal.crescentuniversity.edu.ng/resource/34,legitimate,LEGITIMATE,1,4,U4,False,allow,True,6614.721770696,6614.721782222,0.011525999980221968
8,url,https://exams.crescentuniversity.edu.ng/resource/35,legitimate,LEGITIMATE,1,4,U4,False,allow,True,6614.72178442,6614.721795929,0.011508999705256429
8,url,https://zoom.us/signin,legitimate,LEGITIMATE,0,4,,False,allow,True,6614.721801457,6614.721813055,0.011598000128287822
8,url,https://library.crescentuniversity.edu.ng/resource/37,legitimate,LEGITIMATE,1,4,U4,False,allow,True,6614.721815153,6614.721826621,0.011468000593595207
8,url,https://drive.crescentuniversity.edu.ng/resource/38,legitimate,LEGITIMATE,1,4,U4,False,allow,True,6614.721828728,6614.721840674,0.011946000086027198
8,url,https://registrar.crescentuniversity.edu.ng/resource/39,legitimate,LEGITIMATE,1,4,U4,False,allow,True,6614.721842742,6614.721854182,0.011439999980211724
8,url,https://accounts.google.com/signin,legitimate,LEGITIMATE,0,4,,False,allow,True,6614.721858494,6614.721870019,0.011524999536050018
8,landing_page,clean_baseline_portal.html,legitimate,LEGITIMATE,0,4,,False,allow,True,6614.721872188,6614.721880354,0.008166000043274835
8,landing_page,clean_variant_sso.html,legitimate,LEGITIMATE,0,4,,False,allow,True,6614.721882592,6614.721889116,0.006524000127683394
8,landing_page,phish_variant_cross_domain_post.html,phishing,PHISHING,4,4,L1,True,reject_submission,True,6614.721891144,6614.721898057,0.006912999197083991
8,landing_page,phish_variant_hidden_fields.html,phishing,PHISHING,7,4,L1;L2,True,reject_submission,True,6614.721900127,6614.721907102,0.006975000360398553
8,landing_page,gen_clean_001.html,legitimate,LEGITIMATE,0,4,,False,allow,True,6614.721909263,6614.721915762,0.006498999937321059
8,landing_page,gen_clean_002.html,legitimate,LEGITIMATE,0,4,,False,allow,True,6614.721917748,6614.721924113,0.006364999535435345
8,landing_page,gen_clean_003.html,legitimate,LEGITIMATE,0,4,,False,allow,True,6614.721926145,6614.721932472,0.00632699993730057
8,landing_page,gen_clean_004.html,legitimate,LEGITIMATE,0,4,,False,allow,True,6614.721934489,6614.721940824,0.006334999852697365
8,landing_page,gen_clean_005.html,legitimate,LEGITIMATE,0,4,,False,allow,True,6614.721942839,6614.721949101,0.006262000169954263
8,landing_page,gen_clean_006.html,legitimate,LEGITIMATE,0,4,,False,allow,True,6614.721953071,6614.721959616,0.006545000360347331
8,landing_page,gen_clean_007.html,legitimate,LEGITIMATE,0,4,,False,allow,True,6614.72196162,6614.721968233,0.006612999641220085
8,landing_page,gen_clean_008.html,legitimate,LEGITIMATE,0,4,,False,allow,True,6614.721972144,6614.721978667,0.006523000593006145
8,landing_page,gen_phish_001.html,phishing,PHISHING,7,4,L1;L2,True,reject_submission,True,6614.721980654,6614.721987721,0.007067000296956394
8,landing_page,gen_phish_002.html,phishing,PHISHING,4,4,L1,True,reject_submission,True,6614.721989826,6614.72199655,0.006723999831592664
8,landing_page,gen_phish_003.html,phishing,PHISHING,7,4,L1;L2,True,reject_submission,True,6614.72199859,6614.722005558,0.006967999979679007
8,landing_page,gen_phish_004.html,phishing,PHISHING,4,4,L1,True,reject_submission,True,6614.7220077,6614.722014491,0.00679099957778817
8,landing_page,gen_phish_005.html,phishing,PHISHING,7,4,L1;L2,True,reject_submission,True,6614.722016501,6614.722023464,0.0069629995778086595
8,landing_page,gen_phish_006.html,phishing,PHISHING,4,4,L1,True,reject_submission,True,6614.722025572,6614.722032317,0.006745000064256601
8,landing_page,gen_phish_007.html,phishing,PHISHING,7,4,L1;L2,True,reject_submission,True,6614.722034389,6614.722041327,0.006937999387446325
8,landing_page,gen_phish_008.html,phishing,PHISHING,4,4,L1,True,reject_submission,True,6614.722045271,6614.722052117,0.0068460003603831865
9,email,gen_legit_016_ict.eml,legitimate,LEGITIMATE,0,4,,False,allow,True,6614.722056803,6614.722139513,0.08271000024251407
9,email,gen_legit_017_bursary.eml,legitimate,LEGITIMATE,0,4,,False,allow,True,6614.722142134,6614.722217468,0.07533400003012503
9,email,gen_legit_018_security.eml,legitimate,LEGITIMATE,0,4,,False,allow,True,6614.722219572,6614.722297998,0.07842600007279543
9,email,gen_legit_019_registrar.eml,legitimate,LEGITIMATE,0,4,,False,allow,True,6614.722300055,6614.722382719,0.0826639998194878
9,email,gen_legit_020_examsoffice.eml,legitimate,LEGITIMATE,0,4,,False,allow,True,6614.722384801,6614.722459054,0.07425300009344937
9,email,gen_legit_021_scholarship.eml,legitimate,LEGITIMATE,0,4,,False,allow,True,6614.722461185,6614.722530725,0.06954000036785146
9,email,gen_legit_022_hostel.eml,legitimate,LEGITIMATE,0,4,,False,allow,True,6614.722533018,6614.722602427,0.0694090003889869
9,email,gen_legit_023_vc.eml,legitimate,LEGITIMATE,0,4,,False,allow,True,6614.72260451,6614.722688577,0.08406699998886324
9,email,gen_legit_024_timetable.eml,legitimate,LEGITIMATE,0,4,,False,allow,True,6614.72269134,6614.72278127,0.08993000028567621
9,email,gen_legit_025_ictupdate.eml,legitimate,LEGITIMATE,0,4,,False,allow,True,6614.722787607,6614.722858792,0.07118499979696935
9,email,gen_legit_026_library.eml,legitimate,LEGITIMATE,0,4,,False,allow,True,6614.722861103,6614.722924476,0.06337300055747619
9,email,gen_legit_027_survey.eml,legitimate,LEGITIMATE,0,4,,False,allow,True,6614.722926495,6614.722999304,0.072808999902918
9,email,gen_legit_028_convocation.eml,legitimate,LEGITIMATE,0,4,,False,allow,True,6614.723001299,6614.723076374,0.07507499958592234
9,email,gen_legit_029_sug.eml,legitimate,LEGITIMATE,0,4,,False,allow,True,6614.723078447,6614.723153745,0.07529799950134475
9,email,gen_legit_030_transcript.eml,legitimate,LEGITIMATE,0,4,,False,allow,True,6614.723155729,6614.723222259,0.0665300003674929
9,email,gen_legit_046_ict.eml,legitimate,LEGITIMATE,0,4,,False,allow,True,6614.723224255,6614.723302459,0.07820399969205027
9,email,gen_legit_047_bursary.eml,legitimate,LEGITIMATE,0,4,,False,allow,True,6614.723304474,6614.72337935,0.07487600032618502
9,email,gen_legit_048_security.eml,legitimate,LEGITIMATE,0,4,,False,allow,True,6614.723381471,6614.72345946,0.07798900060151936
9,email,gen_legit_049_registrar.eml,legitimate,LEGITIMATE,0,4,,False,allow,True,6614.723463544,6614.723546918,0.08337399958691094
9,email,gen_legit_050_examsoffice.eml,legitimate,LEGITIMATE,0,4,,False,allow,True,6614.723550847,6614.723625651,0.07480399926862447
9,email,gen_legit_051_scholarship.eml,legitimate,LEGITIMATE,0,4,,False,allow,True,6614.72362764,6614.723746334,0.11869399986608187
9,email,gen_legit_052_hostel.eml,legitimate,LEGITIMATE,0,4,,False,allow,True,6614.723750239,6614.723828743,0.07850400015740888
9,email,gen_legit_053_vc.eml,legitimate,LEGITIMATE,0,4,,False,allow,True,6614.723831129,6614.723903737,0.07260799975483678
9,email,gen_legit_054_timetable.eml,legitimate,LEGITIMATE,0,4,,False,allow,True,6614.723905732,6614.723970707,0.06497499998658895
9,email,gen_legit_055_ictupdate.eml,legitimate,LEGITIMATE,0,4,,False,allow,True,6614.723972702,6614.72404069,0.06798800040996866
9,email,gen_legit_056_library.eml,legitimate,LEGITIMATE,0,4,,False,allow,True,6614.72404282,6614.724106341,0.06352099990181159
9,email,gen_legit_057_survey.eml,legitimate,LEGITIMATE,0,4,,False,allow,True,6614.724108345,6614.724180521,0.07217599977593636
9,email,gen_legit_058_convocation.eml,legitimate,LEGITIMATE,0,4,,False,allow,True,6614.724182518,6614.724257409,0.07489099971280666
9,email,gen_legit_059_sug.eml,legitimate,LEGITIMATE,0,4,,False,allow,True,6614.724259403,6614.724334147,0.0747439999031485
9,email,gen_legit_060_transcript.eml,legitimate,LEGITIMATE,0,4,,False,allow,True,6614.72434079,6614.724407977,0.06718700024066493
9,email,gen_phish_001_ict.eml,phishing,PHISHING,5,4,E1;E2,True,warn_user,True,6614.72441,6614.724466747,0.05674700059898896
9,email,gen_phish_002_bursary.eml,phishing,PHISHING,5,4,E1;E2,True,warn_user,True,6614.724468999,6614.724519022,0.050022999857901596
9,email,gen_phish_003_security.eml,phishing,PHISHING,5,4,E1;E2,True,warn_user,True,6614.72452118,6614.724570325,0.04914500004815636
9,email,gen_phish_004_registrar.eml,phishing,PHISHING,5,4,E1;E2,True,warn_user,True,6614.724572672,6614.724647037,0.0743649998184992
9,email,gen_phish_005_examsoffice.eml,phishing,PHISHING,7,4,E1;E2;E3,True,warn_user,True,6614.724649671,6614.724734748,0.08507699931215029
9,email,gen_phish_006_scholarship.eml,phishing,PHISHING,5,4,E1;E2,True,warn_user,True,6614.724737602,6614.72479136,0.05375800083129434
9,email,gen_phish_007_hostel.eml,phishing,PHISHING,5,4,E1;E2,True,warn_user,True,6614.7247935,6614.724879497,0.0859970004967181
9,email,gen_phish_008_vc.eml,phishing,PHISHING,5,4,E1;E2,True,warn_user,True,6614.724881654,6614.724931927,0.050273000852030236
9,email,gen_phish_009_timetable.eml,phishing,PHISHING,5,4,E1;E2,True,warn_user,True,6614.724934097,6614.724989494,0.05539699941436993
9,email,gen_phish_010_ictupdate.eml,phishing,PHISHING,7,4,E1;E2;E3,True,warn_user,True,6614.72501347,6614.725070287,0.056816999858710915
9,email,gen_phish_011_library.eml,phishing,PHISHING,5,4,E1;E2,True,warn_user,True,6614.725072595,6614.725135639,0.06304399994405685
9,email,gen_phish_012_survey.eml,phishing,PHISHING,5,4,E1;E2,True,warn_user,True,6614.725137947,6614.725194206,0.056259000302816276
9,email,gen_phish_013_convocation.eml,phishing,PHISHING,5,4,E1;E2,True,warn_user,True,6614.725196417,6614.725253636,0.057219000154873356
9,email,gen_phish_014_sug.eml,phishing,PHISHING,5,4,E1;E2,True,warn_user,True,6614.725255693,6614.725295629,0.03993600057583535
9,email,gen_phish_015_transcript.eml,phishing,PHISHING,7,4,E1;E2;E3,True,warn_user,True,6614.725297772,6614.725347342,0.04956999964633724
9,email,gen_phish_031_ict.eml,phishing,PHISHING,5,4,E1;E2,True,warn_user,True,6614.725349452,6614.725405841,0.05638899983750889
9,email,gen_phish_032_bursary.eml,phishing,PHISHING,5,4,E1;E2,True,warn_user,True,6614.725407881,6614.725455317,0.04743599947687471
9,email,gen_phish_033_security.eml,phishing,PHISHING,5,4,E1;E2,True,warn_user,True,6614.725457379,6614.72550561,0.04823100061912555
9,email,gen_phish_034_registrar.eml,phishing,PHISHING,5,4,E1;E2,True,warn_user,True,6614.725507659,6614.72558149,0.07383100000879494
9,email,gen_phish_035_examsoffice.eml,phishing,PHISHING,7,4,E1;E2;E3,True,warn_user,True,6614.725585922,6614.72582134,0.2354179996473249
9,email,gen_phish_036_scholarship.eml,phishing,PHISHING,5,4,E1;E2,True,warn_user,True,6614.725824348,6614.725876607,0.052258999858167954
9,email,gen_phish_037_hostel.eml,phishing,PHISHING,5,4,E1;E2,True,warn_user,True,6614.725883207,6614.725936876,0.053668999498768244
9,email,gen_phish_038_vc.eml,phishing,PHISHING,5,4,E1;E2,True,warn_user,True,6614.725939058,6614.725988769,0.049710999519447796
9,email,gen_phish_039_timetable.eml,phishing,PHISHING,5,4,E1;E2,True,warn_user,True,6614.72599116,6614.726046538,0.05537800007004989
9,email,gen_phish_040_ictupdate.eml,phishing,PHISHING,7,4,E1;E2;E3,True,warn_user,True,6614.726048651,6614.726104162,0.05551100002776366
9,email,gen_phish_041_library.eml,phishing,PHISHING,5,4,E1;E2,True,warn_user,True,6614.726106513,6614.726157408,0.050895000640593935
9,email,gen_phish_042_survey.eml,phishing,PHISHING,5,4,E1;E2,True,warn_user,True,6614.726159557,6614.726250621,0.09106400011660298
9,email,gen_phish_043_convocation.eml,phishing,PHISHING,5,4,E1;E2,True,warn_user,True,6614.726252696,6614.726307811,0.05511499966814881
9,email,gen_phish_044_sug.eml,phishing,PHISHING,5,4,E1;E2,True,warn_user,True,6614.726309903,6614.72634994,0.040036999962467235
9,email,gen_phish_045_transcript.eml,phishing,PHISHING,7,4,E1;E2;E3,True,warn_user,True,6614.726356108,6614.72640884,0.0527319998582243
9,url,http://crescentuniversity.edu.ng@crescentuni-verify-1.tk/reset,phishing,PHISHING,9,4,U2;U3;U5;U6,True,block_redirect,True,6614.726410952,6614.726426881,0.01592900025570998
9,url,http://portal-crescentuni.cf/account,phishing,PHISHING,6,4,U3;U5;U6,True,block_redirect,True,6614.726429158,6614.726440546,0.011387999620637856
9,url,https://crescent-uni-portal.xyz/docs/view?id=3,phishing,PHISHING,5,4,U3;U6,True,block_redirect,True,6614.726442731,6614.72645416,0.01142899964179378
9,url,http://login.secure.crescent-id.cf/verify,phishing,PHISHING,7,4,U3;U4;U5;U6,True,block_redirect,True,6614.726456274,6614.726470374,0.014100000043981709
9,url,http://203.0.113.104:8443/verify,phishing,PHISHING,4,4,U1;U5,True,block_redirect,True,6614.726472541,6614.726485732,0.013191000107326545
9,url,http://198.51.100.235/login/verify?id=6,phishing,PHISHING,4,4,U1;U5,True,block_redirect,True,6614.72648816,6614.7265009,0.012739999874611385
9,url,http://crescentuniversity.edu.ng@crescent-uni-verify-7.tk/reset,phishing,PHISHING,9,4,U2;U3;U5;U6,True,block_redirect,True,6614.72650306,6614.726514514,0.011453999832156114
9,url,http://verify-crescent-uni-verify.work/account,phishing,PHISHING,6,4,U3;U5;U6,True,block_redirect,True,6614.72651665,6614.726528612,0.011961999916820787
9,url,https://crescentuni-portal.work/docs/view?id=9,phishing,PHISHING,5,4,U3;U6,True,block_redirect,True,6614.726530734,6614.726542583,0.01184899974759901
9,url,http://login.secure.crescent-id.gq/verify,phishing,PHISHING,7,4,U3;U4;U5;U6,True,block_redirect,True,6614.726546745,6614.726558929,0.012184000297565944
9,url,http://198.51.100.192:9090/verify,phishing,PHISHING,4,4,U1;U5,True,block_redirect,True,6614.726561135,6614.726586452,0.025317000108771026
9,url,http://203.0.113.193/login/verify?id=12,phishing,PHISHING,4,4,U1;U5,True,block_redirect,True,6614.726588951,6614.726602005,0.013054000191914383
9,url,http://crescentuniversity.edu.ng@crescent-uni-verify-13.tk/reset,phishing,PHISHING,9,4,U2;U3;U5;U6,True,block_redirect,True,6614.726604076,6614.726639175,0.03509900034259772
9,url,http://id-crescentuni-secure.xyz/account,phishing,PHISHING,6,4,U3;U5;U6,True,block_redirect,True,6614.726641789,6614.726653813,0.012024000170640647
9,url,https://crescent-portal.ga/docs/view?id=15,phishing,PHISHING,5,4,U3;U6,True,block_redirect,True,6614.726655907,6614.726666778,0.01087100008589914
9,url,http://login.secure.crescent-uni-id.work/verify,phishing,PHISHING,7,4,U3;U4;U5;U6,True,block_redirect,True,6614.72666882,6614.726680956,0.012135999895690475
9,url,http://198.51.100.222:8080/verify,phishing,PHISHING,4,4,U1;U5,True,block_redirect,True,6614.726683058,6614.72669558,0.012521999451564625
9,url,http://198.51.100.204/login/verify?id=18,phishing,PHISHING,4,4,U1;U5,True,block_redirect,True,6614.726698119,6614.72671043,0.012311000318732113
9,url,http://crescentuniversity.edu.ng@crescent-uni-verify-19.tk/reset,phishing,PHISHING,9,4,U2;U3;U5;U6,True,block_redirect,True,6614.726712586,6614.726723241,0.01065500055119628
9,url,http://id-crescentuni-login.top/account,phishing,PHISHING,6,4,U3;U5;U6,True,block_redirect,True,6614.726728697,6614.72674105,0.012352999874565285
9,url,https://crescentuni-portal.work/docs/view?id=21,phishing,PHISHING,5,4,U3;U6,True,block_redirect,True,6614.726743183,6614.726755081,0.01189800059364643
9,url,http://login.secure.crescent-uni-id.gq/verify,phishing,PHISHING,7,4,U3;U4;U5;U6,True,block_redirect,True,6614.726757133,6614.726768801,0.011667999388009775
9,url,http://198.51.100.176:9090/verify,phishing,PHISHING,4,4,U1;U5,True,block_redirect,True,6614.726771019,6614.726783422,0.012403000255289953
9,url,http://203.0.113.198/login/verify?id=24,phishing,PHISHING,4,4,U1;U5,True,block_redirect,True,6614.726785474,6614.726797645,0.012170999980298802
9,url,http://crescentuniversity.edu.ng@crescent-uni-verify-25.tk/reset,phishing,PHISHING,9,4,U2;U3;U5;U6,True,block_redirect,True,6614.726799763,6614.726810473,0.010710000424296595
9,url,http://secure-crescentuni-portal.top/account,phishing,PHISHING,6,4,U3;U5;U6,True,block_redirect,True,6614.726812601,6614.726824558,0.01195699951495044
9,url,https://crescent-portal.work/docs/view?id=27,phishing,PHISHING,5,4,U3;U6,True,block_redirect,True,6614.726826686,6614.726838215,0.011528999493748415
9,url,http://login.secure.crescent-id.gq/verify,phishing,PHISHING,7,4,U3;U4;U5;U6,True,block_redirect,True,6614.726840292,6614.726851841,0.011549000191735104
9,url,http://198.51.100.131:8080/verify,phishing,PHISHING,4,4,U1;U5,True,block_redirect,True,6614.7268541,6614.726866399,0.012298999536142219
9,url,http://203.0.113.217/login/verify?id=30,phishing,PHISHING,4,4,U1;U5,True,block_redirect,True,6614.72687065,6614.726883275,0.012624999726540409
9,url,http://crescentuniversity.edu.ng@crescent-uni-verify-31.tk/reset,phishing,PHISHING,9,4,U2;U3;U5;U6,True,block_redirect,True,6614.726885391,6614.726896125,0.01073400017048698
9,url,http://id-crescent-uni-verify.ga/account,phishing,PHISHING,6,4,U3;U5;U6,True,block_redirect,True,6614.726898301,6614.726909213,0.010912000107055064
9,url,https://crescentuni-portal.ga/docs/view?id=33,phishing,PHISHING,5,4,U3;U6,True,block_redirect,True,6614.72691132,6614.726922043,0.010722999832069036
9,url,http://login.secure.crescent-uni-id.tk/verify,phishing,PHISHING,7,4,U3;U4;U5;U6,True,block_redirect,True,6614.726924488,6614.726935248,0.010759999895526562
9,url,http://203.0.113.127:8080/verify,phishing,PHISHING,4,4,U1;U5,True,block_redirect,True,6614.726937394,6614.726951771,0.01437700029782718
9,url,http://203.0.113.226/login/verify?id=36,phishing,PHISHING,4,4,U1;U5,True,block_redirect,True,6614.726953926,6614.726966389,0.012463000530260615
9,url,http://crescentuniversity.edu.ng@crescentuni-verify-37.tk/reset,phishing,PHISHING,9,4,U2;U3;U5;U6,True,block_redirect,True,6614.726968477,6614.726979235,0.010757999916677363
9,url,http://secure-crescent-verify.ml/account,phishing,PHISHING,6,4,U3;U5;U6,True,block_redirect,True,6614.726981393,6614.726992027,0.010634000318532344
9,url,https://crescent-portal.work/docs/view?id=39,phishing,PHISHING,5,4,U3;U6,True,block_redirect,True,6614.726994134,6614.727005775,0.011641000128292944
9,url,http://login.secure.crescent-id.ga/verify,phishing,PHISHING,7,4,U3;U4;U5;U6,True,block_redirect,True,6614.727009883,6614.727021421,0.01153799985331716
9,url,http://203.0.113.244:9090/verify,phishing,PHISHING,4,4,U1;U5,True,block_redirect,True,6614.727023677,6614.727036061,0.012384000001475215
9,url,http://203.0.113.137/login/verify?id=42,phishing,PHISHING,4,4,U1;U5,True,block_redirect,True,6614.727038156,6614.727050432,0.012276000234123785
9,url,http://crescentuniversity.edu.ng@crescent-uni-verify-43.tk/reset,phishing,PHISHING,9,4,U2;U3;U5;U6,True,block_redirect,True,6614.727052523,6614.727063324,0.010800999916682485
9,url,http://login-crescentuni-alerts.cf/account,phishing,PHISHING,6,4,U3;U5;U6,True,block_redirect,True,6614.727067577,6614.727079198,0.011621000339800958
9,url,https://crescent-uni-portal.gq/docs/view?id=45,phishing,PHISHING,5,4,U3;U6,True,block_redirect,True,6614.727081337,6614.727092432,0.011095000445493497
9,url,http://login.secure.crescentuni-id.xyz/verify,phishing,PHISHING,7,4,U3;U4;U5;U6,True,block_redirect,True,6614.727094489,6614.727106318,0.011828999959107023
9,url,http://203.0.113.32:8080/verify,phishing,PHISHING,4,4,U1;U5,True,block_redirect,True,6614.727108422,6614.727120754,0.012331999641901348
9,url,http://198.51.100.88/login/verify?id=48,phishing,PHISHING,4,4,U1;U5,True,block_redirect,True,6614.727122884,6614.727135063,0.012178999895695597
9,url,http://crescentuniversity.edu.ng@crescent-verify-49.tk/reset,phishing,PHISHING,9,4,U2;U3;U5;U6,True,block_redirect,True,6614.727137187,6614.72714794,0.010752999514807016
9,url,http://id-crescent-uni-verify.cf/account,phishing,PHISHING,6,4,U3;U5;U6,True,block_redirect,True,6614.727152453,6614.727163724,0.011271000403212383
9,url,https://portal.crescentuniversity.edu.ng/resource/1,legitimate,LEGITIMATE,1,4,U4,False,allow,True,6614.727165838,6614.727177516,0.01167800019175047
9,url,https://drive.crescentuniversity.edu.ng/resource/2,legitimate,LEGITIMATE,1,4,U4,False,allow,True,6614.727179593,6614.727191218,0.011625000297499355
9,url,https://portal.crescentuniversity.edu.ng/resource/3,legitimate,LEGITIMATE,1,4,U4,False,allow,True,6614.727193272,6614.727204713,0.011441000424383674
9,url,https://accounts.google.com/signin,legitimate,LEGITIMATE,0,4,,False,allow,True,6614.727206675,6614.72721805,0.011375000212865416
9,url,https://drive.crescentuniversity.edu.ng/resource/5,legitimate,LEGITIMATE,1,4,U4,False,allow,True,6614.727220138,6614.727231599,0.01146100021287566
9,url,https://portal.crescentuniversity.edu.ng/resource/6,legitimate,LEGITIMATE,1,4,U4,False,allow,True,6614.727233624,6614.727244946,0.011321999409119599
9,url,https://library.crescentuniversity.edu.ng/resource/7,legitimate,LEGITIMATE,1,4,U4,False,allow,True,6614.727246955,6614.727258334,0.011379000170563813
9,url,https://www.wikipedia.org/wiki/Security,legitimate,LEGITIMATE,0,4,,False,allow,True,6614.727260515,6614.727271722,0.011207000170543324
9,url,https://mail.crescentuniversity.edu.ng/resource/9,legitimate,LEGITIMATE,1,4,U4,False,allow,True,6614.727273782,6614.727285195,0.01141299981100019
9,url,https://registrar.crescentuniversity.edu.ng/resource/10,legitimate,LEGITIMATE,1,4,U4,False,allow,True,6614.727289138,6614.727300881,0.011742999959096778
9,url,https://bursary.crescentuniversity.edu.ng/resource/11,legitimate,LEGITIMATE,1,4,U4,False,allow,True,6614.727302932,6614.727314342,0.011409999387979042
9,url,https://zoom.us/signin,legitimate,LEGITIMATE,0,4,,False,allow,True,6614.727316312,6614.727327385,0.01107299976865761
9,url,https://hostel.crescentuniversity.edu.ng/resource/13,legitimate,LEGITIMATE,1,4,U4,False,allow,True,6614.727329405,6614.727340811,0.011406000339775346
9,url,https://registrar.crescentuniversity.edu.ng/resource/14,legitimate,LEGITIMATE,1,4,U4,False,allow,True,6614.727342865,6614.727354238,0.011373000234016217
9,url,https://mail.crescentuniversity.edu.ng/resource/15,legitimate,LEGITIMATE,1,4,U4,False,allow,True,6614.727356211,6614.727367576,0.01136499940912472
9,url,https://accounts.google.com/signin,legitimate,LEGITIMATE,0,4,,False,allow,True,6614.727369604,6614.727380761,0.011156999789818656
9,url,https://elearning.crescentuniversity.edu.ng/resource/17,legitimate,LEGITIMATE,1,4,U4,False,allow,True,6614.727382867,6614.72739427,0.011402999916754197
9,url,https://elearning.crescentuniversity.edu.ng/resource/18,legitimate,LEGITIMATE,1,4,U4,False,allow,True,6614.727396275,6614.727407612,0.011337000614730641
9,url,https://hostel.crescentuniversity.edu.ng/resource/19,legitimate,LEGITIMATE,1,4,U4,False,allow,True,6614.727409653,6614.727421017,0.011363999874447472
9,url,https://accounts.google.com/signin,legitimate,LEGITIMATE,0,4,,False,allow,True,6614.727425047,6614.727436459,0.011412000276322942
9,url,https://hostel.crescentuniversity.edu.ng/resource/21,legitimate,LEGITIMATE,1,4,U4,False,allow,True,6614.727438572,6614.727449943,0.011370999345672317
9,url,https://exams.crescentuniversity.edu.ng/resource/22,legitimate,LEGITIMATE,1,4,U4,False,allow,True,6614.727451945,6614.727463284,0.011338999684085138
9,url,https://registrar.crescentuniversity.edu.ng/resource/23,legitimate,LEGITIMATE,1,4,U4,False,allow,True,6614.727465257,6614.727476603,0.011345999155309983
9,url,https://www.wikipedia.org/wiki/Security,legitimate,LEGITIMATE,0,4,,False,allow,True,6614.727478577,6614.72748974,0.011163000635860953
9,url,https://drive.crescentuniversity.edu.ng/resource/25,legitimate,LEGITIMATE,1,4,U4,False,allow,True,6614.72749181,6614.727503201,0.011391000043659005
9,url,https://exams.crescentuniversity.edu.ng/resource/26,legitimate,LEGITIMATE,1,4,U4,False,allow,True,6614.727505223,6614.727516642,0.011419000657042488
9,url,https://library.crescentuniversity.edu.ng/resource/27,legitimate,LEGITIMATE,1,4,U4,False,allow,True,6614.727518728,6614.727530108,0.011379999705241062
9,url,https://www.microsoft.com/en-us/security,legitimate,LEGITIMATE,0,4,,False,allow,True,6614.727532077,6614.727543296,0.011218999134143814
9,url,https://exams.crescentuniversity.edu.ng/resource/29,legitimate,LEGITIMATE,1,4,U4,False,allow,True,6614.727557974,6614.727572197,0.01422300010744948
9,url,https://hostel.crescentuniversity.edu.ng/resource/30,legitimate,LEGITIMATE,1,4,U4,False,allow,True,6614.727578219,6614.727614874,0.036655000258178916
9,url,https://portal.crescentuniversity.edu.ng/resource/31,legitimate,LEGITIMATE,1,4,U4,False,allow,True,6614.727617471,6614.727629621,0.012150000657129567
9,url,https://zoom.us/signin,legitimate,LEGITIMATE,0,4,,False,allow,True,6614.727631665,6614.727642765,0.011099999937869143
9,url,https://drive.crescentuniversity.edu.ng/resource/33,legitimate,LEGITIMATE,1,4,U4,False,allow,True,6614.72764485,6614.72765631,0.011460000678198412
9,url,https://portal.crescentuniversity.edu.ng/resource/34,legitimate,LEGITIMATE,1,4,U4,False,allow,True,6614.727658456,6614.7276699,0.011443999937910121
9,url,https://exams.crescentuniversity.edu.ng/resource/35,legitimate,LEGITIMATE,1,4,U4,False,allow,True,6614.727671998,6614.727683381,0.01138300012826221
9,url,https://zoom.us/signin,legitimate,LEGITIMATE,0,4,,False,allow,True,6614.727688554,6614.727700076,0.011521999113028869
9,url,https://library.crescentuniversity.edu.ng/resource/37,legitimate,LEGITIMATE,1,4,U4,False,allow,True,6614.727702201,6614.727713581,0.011379999705241062
9,url,https://drive.crescentuniversity.edu.ng/resource/38,legitimate,LEGITIMATE,1,4,U4,False,allow,True,6614.727716678,6614.727728607,0.011928999811061658
9,url,https://registrar.crescentuniversity.edu.ng/resource/39,legitimate,LEGITIMATE,1,4,U4,False,allow,True,6614.727730939,6614.727743307,0.012368000170681626
9,url,https://accounts.google.com/signin,legitimate,LEGITIMATE,0,4,,False,allow,True,6614.727747605,6614.727759111,0.01150599928223528
9,landing_page,clean_baseline_portal.html,legitimate,LEGITIMATE,0,4,,False,allow,True,6614.727763277,6614.727771065,0.007787999493302777
9,landing_page,clean_variant_sso.html,legitimate,LEGITIMATE,0,4,,False,allow,True,6614.727773293,6614.727779939,0.006646000656473916
9,landing_page,phish_variant_cross_domain_post.html,phishing,PHISHING,4,4,L1,True,reject_submission,True,6614.72778196,6614.727789008,0.007048000043141656
9,landing_page,phish_variant_hidden_fields.html,phishing,PHISHING,7,4,L1;L2,True,reject_submission,True,6614.727791122,6614.727798612,0.00748999991628807
9,landing_page,gen_clean_001.html,legitimate,LEGITIMATE,0,4,,False,allow,True,6614.727800765,6614.727807261,0.0064959995142999105
9,landing_page,gen_clean_002.html,legitimate,LEGITIMATE,0,4,,False,allow,True,6614.727809258,6614.727815612,0.006354000106512103
9,landing_page,gen_clean_003.html,legitimate,LEGITIMATE,0,4,,False,allow,True,6614.72781763,6614.727823982,0.0063520001276629046
9,landing_page,gen_clean_004.html,legitimate,LEGITIMATE,0,4,,False,allow,True,6614.727826035,6614.727832342,0.006306999239313882
9,landing_page,gen_clean_005.html,legitimate,LEGITIMATE,0,4,,False,allow,True,6614.72783439,6614.727840701,0.006311000106506981
9,landing_page,gen_clean_006.html,legitimate,LEGITIMATE,0,4,,False,allow,True,6614.727844665,6614.727851269,0.006604000191146042
9,landing_page,gen_clean_007.html,legitimate,LEGITIMATE,0,4,,False,allow,True,6614.727853313,6614.727859677,0.006364000000758097
9,landing_page,gen_clean_008.html,legitimate,LEGITIMATE,0,4,,False,allow,True,6614.727861806,6614.727868219,0.006412999937310815
9,landing_page,gen_phish_001.html,phishing,PHISHING,7,4,L1;L2,True,reject_submission,True,6614.727870197,6614.727877165,0.006967999979679007
9,landing_page,gen_phish_002.html,phishing,PHISHING,4,4,L1,True,reject_submission,True,6614.727879272,6614.727885908,0.006635999852733221
9,landing_page,gen_phish_003.html,phishing,PHISHING,7,4,L1;L2,True,reject_submission,True,6614.727887954,6614.727895042,0.007087999620125629
9,landing_page,gen_phish_004.html,phishing,PHISHING,4,4,L1,True,reject_submission,True,6614.727897186,6614.727903866,0.006680000296910293
9,landing_page,gen_phish_005.html,phishing,PHISHING,7,4,L1;L2,True,reject_submission,True,6614.727905882,6614.7279127,0.006817999746999703
9,landing_page,gen_phish_006.html,phishing,PHISHING,4,4,L1,True,reject_submission,True,6614.727914787,6614.727921537,0.006749999556632247
9,landing_page,gen_phish_007.html,phishing,PHISHING,7,4,L1;L2,True,reject_submission,True,6614.727923546,6614.727930351,0.006805000339227263
9,landing_page,gen_phish_008.html,phishing,PHISHING,4,4,L1,True,reject_submission,True,6614.727934333,6614.72794113,0.0067969995143357664
10,email,gen_legit_016_ict.eml,legitimate,LEGITIMATE,0,4,,False,allow,True,6614.727945421,6614.728028629,0.08320799952343805
10,email,gen_legit_017_bursary.eml,legitimate,LEGITIMATE,0,4,,False,allow,True,6614.728030825,6614.728105942,0.07511700005125022
10,email,gen_legit_018_security.eml,legitimate,LEGITIMATE,0,4,,False,allow,True,6614.728108016,6614.728209519,0.1015030002236017
10,email,gen_legit_019_registrar.eml,legitimate,LEGITIMATE,0,4,,False,allow,True,6614.728212213,6614.728320914,0.10870099958992796
10,email,gen_legit_020_examsoffice.eml,legitimate,LEGITIMATE,0,4,,False,allow,True,6614.728323467,6614.728401131,0.07766399994579842
10,email,gen_legit_021_scholarship.eml,legitimate,LEGITIMATE,0,4,,False,allow,True,6614.728403351,6614.728473308,0.06995699914114084
10,email,gen_legit_022_hostel.eml,legitimate,LEGITIMATE,0,4,,False,allow,True,6614.728475514,6614.7285573,0.08178600000974257
10,email,gen_legit_023_vc.eml,legitimate,LEGITIMATE,0,4,,False,allow,True,6614.728559827,6614.728686238,0.12641099965549074
10,email,gen_legit_024_timetable.eml,legitimate,LEGITIMATE,0,4,,False,allow,True,6614.728688401,6614.728756107,0.06770599975425284
10,email,gen_legit_025_ictupdate.eml,legitimate,LEGITIMATE,0,4,,False,allow,True,6614.728762851,6614.728835057,0.07220599945867434
10,email,gen_legit_026_library.eml,legitimate,LEGITIMATE,0,4,,False,allow,True,6614.728837299,6614.728905531,0.068232000558055
10,email,gen_legit_027_survey.eml,legitimate,LEGITIMATE,0,4,,False,allow,True,6614.728907563,6614.728983667,0.07610400007251883
10,email,gen_legit_028_convocation.eml,legitimate,LEGITIMATE,0,4,,False,allow,True,6614.728985732,6614.729065215,0.0794830002632807
10,email,gen_legit_029_sug.eml,legitimate,LEGITIMATE,0,4,,False,allow,True,6614.729067482,6614.729145889,0.0784070007284754
10,email,gen_legit_030_transcript.eml,legitimate,LEGITIMATE,0,4,,False,allow,True,6614.729147985,6614.729217607,0.06962199950066861
10,email,gen_legit_046_ict.eml,legitimate,LEGITIMATE,0,4,,False,allow,True,6614.729219639,6614.729302442,0.08280299971374916
10,email,gen_legit_047_bursary.eml,legitimate,LEGITIMATE,0,4,,False,allow,True,6614.729304534,6614.729383311,0.07877699954406125
10,email,gen_legit_048_security.eml,legitimate,LEGITIMATE,0,4,,False,allow,True,6614.729385552,6614.729466819,0.08126699958665995
10,email,gen_legit_049_registrar.eml,legitimate,LEGITIMATE,0,4,,False,allow,True,6614.729471164,6614.729589552,0.11838800037367037
10,email,gen_legit_050_examsoffice.eml,legitimate,LEGITIMATE,0,4,,False,allow,True,6614.729595579,6614.729672973,0.0773940000726725
10,email,gen_legit_051_scholarship.eml,legitimate,LEGITIMATE,0,4,,False,allow,True,6614.729675219,6614.729745015,0.069796000389033
10,email,gen_legit_052_hostel.eml,legitimate,LEGITIMATE,0,4,,False,allow,True,6614.729747,6614.729816791,0.06979099998716265
10,email,gen_legit_053_vc.eml,legitimate,LEGITIMATE,0,4,,False,allow,True,6614.729818803,6614.729890145,0.0713420004103682
10,email,gen_legit_054_timetable.eml,legitimate,LEGITIMATE,0,4,,False,allow,True,6614.729892133,6614.729956802,0.06466899958468275
10,email,gen_legit_055_ictupdate.eml,legitimate,LEGITIMATE,0,4,,False,allow,True,6614.729958774,6614.730027063,0.06828900041000452
10,email,gen_legit_056_library.eml,legitimate,LEGITIMATE,0,4,,False,allow,True,6614.730029212,6614.730092643,0.06343099994410295
10,email,gen_legit_057_survey.eml,legitimate,LEGITIMATE,0,4,,False,allow,True,6614.730094635,6614.730166843,0.07220800034701824
10,email,gen_legit_058_convocation.eml,legitimate,LEGITIMATE,0,4,,False,allow,True,6614.730168831,6614.730243789,0.07495800036849687
10,email,gen_legit_059_sug.eml,legitimate,LEGITIMATE,0,4,,False,allow,True,6614.73024582,6614.730322766,0.07694600026297849
10,email,gen_legit_060_transcript.eml,legitimate,LEGITIMATE,0,4,,False,allow,True,6614.730327127,6614.730394198,0.067070999648422
10,email,gen_phish_001_ict.eml,phishing,PHISHING,5,4,E1;E2,True,warn_user,True,6614.730396267,6614.730453066,0.05679900004906813
10,email,gen_phish_002_bursary.eml,phishing,PHISHING,5,4,E1;E2,True,warn_user,True,6614.730455239,6614.730543054,0.08781500037002843
10,email,gen_phish_003_security.eml,phishing,PHISHING,5,4,E1;E2,True,warn_user,True,6614.730545854,6614.730597758,0.05190399951970903
10,email,gen_phish_004_registrar.eml,phishing,PHISHING,5,4,E1;E2,True,warn_user,True,6614.730600079,6614.730659991,0.05991199941490777
10,email,gen_phish_005_examsoffice.eml,phishing,PHISHING,7,4,E1;E2;E3,True,warn_user,True,6614.730662177,6614.730714031,0.051854000048479065
10,email,gen_phish_006_scholarship.eml,phishing,PHISHING,5,4,E1;E2,True,warn_user,True,6614.730716193,6614.730767418,0.05122499987919582
10,email,gen_phish_007_hostel.eml,phishing,PHISHING,5,4,E1;E2,True,warn_user,True,6614.730769598,6614.730855953,0.08635500034870347
10,email,gen_phish_008_vc.eml,phishing,PHISHING,5,4,E1;E2,True,warn_user,True,6614.730858096,6614.73090851,0.05041399981564609
10,email,gen_phish_009_timetable.eml,phishing,PHISHING,5,4,E1;E2,True,warn_user,True,6614.730910653,6614.730965927,0.05527400026039686
10,email,gen_phish_010_ictupdate.eml,phishing,PHISHING,7,4,E1;E2;E3,True,warn_user,True,6614.73097182,6614.731410943,0.4391229995235335
10,email,gen_phish_011_library.eml,phishing,PHISHING,5,4,E1;E2,True,warn_user,True,6614.731459375,6614.732456973,0.9975980001399876
10,email,gen_phish_012_survey.eml,phishing,PHISHING,5,4,E1;E2,True,warn_user,True,6614.732465448,6614.732542536,0.077088000580261
10,email,gen_phish_013_convocation.eml,phishing,PHISHING,5,4,E1;E2,True,warn_user,True,6614.732561995,6614.732626224,0.06422900059988024
10,email,gen_phish_014_sug.eml,phishing,PHISHING,5,4,E1;E2,True,warn_user,True,6614.732628532,6614.732672046,0.04351400002633454
10,email,gen_phish_015_transcript.eml,phishing,PHISHING,7,4,E1;E2;E3,True,warn_user,True,6614.732674728,6614.732728146,0.053417999879457057
10,email,gen_phish_031_ict.eml,phishing,PHISHING,5,4,E1;E2,True,warn_user,True,6614.732730365,6614.73279097,0.06060499981686007
10,email,gen_phish_032_bursary.eml,phishing,PHISHING,5,4,E1;E2,True,warn_user,True,6614.732793582,6614.732861653,0.06807099998695776
10,email,gen_phish_033_security.eml,phishing,PHISHING,5,4,E1;E2,True,warn_user,True,6614.732866234,6614.733119651,0.25341700074932305
10,email,gen_phish_034_registrar.eml,phishing,PHISHING,5,4,E1;E2,True,warn_user,True,6614.73312543,6614.733222503,0.09707300068839686
10,email,gen_phish_035_examsoffice.eml,phishing,PHISHING,7,4,E1;E2;E3,True,warn_user,True,6614.733240894,6614.733365082,0.12418799997249153
10,email,gen_phish_036_scholarship.eml,phishing,PHISHING,5,4,E1;E2,True,warn_user,True,6614.73336878,6614.733479223,0.11044300026696874
10,email,gen_phish_037_hostel.eml,phishing,PHISHING,5,4,E1;E2,True,warn_user,True,6614.733482953,6614.733551767,0.06881399986014003
10,email,gen_phish_038_vc.eml,phishing,PHISHING,5,4,E1;E2,True,warn_user,True,6614.733555533,6614.733615809,0.060276000112935435
10,email,gen_phish_039_timetable.eml,phishing,PHISHING,5,4,E1;E2,True,warn_user,True,6614.733619772,6614.733688369,0.06859700079075992
10,email,gen_phish_040_ictupdate.eml,phishing,PHISHING,7,4,E1;E2;E3,True,warn_user,True,6614.733691356,6614.733759922,0.06856599975435529
10,email,gen_phish_041_library.eml,phishing,PHISHING,5,4,E1;E2,True,warn_user,True,6614.733763127,6614.733823408,0.06028099960531108
10,email,gen_phish_042_survey.eml,phishing,PHISHING,5,4,E1;E2,True,warn_user,True,6614.733828579,6614.733934867,0.10628800009726547
10,email,gen_phish_043_convocation.eml,phishing,PHISHING,5,4,E1;E2,True,warn_user,True,6614.733937655,6614.733994364,0.056709000091359485
10,email,gen_phish_044_sug.eml,phishing,PHISHING,5,4,E1;E2,True,warn_user,True,6614.733996571,6614.734144041,0.1474700002290774
10,email,gen_phish_045_transcript.eml,phishing,PHISHING,7,4,E1;E2;E3,True,warn_user,True,6614.734158632,6614.734221728,0.06309600030363072
10,url,http://crescentuniversity.edu.ng@crescentuni-verify-1.tk/reset,phishing,PHISHING,9,4,U2;U3;U5;U6,True,block_redirect,True,6614.734224267,6614.734245236,0.02096899970638333
10,url,http://portal-crescentuni.cf/account,phishing,PHISHING,6,4,U3;U5;U6,True,block_redirect,True,6614.734248141,6614.734260427,0.012286000128369778
10,url,https://crescent-uni-portal.xyz/docs/view?id=3,phishing,PHISHING,5,4,U3;U6,True,block_redirect,True,6614.734263036,6614.734274637,0.011601000551308971
10,url,http://login.secure.crescent-id.cf/verify,phishing,PHISHING,7,4,U3;U4;U5;U6,True,block_redirect,True,6614.734276958,6614.734288789,0.011830999937956221
10,url,http://203.0.113.104:8443/verify,phishing,PHISHING,4,4,U1;U5,True,block_redirect,True,6614.734290996,6614.734304876,0.013880000551580451
10,url,http://198.51.100.235/login/verify?id=6,phishing,PHISHING,4,4,U1;U5,True,block_redirect,True,6614.734307656,6614.734320745,0.013089000276522711
10,url,http://crescentuniversity.edu.ng@crescent-uni-verify-7.tk/reset,phishing,PHISHING,9,4,U2;U3;U5;U6,True,block_redirect,True,6614.734322874,6614.734334575,0.011700999493768904
10,url,http://verify-crescent-uni-verify.work/account,phishing,PHISHING,6,4,U3;U5;U6,True,block_redirect,True,6614.734336828,6614.734375044,0.03821600057563046
10,url,https://crescentuni-portal.work/docs/view?id=9,phishing,PHISHING,5,4,U3;U6,True,block_redirect,True,6614.734380192,6614.734402493,0.02230100017186487
10,url,http://login.secure.crescent-id.gq/verify,phishing,PHISHING,7,4,U3;U4;U5;U6,True,block_redirect,True,6614.734413138,6614.734426374,0.013236000086180866
10,url,http://198.51.100.192:9090/verify,phishing,PHISHING,4,4,U1;U5,True,block_redirect,True,6614.734428821,6614.734441864,0.01304299985349644
10,url,http://203.0.113.193/login/verify?id=12,phishing,PHISHING,4,4,U1;U5,True,block_redirect,True,6614.734443961,6614.734456314,0.012353000784059986
10,url,http://crescentuniversity.edu.ng@crescent-uni-verify-13.tk/reset,phishing,PHISHING,9,4,U2;U3;U5;U6,True,block_redirect,True,6614.734458392,6614.734469215,0.01082299968402367
10,url,http://id-crescentuni-secure.xyz/account,phishing,PHISHING,6,4,U3;U5;U6,True,block_redirect,True,6614.734471372,6614.734482873,0.011500999789859634
10,url,https://crescent-portal.ga/docs/view?id=15,phishing,PHISHING,5,4,U3;U6,True,block_redirect,True,6614.734484978,6614.734495718,0.010740000107034575
10,url,http://login.secure.crescent-uni-id.work/verify,phishing,PHISHING,7,4,U3;U4;U5;U6,True,block_redirect,True,6614.734497772,6614.734510073,0.012300999514991418
10,url,http://198.51.100.222:8080/verify,phishing,PHISHING,4,4,U1;U5,True,block_redirect,True,6614.734512195,6614.734524526,0.0123310001072241
10,url,http://198.51.100.204/login/verify?id=18,phishing,PHISHING,4,4,U1;U5,True,block_redirect,True,6614.734527172,6614.734539557,0.012385000445647165
10,url,http://crescentuniversity.edu.ng@crescent-uni-verify-19.tk/reset,phishing,PHISHING,9,4,U2;U3;U5;U6,True,block_redirect,True,6614.734541734,6614.734552504,0.010769999789772555
10,url,http://id-crescentuni-login.top/account,phishing,PHISHING,6,4,U3;U5;U6,True,block_redirect,True,6614.734561308,6614.734573692,0.012384000001475215
10,url,https://crescentuni-portal.work/docs/view?id=21,phishing,PHISHING,5,4,U3;U6,True,block_redirect,True,6614.734575833,6614.734587871,0.012038000022585038
10,url,http://login.secure.crescent-uni-id.gq/verify,phishing,PHISHING,7,4,U3;U4;U5;U6,True,block_redirect,True,6614.73458995,6614.734601674,0.011724000614776742
10,url,http://198.51.100.176:9090/verify,phishing,PHISHING,4,4,U1;U5,True,block_redirect,True,6614.734604072,6614.73461667,0.012597999557328876
10,url,http://203.0.113.198/login/verify?id=24,phishing,PHISHING,4,4,U1;U5,True,block_redirect,True,6614.73461883,6614.734631063,0.012233000234118663
10,url,http://crescentuniversity.edu.ng@crescent-uni-verify-25.tk/reset,phishing,PHISHING,9,4,U2;U3;U5;U6,True,block_redirect,True,6614.734633221,6614.734643967,0.010746000043582171
10,url,http://secure-crescentuni-portal.top/account,phishing,PHISHING,6,4,U3;U5;U6,True,block_redirect,True,6614.734646082,6614.734658109,0.012026999684167095
10,url,https://crescent-portal.work/docs/view?id=27,phishing,PHISHING,5,4,U3;U6,True,block_redirect,True,6614.734660205,6614.734671888,0.011682999684126116
10,url,http://login.secure.crescent-id.gq/verify,phishing,PHISHING,7,4,U3;U4;U5;U6,True,block_redirect,True,6614.734674116,6614.734685978,0.011862000064866152
10,url,http://198.51.100.131:8080/verify,phishing,PHISHING,4,4,U1;U5,True,block_redirect,True,6614.734690576,6614.734703904,0.013328000022738706
10,url,http://203.0.113.217/login/verify?id=30,phishing,PHISHING,4,4,U1;U5,True,block_redirect,True,6614.734708091,6614.734721253,0.013161999959265813
10,url,http://crescentuniversity.edu.ng@crescent-uni-verify-31.tk/reset,phishing,PHISHING,9,4,U2;U3;U5;U6,True,block_redirect,True,6614.734723352,6614.73473423,0.010877999557123985
10,url,http://id-crescent-uni-verify.ga/account,phishing,PHISHING,6,4,U3;U5;U6,True,block_redirect,True,6614.73473638,6614.734747208,0.010828000085894018
10,url,https://crescentuni-portal.ga/docs/view?id=33,phishing,PHISHING,5,4,U3;U6,True,block_redirect,True,6614.734749305,6614.734759963,0.010658000064722728
10,url,http://login.secure.crescent-uni-id.tk/verify,phishing,PHISHING,7,4,U3;U4;U5;U6,True,block_redirect,True,6614.734762471,6614.734773533,0.011062000339734368
10,url,http://203.0.113.127:8080/verify,phishing,PHISHING,4,4,U1;U5,True,block_redirect,True,6614.734775793,6614.734788195,0.012401999811118003
10,url,http://203.0.113.226/login/verify?id=36,phishing,PHISHING,4,4,U1;U5,True,block_redirect,True,6614.734790312,6614.734802623,0.012311000318732113
10,url,http://crescentuniversity.edu.ng@crescentuni-verify-37.tk/reset,phishing,PHISHING,9,4,U2;U3;U5;U6,True,block_redirect,True,6614.734804761,6614.734815594,0.010832999578269664
10,url,http://secure-crescent-verify.ml/account,phishing,PHISHING,6,4,U3;U5;U6,True,block_redirect,True,6614.734817704,6614.734828428,0.010723999366746284
10,url,https://crescent-portal.work/docs/view?id=39,phishing,PHISHING,5,4,U3;U6,True,block_redirect,True,6614.734830531,6614.734842872,0.012341000001470093
10,url,http://login.secure.crescent-id.ga/verify,phishing,PHISHING,7,4,U3;U4;U5;U6,True,block_redirect,True,6614.734847199,6614.734859011,0.011811999684141483
10,url,http://203.0.113.244:9090/verify,phishing,PHISHING,4,4,U1;U5,True,block_redirect,True,6614.734861565,6614.734874322,0.012757000149576925
10,url,http://203.0.113.137/login/verify?id=42,phishing,PHISHING,4,4,U1;U5,True,block_redirect,True,6614.734876497,6614.734889121,0.01262400019186316
10,url,http://crescentuniversity.edu.ng@crescent-uni-verify-43.tk/reset,phishing,PHISHING,9,4,U2;U3;U5;U6,True,block_redirect,True,6614.73489132,6614.734902372,0.011051999535993673
10,url,http://login-crescentuni-alerts.cf/account,phishing,PHISHING,6,4,U3;U5;U6,True,block_redirect,True,6614.734971513,6614.734990604,0.01909099955810234
10,url,https://crescent-uni-portal.gq/docs/view?id=45,phishing,PHISHING,5,4,U3;U6,True,block_redirect,True,6614.734996879,6614.73500889,0.012010999853373505
10,url,http://login.secure.crescentuni-id.xyz/verify,phishing,PHISHING,7,4,U3;U4;U5;U6,True,block_redirect,True,6614.735011058,6614.735099675,0.08861700007400941
10,url,http://203.0.113.32:8080/verify,phishing,PHISHING,4,4,U1;U5,True,block_redirect,True,6614.735102947,6614.735116506,0.013558999853557907
10,url,http://198.51.100.88/login/verify?id=48,phishing,PHISHING,4,4,U1;U5,True,block_redirect,True,6614.735118812,6614.735131044,0.012231999789946713
10,url,http://crescentuniversity.edu.ng@crescent-verify-49.tk/reset,phishing,PHISHING,9,4,U2;U3;U5;U6,True,block_redirect,True,6614.735133357,6614.735144179,0.01082199923985172
10,url,http://id-crescent-uni-verify.cf/account,phishing,PHISHING,6,4,U3;U5;U6,True,block_redirect,True,6614.735151137,6614.735162578,0.011441000424383674
10,url,https://portal.crescentuniversity.edu.ng/resource/1,legitimate,LEGITIMATE,1,4,U4,False,allow,True,6614.73516476,6614.735176976,0.012215999959153123
10,url,https://drive.crescentuniversity.edu.ng/resource/2,legitimate,LEGITIMATE,1,4,U4,False,allow,True,6614.735179093,6614.735190942,0.011849000657093711
10,url,https://portal.crescentuniversity.edu.ng/resource/3,legitimate,LEGITIMATE,1,4,U4,False,allow,True,6614.735193122,6614.735204651,0.011528999493748415
10,url,https://accounts.google.com/signin,legitimate,LEGITIMATE,0,4,,False,allow,True,6614.735206683,6614.73521831,0.011627000276348554
10,url,https://drive.crescentuniversity.edu.ng/resource/5,legitimate,LEGITIMATE,1,4,U4,False,allow,True,6614.735220595,6614.735232236,0.011641000128292944
10,url,https://portal.crescentuniversity.edu.ng/resource/6,legitimate,LEGITIMATE,1,4,U4,False,allow,True,6614.735234486,6614.735246001,0.011514999641804025
10,url,https://library.crescentuniversity.edu.ng/resource/7,legitimate,LEGITIMATE,1,4,U4,False,allow,True,6614.735248187,6614.735259751,0.011563999578356743
10,url,https://www.wikipedia.org/wiki/Security,legitimate,LEGITIMATE,0,4,,False,allow,True,6614.735261767,6614.735273191,0.011423999239923432
10,url,https://mail.crescentuniversity.edu.ng/resource/9,legitimate,LEGITIMATE,1,4,U4,False,allow,True,6614.735275219,6614.735286881,0.011662000360956881
10,url,https://registrar.crescentuniversity.edu.ng/resource/10,legitimate,LEGITIMATE,1,4,U4,False,allow,True,6614.735291047,6614.735302975,0.01192800027638441
10,url,https://bursary.crescentuniversity.edu.ng/resource/11,legitimate,LEGITIMATE,1,4,U4,False,allow,True,6614.735305081,6614.735316844,0.011763000657083467
10,url,https://zoom.us/signin,legitimate,LEGITIMATE,0,4,,False,allow,True,6614.7353189,6614.735347812,0.02891200074373046
10,url,https://hostel.crescentuniversity.edu.ng/resource/13,legitimate,LEGITIMATE,1,4,U4,False,allow,True,6614.73535044,6614.73536281,0.012370000149530824
10,url,https://registrar.crescentuniversity.edu.ng/resource/14,legitimate,LEGITIMATE,1,4,U4,False,allow,True,6614.735365034,6614.73537657,0.011535999874467961
10,url,https://mail.crescentuniversity.edu.ng/resource/15,legitimate,LEGITIMATE,1,4,U4,False,allow,True,6614.735378583,6614.735390118,0.011535000339790713
10,url,https://accounts.google.com/signin,legitimate,LEGITIMATE,0,4,,False,allow,True,6614.735392342,6614.735403957,0.011615000403253362
10,url,https://elearning.crescentuniversity.edu.ng/resource/17,legitimate,LEGITIMATE,1,4,U4,False,allow,True,6614.735406308,6614.735417795,0.011486999937915243
10,url,https://elearning.crescentuniversity.edu.ng/resource/18,legitimate,LEGITIMATE,1,4,U4,False,allow,True,6614.73541989,6614.73543148,0.011590000212891027
10,url,https://hostel.crescentuniversity.edu.ng/resource/19,legitimate,LEGITIMATE,1,4,U4,False,allow,True,6614.735433529,6614.735444933,0.011403999451431446
10,url,https://accounts.google.com/signin,legitimate,LEGITIMATE,0,4,,False,allow,True,6614.735452864,6614.735464857,0.011993000043730717
10,url,https://hostel.crescentuniversity.edu.ng/resource/21,legitimate,LEGITIMATE,1,4,U4,False,allow,True,6614.73546704,6614.735478469,0.01142899964179378
10,url,https://exams.crescentuniversity.edu.ng/resource/22,legitimate,LEGITIMATE,1,4,U4,False,allow,True,6614.735480513,6614.735491863,0.011350000022503082
10,url,https://registrar.crescentuniversity.edu.ng/resource/23,legitimate,LEGITIMATE,1,4,U4,False,allow,True,6614.735493835,6614.735505247,0.011412000276322942
10,url,https://www.wikipedia.org/wiki/Security,legitimate,LEGITIMATE,0,4,,False,allow,True,6614.735507234,6614.735518492,0.011258000085945241
10,url,https://drive.crescentuniversity.edu.ng/resource/25,legitimate,LEGITIMATE,1,4,U4,False,allow,True,6614.735520541,6614.735531856,0.011314999937894754
10,url,https://exams.crescentuniversity.edu.ng/resource/26,legitimate,LEGITIMATE,1,4,U4,False,allow,True,6614.735533951,6614.735545361,0.011409999387979042
10,url,https://library.crescentuniversity.edu.ng/resource/27,legitimate,LEGITIMATE,1,4,U4,False,allow,True,6614.735547698,6614.73555908,0.01138199968409026
10,url,https://www.microsoft.com/en-us/security,legitimate,LEGITIMATE,0,4,,False,allow,True,6614.735561185,6614.73557252,0.01133499972638674
10,url,https://exams.crescentuniversity.edu.ng/resource/29,legitimate,LEGITIMATE,1,4,U4,False,allow,True,6614.735574544,6614.735585828,0.011283999810984824
10,url,https://hostel.crescentuniversity.edu.ng/resource/30,legitimate,LEGITIMATE,1,4,U4,False,allow,True,6614.735591538,6614.735603251,0.011712999366864096
10,url,https://portal.crescentuniversity.edu.ng/resource/31,legitimate,LEGITIMATE,1,4,U4,False,allow,True,6614.735605277,6614.735616595,0.011317999451421201
10,url,https://zoom.us/signin,legitimate,LEGITIMATE,0,4,,False,allow,True,6614.735618594,6614.735629737,0.011142999937874265
10,url,https://drive.crescentuniversity.edu.ng/resource/33,legitimate,LEGITIMATE,1,4,U4,False,allow,True,6614.735631815,6614.735643248,0.01143300050898688
10,url,https://portal.crescentuniversity.edu.ng/resource/34,legitimate,LEGITIMATE,1,4,U4,False,allow,True,6614.735645431,6614.735656772,0.011340999662934337
10,url,https://exams.crescentuniversity.edu.ng/resource/35,legitimate,LEGITIMATE,1,4,U4,False,allow,True,6614.735658859,6614.735670466,0.011606999578361865
10,url,https://zoom.us/signin,legitimate,LEGITIMATE,0,4,,False,allow,True,6614.735674359,6614.735685754,0.011395000001357403
10,url,https://library.crescentuniversity.edu.ng/resource/37,legitimate,LEGITIMATE,1,4,U4,False,allow,True,6614.735687859,6614.735699289,0.01143000008596573
10,url,https://drive.crescentuniversity.edu.ng/resource/38,legitimate,LEGITIMATE,1,4,U4,False,allow,True,6614.735701656,6614.735713005,0.011349000487825833
10,url,https://registrar.crescentuniversity.edu.ng/resource/39,legitimate,LEGITIMATE,1,4,U4,False,allow,True,6614.735715147,6614.7357266,0.011453000297478866
10,url,https://accounts.google.com/signin,legitimate,LEGITIMATE,0,4,,False,allow,True,6614.735731012,6614.735742594,0.011582000297494233
10,landing_page,clean_baseline_portal.html,legitimate,LEGITIMATE,0,4,,False,allow,True,6614.735744804,6614.735753316,0.008512000022165012
10,landing_page,clean_variant_sso.html,legitimate,LEGITIMATE,0,4,,False,allow,True,6614.735755511,6614.735762198,0.006686999768135138
10,landing_page,phish_variant_cross_domain_post.html,phishing,PHISHING,4,4,L1,True,reject_submission,True,6614.735764198,6614.73577116,0.006962000043131411
10,landing_page,phish_variant_hidden_fields.html,phishing,PHISHING,7,4,L1;L2,True,reject_submission,True,6614.735773183,6614.735780304,0.00712100063537946
10,landing_page,gen_clean_001.html,legitimate,LEGITIMATE,0,4,,False,allow,True,6614.735782763,6614.735789264,0.006500999916170258
10,landing_page,gen_clean_002.html,legitimate,LEGITIMATE,0,4,,False,allow,True,6614.735791281,6614.735797574,0.006292999387369491
10,landing_page,gen_clean_003.html,legitimate,LEGITIMATE,0,4,,False,allow,True,6614.735799563,6614.735805821,0.006258000212255865
10,landing_page,gen_clean_004.html,legitimate,LEGITIMATE,0,4,,False,allow,True,6614.735807828,6614.73581407,0.006241999471967574
10,landing_page,gen_clean_005.html,legitimate,LEGITIMATE,0,4,,False,allow,True,6614.735816006,6614.735822209,0.006202999429660849
10,landing_page,gen_clean_006.html,legitimate,LEGITIMATE,0,4,,False,allow,True,6614.735826144,6614.73583275,0.006605999260500539
10,landing_page,gen_clean_007.html,legitimate,LEGITIMATE,0,4,,False,allow,True,6614.735834804,6614.735841029,0.006225000106496736
10,landing_page,gen_clean_008.html,legitimate,LEGITIMATE,0,4,,False,allow,True,6614.735843157,6614.735849407,0.006250000296859071
10,landing_page,gen_phish_001.html,phishing,PHISHING,7,4,L1;L2,True,reject_submission,True,6614.735851377,6614.735858651,0.0072740003815852106
10,landing_page,gen_phish_002.html,phishing,PHISHING,4,4,L1,True,reject_submission,True,6614.735860751,6614.735867417,0.006666000444965903
10,landing_page,gen_phish_003.html,phishing,PHISHING,7,4,L1;L2,True,reject_submission,True,6614.735869483,6614.735876338,0.00685499981045723
10,landing_page,gen_phish_004.html,phishing,PHISHING,4,4,L1,True,reject_submission,True,6614.735878514,6614.735885192,0.006677999408566393
10,landing_page,gen_phish_005.html,phishing,PHISHING,7,4,L1;L2,True,reject_submission,True,6614.735887226,6614.73589402,0.006794000000809319
10,landing_page,gen_phish_006.html,phishing,PHISHING,4,4,L1,True,reject_submission,True,6614.735896084,6614.735902771,0.006686999768135138
10,landing_page,gen_phish_007.html,phishing,PHISHING,7,4,L1;L2,True,reject_submission,True,6614.735904768,6614.73591162,0.006851999387436081
10,landing_page,gen_phish_008.html,phishing,PHISHING,4,4,L1,True,reject_submission,True,6614.735915845,6614.735922722,0.006877000487293117
11,email,gen_legit_016_ict.eml,legitimate,LEGITIMATE,0,4,,False,allow,True,6614.735928434,6614.736025036,0.09660199975769501
11,email,gen_legit_017_bursary.eml,legitimate,LEGITIMATE,0,4,,False,allow,True,6614.736058623,6614.736139775,0.08115200034808367
11,email,gen_legit_018_security.eml,legitimate,LEGITIMATE,0,4,,False,allow,True,6614.736142161,6614.736221127,0.07896599981904728
11,email,gen_legit_019_registrar.eml,legitimate,LEGITIMATE,0,4,,False,allow,True,6614.736223197,6614.736319598,0.09640099960961379
11,email,gen_legit_020_examsoffice.eml,legitimate,LEGITIMATE,0,4,,False,allow,True,6614.736322064,6614.736400072,0.0780079999458394
11,email,gen_legit_021_scholarship.eml,legitimate,LEGITIMATE,0,4,,False,allow,True,6614.736402542,6614.736472162,0.06961999952181941
11,email,gen_legit_022_hostel.eml,legitimate,LEGITIMATE,0,4,,False,allow,True,6614.736474356,6614.736544348,0.06999200013524387
11,email,gen_legit_023_vc.eml,legitimate,LEGITIMATE,0,4,,False,allow,True,6614.736546443,6614.736617802,0.07135899977583904
11,email,gen_legit_024_timetable.eml,legitimate,LEGITIMATE,0,4,,False,allow,True,6614.736619962,6614.736685133,0.06517099973279983
11,email,gen_legit_025_ictupdate.eml,legitimate,LEGITIMATE,0,4,,False,allow,True,6614.7366964,6614.736765625,0.06922499960637651
11,email,gen_legit_026_library.eml,legitimate,LEGITIMATE,0,4,,False,allow,True,6614.73676776,6614.736831932,0.06417200074793072
11,email,gen_legit_027_survey.eml,legitimate,LEGITIMATE,0,4,,False,allow,True,6614.736833926,6614.736906839,0.07291299971257104
11,email,gen_legit_028_convocation.eml,legitimate,LEGITIMATE,0,4,,False,allow,True,6614.736908838,6614.73698384,0.07500199990317924
11,email,gen_legit_029_sug.eml,legitimate,LEGITIMATE,0,4,,False,allow,True,6614.736985936,6614.737065483,0.07954700049594976
11,email,gen_legit_030_transcript.eml,legitimate,LEGITIMATE,0,4,,False,allow,True,6614.737067575,6614.737138632,0.07105700024112593
11,email,gen_legit_046_ict.eml,legitimate,LEGITIMATE,0,4,,False,allow,True,6614.737140711,6614.737222193,0.08148199958668556
11,email,gen_legit_047_bursary.eml,legitimate,LEGITIMATE,0,4,,False,allow,True,6614.737224305,6614.737303601,0.07929599996714387
11,email,gen_legit_048_security.eml,legitimate,LEGITIMATE,0,4,,False,allow,True,6614.737318155,6614.737425235,0.10707999990700046
11,email,gen_legit_049_registrar.eml,legitimate,LEGITIMATE,0,4,,False,allow,True,6614.737432041,6614.737515889,0.08384800003113924
11,email,gen_legit_050_examsoffice.eml,legitimate,LEGITIMATE,0,4,,False,allow,True,6614.737520217,6614.737595147,0.07493000066460809
11,email,gen_legit_051_scholarship.eml,legitimate,LEGITIMATE,0,4,,False,allow,True,6614.737597324,6614.737666609,0.06928500079084188
11,email,gen_legit_052_hostel.eml,legitimate,LEGITIMATE,0,4,,False,allow,True,6614.737668614,6614.737737731,0.06911700074851979
11,email,gen_legit_053_vc.eml,legitimate,LEGITIMATE,0,4,,False,allow,True,6614.737739793,6614.73781102,0.07122699935280252
11,email,gen_legit_054_timetable.eml,legitimate,LEGITIMATE,0,4,,False,allow,True,6614.737813352,6614.737878117,0.06476500038843369
11,email,gen_legit_055_ictupdate.eml,legitimate,LEGITIMATE,0,4,,False,allow,True,6614.737880125,6614.737948683,0.0685579998389585
11,email,gen_legit_056_library.eml,legitimate,LEGITIMATE,0,4,,False,allow,True,6614.737950862,6614.73801449,0.06362800013448577
11,email,gen_legit_057_survey.eml,legitimate,LEGITIMATE,0,4,,False,allow,True,6614.738016483,6614.738089033,0.07254999945871532
11,email,gen_legit_058_convocation.eml,legitimate,LEGITIMATE,0,4,,False,allow,True,6614.738091047,6614.738166072,0.07502500011469238
11,email,gen_legit_059_sug.eml,legitimate,LEGITIMATE,0,4,,False,allow,True,6614.738168051,6614.738243593,0.07554200055892579
11,email,gen_legit_060_transcript.eml,legitimate,LEGITIMATE,0,4,,False,allow,True,6614.738247643,6614.738348785,0.10114199994859518
11,email,gen_phish_001_ict.eml,phishing,PHISHING,5,4,E1;E2,True,warn_user,True,6614.738351324,6614.738434398,0.08307400003104704
11,email,gen_phish_002_bursary.eml,phishing,PHISHING,5,4,E1;E2,True,warn_user,True,6614.738436985,6614.738487543,0.0505580001117778
11,email,gen_phish_003_security.eml,phishing,PHISHING,5,4,E1;E2,True,warn_user,True,6614.738489784,6614.738539794,0.05000999954063445
11,email,gen_phish_004_registrar.eml,phishing,PHISHING,5,4,E1;E2,True,warn_user,True,6614.738546912,6614.738607446,0.06053400011296617
11,email,gen_phish_005_examsoffice.eml,phishing,PHISHING,7,4,E1;E2;E3,True,warn_user,True,6614.738609586,6614.738664493,0.05490700004884275
11,email,gen_phish_006_scholarship.eml,phishing,PHISHING,5,4,E1;E2,True,warn_user,True,6614.738666647,6614.738718724,0.05207699996390147
11,email,gen_phish_007_hostel.eml,phishing,PHISHING,5,4,E1;E2,True,warn_user,True,6614.738720841,6614.738806878,0.08603700007370207
11,email,gen_phish_008_vc.eml,phishing,PHISHING,5,4,E1;E2,True,warn_user,True,6614.73880912,6614.738859578,0.050458000259823166
11,email,gen_phish_009_timetable.eml,phishing,PHISHING,5,4,E1;E2,True,warn_user,True,6614.738861763,6614.738917296,0.05553299979510484
11,email,gen_phish_010_ictupdate.eml,phishing,PHISHING,7,4,E1;E2;E3,True,warn_user,True,6614.738921669,6614.738981933,0.06026400023984024
11,email,gen_phish_011_library.eml,phishing,PHISHING,5,4,E1;E2,True,warn_user,True,6614.738984248,6614.73905089,0.06664200009254273
11,email,gen_phish_012_survey.eml,phishing,PHISHING,5,4,E1;E2,True,warn_user,True,6614.739053637,6614.739113984,0.06034699981682934
11,email,gen_phish_013_convocation.eml,phishing,PHISHING,5,4,E1;E2,True,warn_user,True,6614.739116306,6614.73917702,0.06071400002838345
11,email,gen_phish_014_sug.eml,phishing,PHISHING,5,4,E1;E2,True,warn_user,True,6614.739179142,6614.739221019,0.04187700051261345
11,email,gen_phish_015_transcript.eml,phishing,PHISHING,7,4,E1;E2;E3,True,warn_user,True,6614.739223216,6614.739301241,0.07802500022080494
11,email,gen_phish_031_ict.eml,phishing,PHISHING,5,4,E1;E2,True,warn_user,True,6614.739303908,6614.739362966,0.05905800026084762
11,email,gen_phish_032_bursary.eml,phishing,PHISHING,5,4,E1;E2,True,warn_user,True,6614.739365164,6614.739413054,0.04788999922311632
11,email,gen_phish_033_security.eml,phishing,PHISHING,5,4,E1;E2,True,warn_user,True,6614.739415297,6614.739463856,0.04855899987887824
11,email,gen_phish_034_registrar.eml,phishing,PHISHING,5,4,E1;E2,True,warn_user,True,6614.739465983,6614.739540387,0.07440399986080592
11,email,gen_phish_035_examsoffice.eml,phishing,PHISHING,7,4,E1;E2;E3,True,warn_user,True,6614.739546017,6614.739641795,0.09577800028637284
11,email,gen_phish_036_scholarship.eml,phishing,PHISHING,5,4,E1;E2,True,warn_user,True,6614.739643964,6614.739693369,0.049405000027036294
11,email,gen_phish_037_hostel.eml,phishing,PHISHING,5,4,E1;E2,True,warn_user,True,6614.739695455,6614.739748185,0.0527299998793751
11,email,gen_phish_038_vc.eml,phishing,PHISHING,5,4,E1;E2,True,warn_user,True,6614.739750264,6614.739799843,0.04957900000590598
11,email,gen_phish_039_timetable.eml,phishing,PHISHING,5,4,E1;E2,True,warn_user,True,6614.739802187,6614.739857516,0.05532899922400247
11,email,gen_phish_040_ictupdate.eml,phishing,PHISHING,7,4,E1;E2;E3,True,warn_user,True,6614.739859666,6614.739915106,0.055440000323869754
11,email,gen_phish_041_library.eml,phishing,PHISHING,5,4,E1;E2,True,warn_user,True,6614.739917298,6614.73996616,0.048861999857763294
11,email,gen_phish_042_survey.eml,phishing,PHISHING,5,4,E1;E2,True,warn_user,True,6614.73996835,6614.740059258,0.09090799994737608
11,email,gen_phish_043_convocation.eml,phishing,PHISHING,5,4,E1;E2,True,warn_user,True,6614.74006143,6614.740116455,0.05502499971044017
11,email,gen_phish_044_sug.eml,phishing,PHISHING,5,4,E1;E2,True,warn_user,True,6614.740118662,6614.740158692,0.04002999958174769
11,email,gen_phish_045_transcript.eml,phishing,PHISHING,7,4,E1;E2;E3,True,warn_user,True,6614.740163236,6614.740215505,0.05226900066190865
11,url,http://crescentuniversity.edu.ng@crescentuni-verify-1.tk/reset,phishing,PHISHING,9,4,U2;U3;U5;U6,True,block_redirect,True,6614.740217663,6614.740246447,0.02878399936889764
11,url,http://portal-crescentuni.cf/account,phishing,PHISHING,6,4,U3;U5;U6,True,block_redirect,True,6614.740249293,6614.740262125,0.012832000720663927
11,url,https://crescent-uni-portal.xyz/docs/view?id=3,phishing,PHISHING,5,4,U3;U6,True,block_redirect,True,6614.740264339,6614.740298822,0.03448300049058162
11,url,http://login.secure.crescent-id.cf/verify,phishing,PHISHING,7,4,U3;U4;U5;U6,True,block_redirect,True,6614.740301713,6614.740314632,0.01291900025535142
11,url,http://203.0.113.104:8443/verify,phishing,PHISHING,4,4,U1;U5,True,block_redirect,True,6614.740316833,6614.740329853,0.013019999641983304
11,url,http://198.51.100.235/login/verify?id=6,phishing,PHISHING,4,4,U1;U5,True,block_redirect,True,6614.740332452,6614.740344991,0.012538999726530164
11,url,http://crescentuniversity.edu.ng@crescent-uni-verify-7.tk/reset,phishing,PHISHING,9,4,U2;U3;U5;U6,True,block_redirect,True,6614.740347096,6614.740357982,0.010886000382015482
11,url,http://verify-crescent-uni-verify.work/account,phishing,PHISHING,6,4,U3;U5;U6,True,block_redirect,True,6614.740360099,6614.740372078,0.011979000191786326
11,url,https://crescentuni-portal.work/docs/view?id=9,phishing,PHISHING,5,4,U3;U6,True,block_redirect,True,6614.740374169,6614.74038588,0.0117110002975096
11,url,http://login.secure.crescent-id.gq/verify,phishing,PHISHING,7,4,U3;U4;U5;U6,True,block_redirect,True,6614.740391363,6614.740403613,0.012250000509084202
11,url,http://198.51.100.192:9090/verify,phishing,PHISHING,4,4,U1;U5,True,block_redirect,True,6614.74040587,6614.740418375,0.012505000086093787
11,url,http://203.0.113.193/login/verify?id=12,phishing,PHISHING,4,4,U1;U5,True,block_redirect,True,6614.74042049,6614.740432793,0.012302999493840616
11,url,http://crescentuniversity.edu.ng@crescent-uni-verify-13.tk/reset,phishing,PHISHING,9,4,U2;U3;U5;U6,True,block_redirect,True,6614.740434872,6614.740445719,0.010846999430214055
11,url,http://id-crescentuni-secure.xyz/account,phishing,PHISHING,6,4,U3;U5;U6,True,block_redirect,True,6614.740447848,6614.740459404,0.011555999662959948
11,url,https://crescent-portal.ga/docs/view?id=15,phishing,PHISHING,5,4,U3;U6,True,block_redirect,True,6614.740461491,6614.740472216,0.010724999810918234
11,url,http://login.secure.crescent-uni-id.work/verify,phishing,PHISHING,7,4,U3;U4;U5;U6,True,block_redirect,True,6614.740474308,6614.740486392,0.01208400044561131
11,url,http://198.51.100.222:8080/verify,phishing,PHISHING,4,4,U1;U5,True,block_redirect,True,6614.740488535,6614.740500968,0.012432999938027933
11,url,http://198.51.100.204/login/verify?id=18,phishing,PHISHING,4,4,U1;U5,True,block_redirect,True,6614.740503386,6614.740515756,0.012370000149530824
11,url,http://crescentuniversity.edu.ng@crescent-uni-verify-19.tk/reset,phishing,PHISHING,9,4,U2;U3;U5;U6,True,block_redirect,True,6614.740517871,6614.74052859,0.01071900078386534
11,url,http://id-crescentuni-login.top/account,phishing,PHISHING,6,4,U3;U5;U6,True,block_redirect,True,6614.740532786,6614.740544768,0.011982000614807475
11,url,https://crescentuni-portal.work/docs/view?id=21,phishing,PHISHING,5,4,U3;U6,True,block_redirect,True,6614.740546899,6614.740560808,0.013908999790146481
11,url,http://login.secure.crescent-uni-id.gq/verify,phishing,PHISHING,7,4,U3;U4;U5;U6,True,block_redirect,True,6614.740562921,6614.740574805,0.011883999832207337
11,url,http://198.51.100.176:9090/verify,phishing,PHISHING,4,4,U1;U5,True,block_redirect,True,6614.740576987,6614.740589403,0.012415999663062394
11,url,http://203.0.113.198/login/verify?id=24,phishing,PHISHING,4,4,U1;U5,True,block_redirect,True,6614.740591525,6614.740603785,0.012259999493835494
11,url,http://crescentuniversity.edu.ng@crescent-uni-verify-25.tk/reset,phishing,PHISHING,9,4,U2;U3;U5;U6,True,block_redirect,True,6614.740605878,6614.740616588,0.010710000424296595
11,url,http://secure-crescentuni-portal.top/account,phishing,PHISHING,6,4,U3;U5;U6,True,block_redirect,True,6614.740618735,6614.740630363,0.011627999811025802
11,url,https://crescent-portal.work/docs/view?id=27,phishing,PHISHING,5,4,U3;U6,True,block_redirect,True,6614.740632491,6614.740644103,0.011611999980232213
11,url,http://login.secure.crescent-id.gq/verify,phishing,PHISHING,7,4,U3;U4;U5;U6,True,block_redirect,True,6614.740646172,6614.740657662,0.01148999945144169
11,url,http://198.51.100.131:8080/verify,phishing,PHISHING,4,4,U1;U5,True,block_redirect,True,6614.740659855,6614.740672143,0.012288000107218977
11,url,http://203.0.113.217/login/verify?id=30,phishing,PHISHING,4,4,U1;U5,True,block_redirect,True,6614.740676309,6614.740688969,0.012659999811148737
11,url,http://crescentuniversity.edu.ng@crescent-uni-verify-31.tk/reset,phishing,PHISHING,9,4,U2;U3;U5;U6,True,block_redirect,True,6614.740691107,6614.740701961,0.010853999810933601
11,url,http://id-crescent-uni-verify.ga/account,phishing,PHISHING,6,4,U3;U5;U6,True,block_redirect,True,6614.740704109,6614.740714981,0.01087199962057639
11,url,https://crescentuni-portal.ga/docs/view?id=33,phishing,PHISHING,5,4,U3;U6,True,block_redirect,True,6614.740717084,6614.740727735,0.010651000593497884
11,url,http://login.secure.crescent-uni-id.tk/verify,phishing,PHISHING,7,4,U3;U4;U5;U6,True,block_redirect,True,6614.740729962,6614.740740914,0.010951999684039038
11,url,http://203.0.113.127:8080/verify,phishing,PHISHING,4,4,U1;U5,True,block_redirect,True,6614.740743099,6614.740755568,0.012469000466808211
11,url,http://203.0.113.226/login/verify?id=36,phishing,PHISHING,4,4,U1;U5,True,block_redirect,True,6614.74075765,6614.740769998,0.012348000382189639
11,url,http://crescentuniversity.edu.ng@crescentuni-verify-37.tk/reset,phishing,PHISHING,9,4,U2;U3;U5;U6,True,block_redirect,True,6614.74077209,6614.740782934,0.010843999916687608
11,url,http://secure-crescent-verify.ml/account,phishing,PHISHING,6,4,U3;U5;U6,True,block_redirect,True,6614.740785057,6614.740795864,0.010806999853230081
11,url,https://crescent-portal.work/docs/view?id=39,phishing,PHISHING,5,4,U3;U6,True,block_redirect,True,6614.740797987,6614.740809596,0.011608999557211064
11,url,http://login.secure.crescent-id.ga/verify,phishing,PHISHING,7,4,U3;U4;U5;U6,True,block_redirect,True,6614.740813792,6614.740825404,0.011611999980232213
11,url,http://203.0.113.244:9090/verify,phishing,PHISHING,4,4,U1;U5,True,block_redirect,True,6614.740827663,6614.740840077,0.012413999684213195
11,url,http://203.0.113.137/login/verify?id=42,phishing,PHISHING,4,4,U1;U5,True,block_redirect,True,6614.740842185,6614.74085443,0.012245000107213855
11,url,http://crescentuniversity.edu.ng@crescent-uni-verify-43.tk/reset,phishing,PHISHING,9,4,U2;U3;U5;U6,True,block_redirect,True,6614.740856532,6614.740867331,0.010798999937833287
11,url,http://login-crescentuni-alerts.cf/account,phishing,PHISHING,6,4,U3;U5;U6,True,block_redirect,True,6614.740871497,6614.74088308,0.011582999832171481
11,url,https://crescent-uni-portal.gq/docs/view?id=45,phishing,PHISHING,5,4,U3;U6,True,block_redirect,True,6614.740885304,6614.740896422,0.011118000657006633
11,url,http://login.secure.crescentuni-id.xyz/verify,phishing,PHISHING,7,4,U3;U4;U5;U6,True,block_redirect,True,6614.740898514,6614.740910287,0.011772999641834758
11,url,http://203.0.113.32:8080/verify,phishing,PHISHING,4,4,U1;U5,True,block_redirect,True,6614.740912424,6614.740924774,0.012349999451544136
11,url,http://198.51.100.88/login/verify?id=48,phishing,PHISHING,4,4,U1;U5,True,block_redirect,True,6614.740926904,6614.740939065,0.012161000086052809
11,url,http://crescentuniversity.edu.ng@crescent-verify-49.tk/reset,phishing,PHISHING,9,4,U2;U3;U5;U6,True,block_redirect,True,6614.740941135,6614.74095186,0.010724999810918234
11,url,http://id-crescent-uni-verify.cf/account,phishing,PHISHING,6,4,U3;U5;U6,True,block_redirect,True,6614.740956463,6614.740967773,0.011310000445519108
11,url,https://portal.crescentuniversity.edu.ng/resource/1,legitimate,LEGITIMATE,1,4,U4,False,allow,True,6614.74096994,6614.740981733,0.011793000339821447
11,url,https://drive.crescentuniversity.edu.ng/resource/2,legitimate,LEGITIMATE,1,4,U4,False,allow,True,6614.740983815,6614.740995462,0.01164700006484054
11,url,https://portal.crescentuniversity.edu.ng/resource/3,legitimate,LEGITIMATE,1,4,U4,False,allow,True,6614.740997557,6614.741009089,0.011531999916769564
11,url,https://accounts.google.com/signin,legitimate,LEGITIMATE,0,4,,False,allow,True,6614.741011094,6614.741022458,0.011363999874447472
11,url,https://drive.crescentuniversity.edu.ng/resource/5,legitimate,LEGITIMATE,1,4,U4,False,allow,True,6614.741024558,6614.74103609,0.011531999916769564
11,url,https://portal.crescentuniversity.edu.ng/resource/6,legitimate,LEGITIMATE,1,4,U4,False,allow,True,6614.741038167,6614.741049671,0.011504000212880783
11,url,https://library.crescentuniversity.edu.ng/resource/7,legitimate,LEGITIMATE,1,4,U4,False,allow,True,6614.741051724,6614.741063292,0.011568000445549842
11,url,https://www.wikipedia.org/wiki/Security,legitimate,LEGITIMATE,0,4,,False,allow,True,6614.74106567,6614.741077042,0.011371999789844267
11,url,https://mail.crescentuniversity.edu.ng/resource/9,legitimate,LEGITIMATE,1,4,U4,False,allow,True,6614.741079068,6614.741090641,0.011572999937925488
11,url,https://registrar.crescentuniversity.edu.ng/resource/10,legitimate,LEGITIMATE,1,4,U4,False,allow,True,6614.741098967,6614.741110844,0.011877000360982493
11,url,https://bursary.crescentuniversity.edu.ng/resource/11,legitimate,LEGITIMATE,1,4,U4,False,allow,True,6614.741112935,6614.741124387,0.011451999853306916
11,url,https://zoom.us/signin,legitimate,LEGITIMATE,0,4,,False,allow,True,6614.741126612,6614.741137869,0.011257000551267993
11,url,https://hostel.crescentuniversity.edu.ng/resource/13,legitimate,LEGITIMATE,1,4,U4,False,allow,True,6614.741139896,6614.741151309,0.01141299981100019
11,url,https://registrar.crescentuniversity.edu.ng/resource/14,legitimate,LEGITIMATE,1,4,U4,False,allow,True,6614.741153457,6614.741164866,0.011408999853301793
11,url,https://mail.crescentuniversity.edu.ng/resource/15,legitimate,LEGITIMATE,1,4,U4,False,allow,True,6614.74116686,6614.741178462,0.01160200008598622
11,url,https://accounts.google.com/signin,legitimate,LEGITIMATE,0,4,,False,allow,True,6614.741180581,6614.741192072,0.01149099989561364
11,url,https://elearning.crescentuniversity.edu.ng/resource/17,legitimate,LEGITIMATE,1,4,U4,False,allow,True,6614.741194304,6614.741205752,0.011447999895608518
11,url,https://elearning.crescentuniversity.edu.ng/resource/18,legitimate,LEGITIMATE,1,4,U4,False,allow,True,6614.741207794,6614.741256822,0.04902799992123619
11,url,https://hostel.crescentuniversity.edu.ng/resource/19,legitimate,LEGITIMATE,1,4,U4,False,allow,True,6614.741259289,6614.741292903,0.033614000130910426
11,url,https://accounts.google.com/signin,legitimate,LEGITIMATE,0,4,,False,allow,True,6614.741301488,6614.741315328,0.013840000065101776
11,url,https://hostel.crescentuniversity.edu.ng/resource/21,legitimate,LEGITIMATE,1,4,U4,False,allow,True,6614.741317506,6614.741329084,0.011578000339795835
11,url,https://exams.crescentuniversity.edu.ng/resource/22,legitimate,LEGITIMATE,1,4,U4,False,allow,True,6614.741331117,6614.741342587,0.011469999662949704
11,url,https://registrar.crescentuniversity.edu.ng/resource/23,legitimate,LEGITIMATE,1,4,U4,False,allow,True,6614.741344565,6614.741356032,0.011467000149423257
11,url,https://www.wikipedia.org/wiki/Security,legitimate,LEGITIMATE,0,4,,False,allow,True,6614.741358038,6614.741369267,0.01122899993788451
11,url,https://drive.crescentuniversity.edu.ng/resource/25,legitimate,LEGITIMATE,1,4,U4,False,allow,True,6614.741371348,6614.741382667,0.011318999895593151
11,url,https://exams.crescentuniversity.edu.ng/resource/26,legitimate,LEGITIMATE,1,4,U4,False,allow,True,6614.74138467,6614.741396071,0.011400999937904999
11,url,https://library.crescentuniversity.edu.ng/resource/27,legitimate,LEGITIMATE,1,4,U4,False,allow,True,6614.74139827,6614.74140968,0.011410000297473744
11,url,https://www.microsoft.com/en-us/security,legitimate,LEGITIMATE,0,4,,False,allow,True,6614.741411661,6614.741422898,0.011236999853281304
11,url,https://exams.crescentuniversity.edu.ng/resource/29,legitimate,LEGITIMATE,1,4,U4,False,allow,True,6614.74142529,6614.741436646,0.011355999959050678
11,url,https://hostel.crescentuniversity.edu.ng/resource/30,legitimate,LEGITIMATE,1,4,U4,False,allow,True,6614.741440715,6614.741452517,0.01180199978989549
11,url,https://portal.crescentuniversity.edu.ng/resource/31,legitimate,LEGITIMATE,1,4,U4,False,allow,True,6614.74145454,6614.741465998,0.011458000699349213
11,url,https://zoom.us/signin,legitimate,LEGITIMATE,0,4,,False,allow,True,6614.741467998,6614.741479064,0.011065999387938064
11,url,https://drive.crescentuniversity.edu.ng/resource/33,legitimate,LEGITIMATE,1,4,U4,False,allow,True,6614.741481135,6614.741493273,0.012137999874539673
11,url,https://portal.crescentuniversity.edu.ng/resource/34,legitimate,LEGITIMATE,1,4,U4,False,allow,True,6614.741496813,6614.74150818,0.011367000297468621
11,url,https://exams.crescentuniversity.edu.ng/resource/35,legitimate,LEGITIMATE,1,4,U4,False,allow,True,6614.741510571,6614.741521941,0.01137000072048977
11,url,https://zoom.us/signin,legitimate,LEGITIMATE,0,4,,False,allow,True,6614.741526015,6614.741537367,0.01135200000135228
11,url,https://library.crescentuniversity.edu.ng/resource/37,legitimate,LEGITIMATE,1,4,U4,False,allow,True,6614.741539456,6614.741550912,0.011455999811005313
11,url,https://drive.crescentuniversity.edu.ng/resource/38,legitimate,LEGITIMATE,1,4,U4,False,allow,True,6614.741552998,6614.741564447,0.011449000339780468
11,url,https://registrar.crescentuniversity.edu.ng/resource/39,legitimate,LEGITIMATE,1,4,U4,False,allow,True,6614.741566511,6614.741577908,0.011396999980206601
11,url,https://accounts.google.com/signin,legitimate,LEGITIMATE,0,4,,False,allow,True,6614.741583949,6614.741595646,0.011696999536070507
11,landing_page,clean_baseline_portal.html,legitimate,LEGITIMATE,0,4,,False,allow,True,6614.741597858,6614.741605148,0.0072900002123788
11,landing_page,clean_variant_sso.html,legitimate,LEGITIMATE,0,4,,False,allow,True,6614.741607256,6614.741613767,0.006510999810416251
11,landing_page,phish_variant_cross_domain_post.html,phishing,PHISHING,4,4,L1,True,reject_submission,True,6614.741615811,6614.741622679,0.006868000127724372
11,landing_page,phish_variant_hidden_fields.html,phishing,PHISHING,7,4,L1;L2,True,reject_submission,True,6614.741624805,6614.74163173,0.006924999979673885
11,landing_page,gen_clean_001.html,legitimate,LEGITIMATE,0,4,,False,allow,True,6614.741633905,6614.741640444,0.0065390004237997346
11,landing_page,gen_clean_002.html,legitimate,LEGITIMATE,0,4,,False,allow,True,6614.741642411,6614.741648769,0.006358000064210501
11,landing_page,gen_clean_003.html,legitimate,LEGITIMATE,0,4,,False,allow,True,6614.741650849,6614.741657106,0.006257000677578617
11,landing_page,gen_clean_004.html,legitimate,LEGITIMATE,0,4,,False,allow,True,6614.741659142,6614.74166538,0.006238000423763879
11,landing_page,gen_clean_005.html,legitimate,LEGITIMATE,0,4,,False,allow,True,6614.741667393,6614.741673621,0.0062279996200231835
11,landing_page,gen_clean_006.html,legitimate,LEGITIMATE,0,4,,False,allow,True,6614.741677555,6614.741684098,0.006543000381498132
11,landing_page,gen_clean_007.html,legitimate,LEGITIMATE,0,4,,False,allow,True,6614.74168612,6614.741692367,0.006246999873837922
11,landing_page,gen_clean_008.html,legitimate,LEGITIMATE,0,4,,False,allow,True,6614.741694443,6614.741700711,0.006268000106501859
11,landing_page,gen_phish_001.html,phishing,PHISHING,7,4,L1;L2,True,reject_submission,True,6614.741702698,6614.741709687,0.006989000212342944
11,landing_page,gen_phish_002.html,phishing,PHISHING,4,4,L1,True,reject_submission,True,6614.74171183,6614.741718448,0.006618000043090433
11,landing_page,gen_phish_003.html,phishing,PHISHING,7,4,L1;L2,True,reject_submission,True,6614.741720519,6614.741727335,0.006815999768150505
11,landing_page,gen_phish_004.html,phishing,PHISHING,4,4,L1,True,reject_submission,True,6614.741729473,6614.741736173,0.00670000008540228
11,landing_page,gen_phish_005.html,phishing,PHISHING,7,4,L1;L2,True,reject_submission,True,6614.741738194,6614.741744967,0.006772999768145382
11,landing_page,gen_phish_006.html,phishing,PHISHING,4,4,L1,True,reject_submission,True,6614.741747031,6614.741753652,0.00662099955661688
11,landing_page,gen_phish_007.html,phishing,PHISHING,7,4,L1;L2,True,reject_submission,True,6614.741755671,6614.741762535,0.0068640001700259745
11,landing_page,gen_phish_008.html,phishing,PHISHING,4,4,L1,True,reject_submission,True,6614.741766448,6614.741773383,0.006934999873919878
12,email,gen_legit_016_ict.eml,legitimate,LEGITIMATE,0,4,,False,allow,True,6614.741777573,6614.741860265,0.08269199952337658
12,email,gen_legit_017_bursary.eml,legitimate,LEGITIMATE,0,4,,False,allow,True,6614.741862481,6614.741937674,0.07519300015701447
12,email,gen_legit_018_security.eml,legitimate,LEGITIMATE,0,4,,False,allow,True,6614.741939783,6614.742018159,0.07837599969207076
12,email,gen_legit_019_registrar.eml,legitimate,LEGITIMATE,0,4,,False,allow,True,6614.742020214,6614.742102855,0.08264099960797466
12,email,gen_legit_020_examsoffice.eml,legitimate,LEGITIMATE,0,4,,False,allow,True,6614.74210491,6614.742178909,0.07399900005111704
12,email,gen_legit_021_scholarship.eml,legitimate,LEGITIMATE,0,4,,False,allow,True,6614.742181094,6614.742293079,0.11198499942111084
12,email,gen_legit_022_hostel.eml,legitimate,LEGITIMATE,0,4,,False,allow,True,6614.742295784,6614.742366152,0.07036799979687203
12,email,gen_legit_023_vc.eml,legitimate,LEGITIMATE,0,4,,False,allow,True,6614.742368196,6614.742439471,0.07127499975467799
12,email,gen_legit_024_timetable.eml,legitimate,LEGITIMATE,0,4,,False,allow,True,6614.742441584,6614.742506603,0.06501900043076603
12,email,gen_legit_025_ictupdate.eml,legitimate,LEGITIMATE,0,4,,False,allow,True,6614.742512685,6614.742581762,0.06907699935254641
12,email,gen_legit_026_library.eml,legitimate,LEGITIMATE,0,4,,False,allow,True,6614.742583908,6614.742647295,0.06338700040942058
12,email,gen_legit_027_survey.eml,legitimate,LEGITIMATE,0,4,,False,allow,True,6614.742649297,6614.742721779,0.07248200017784256
12,email,gen_legit_028_convocation.eml,legitimate,LEGITIMATE,0,4,,False,allow,True,6614.742723791,6614.742800879,0.077088000580261
12,email,gen_legit_029_sug.eml,legitimate,LEGITIMATE,0,4,,False,allow,True,6614.742803083,6614.742882589,0.07950600047479384
12,email,gen_legit_030_transcript.eml,legitimate,LEGITIMATE,0,4,,False,allow,True,6614.742884624,6614.742954126,0.06950199986022199
12,email,gen_legit_046_ict.eml,legitimate,LEGITIMATE,0,4,,False,allow,True,6614.742956164,6614.743038896,0.08273200000985526
12,email,gen_legit_047_bursary.eml,legitimate,LEGITIMATE,0,4,,False,allow,True,6614.743041125,6614.743118674,0.07754899979772745
12,email,gen_legit_048_security.eml,legitimate,LEGITIMATE,0,4,,False,allow,True,6614.743121035,6614.743234399,0.1133640007537906
12,email,gen_legit_049_registrar.eml,legitimate,LEGITIMATE,0,4,,False,allow,True,6614.743240269,6614.743325474,0.08520499977748841
12,email,gen_legit_050_examsoffice.eml,legitimate,LEGITIMATE,0,4,,False,allow,True,6614.743329625,6614.743404471,0.07484599973395234
12,email,gen_legit_051_scholarship.eml,legitimate,LEGITIMATE,0,4,,False,allow,True,6614.743406526,6614.743476233,0.0697069999660016
12,email,gen_legit_052_hostel.eml,legitimate,LEGITIMATE,0,4,,False,allow,True,6614.743478244,6614.743547476,0.06923199998709606
12,email,gen_legit_053_vc.eml,legitimate,LEGITIMATE,0,4,,False,allow,True,6614.743551794,6614.743623219,0.0714249999873573
12,email,gen_legit_054_timetable.eml,legitimate,LEGITIMATE,0,4,,False,allow,True,6614.743625226,6614.743690088,0.06486199981736718
12,email,gen_legit_055_ictupdate.eml,legitimate,LEGITIMATE,0,4,,False,allow,True,6614.743692062,6614.743760155,0.06809299975429894
12,email,gen_legit_056_library.eml,legitimate,LEGITIMATE,0,4,,False,allow,True,6614.743762303,6614.743825417,0.0631140001132735
12,email,gen_legit_057_survey.eml,legitimate,LEGITIMATE,0,4,,False,allow,True,6614.74382743,6614.743899765,0.07233499945868971
12,email,gen_legit_058_convocation.eml,legitimate,LEGITIMATE,0,4,,False,allow,True,6614.743901721,6614.743976168,0.07444699986081105
12,email,gen_legit_059_sug.eml,legitimate,LEGITIMATE,0,4,,False,allow,True,6614.743978146,6614.744052967,0.07482100045308471
12,email,gen_legit_060_transcript.eml,legitimate,LEGITIMATE,0,4,,False,allow,True,6614.74405701,6614.744123869,0.06685900007141754
12,email,gen_phish_001_ict.eml,phishing,PHISHING,5,4,E1;E2,True,warn_user,True,6614.744125873,6614.744410613,0.2847400000973721
12,email,gen_phish_002_bursary.eml,phishing,PHISHING,5,4,E1;E2,True,warn_user,True,6614.744414837,6614.744477648,0.06281100013438845
12,email,gen_phish_003_security.eml,phishing,PHISHING,5,4,E1;E2,True,warn_user,True,6614.744480139,6614.744532326,0.0521869997101021
12,email,gen_phish_004_registrar.eml,phishing,PHISHING,5,4,E1;E2,True,warn_user,True,6614.744535078,6614.744598444,0.06336600017675664
12,email,gen_phish_005_examsoffice.eml,phishing,PHISHING,7,4,E1;E2;E3,True,warn_user,True,6614.744601938,6614.744656385,0.05444699945655884
12,email,gen_phish_006_scholarship.eml,phishing,PHISHING,5,4,E1;E2,True,warn_user,True,6614.744658601,6614.744719309,0.060708000091835856
12,email,gen_phish_007_hostel.eml,phishing,PHISHING,5,4,E1;E2,True,warn_user,True,6614.744721638,6614.744817248,0.09561000024405075
12,email,gen_phish_008_vc.eml,phishing,PHISHING,5,4,E1;E2,True,warn_user,True,6614.744819763,6614.744874499,0.054735999583499506
12,email,gen_phish_009_timetable.eml,phishing,PHISHING,5,4,E1;E2,True,warn_user,True,6614.744876806,6614.744936987,0.060180999753356446
12,email,gen_phish_010_ictupdate.eml,phishing,PHISHING,7,4,E1;E2;E3,True,warn_user,True,6614.744952103,6614.745016375,0.06427199969039066
12,email,gen_phish_011_library.eml,phishing,PHISHING,5,4,E1;E2,True,warn_user,True,6614.745019677,6614.745090432,0.07075500070641283
12,email,gen_phish_012_survey.eml,phishing,PHISHING,5,4,E1;E2,True,warn_user,True,6614.745093877,6614.745264312,0.17043499974533916
12,email,gen_phish_013_convocation.eml,phishing,PHISHING,5,4,E1;E2,True,warn_user,True,6614.745269518,6614.745401602,0.13208400014264043
12,email,gen_phish_014_sug.eml,phishing,PHISHING,5,4,E1;E2,True,warn_user,True,6614.745404878,6614.745451374,0.04649600032280432
12,email,gen_phish_015_transcript.eml,phishing,PHISHING,7,4,E1;E2;E3,True,warn_user,True,6614.745453785,6614.745505265,0.05148000036570011
12,email,gen_phish_031_ict.eml,phishing,PHISHING,5,4,E1;E2,True,warn_user,True,6614.745507829,6614.74556716,0.05933099964749999
12,email,gen_phish_032_bursary.eml,phishing,PHISHING,5,4,E1;E2,True,warn_user,True,6614.74556938,6614.745618368,0.04898799943475751
12,email,gen_phish_033_security.eml,phishing,PHISHING,5,4,E1;E2,True,warn_user,True,6614.745620826,6614.745669363,0.048537000111537054
12,email,gen_phish_034_registrar.eml,phishing,PHISHING,5,4,E1;E2,True,warn_user,True,6614.745671673,6614.745745935,0.07426199954352342
12,email,gen_phish_035_examsoffice.eml,phishing,PHISHING,7,4,E1;E2;E3,True,warn_user,True,6614.745762173,6614.745923967,0.16179399972315878
12,email,gen_phish_036_scholarship.eml,phishing,PHISHING,5,4,E1;E2,True,warn_user,True,6614.745926975,6614.745979106,0.05213100030232454
12,email,gen_phish_037_hostel.eml,phishing,PHISHING,5,4,E1;E2,True,warn_user,True,6614.74598122,6614.746034264,0.053043999287183397
12,email,gen_phish_038_vc.eml,phishing,PHISHING,5,4,E1;E2,True,warn_user,True,6614.746036362,6614.746086026,0.049663999561744276
12,email,gen_phish_039_timetable.eml,phishing,PHISHING,5,4,E1;E2,True,warn_user,True,6614.746088504,6614.746186407,0.09790300009626662
12,email,gen_phish_040_ictupdate.eml,phishing,PHISHING,7,4,E1;E2;E3,True,warn_user,True,6614.746189051,6614.746246777,0.05772599979536608
12,email,gen_phish_041_library.eml,phishing,PHISHING,5,4,E1;E2,True,warn_user,True,6614.746248958,6614.746298117,0.04915899990010075
12,email,gen_phish_042_survey.eml,phishing,PHISHING,5,4,E1;E2,True,warn_user,True,6614.746300288,6614.74639153,0.09124200005317107
12,email,gen_phish_043_convocation.eml,phishing,PHISHING,5,4,E1;E2,True,warn_user,True,6614.746393626,6614.7464487,0.05507399964699289
12,email,gen_phish_044_sug.eml,phishing,PHISHING,5,4,E1;E2,True,warn_user,True,6614.746450882,6614.746490886,0.040003999856708106
12,email,gen_phish_045_transcript.eml,phishing,PHISHING,7,4,E1;E2;E3,True,warn_user,True,6614.746497666,6614.74655045,0.052783999308303464
12,url,http://crescentuniversity.edu.ng@crescentuni-verify-1.tk/reset,phishing,PHISHING,9,4,U2;U3;U5;U6,True,block_redirect,True,6614.746552596,6614.746570625,0.018028999875241425
12,url,http://portal-crescentuni.cf/account,phishing,PHISHING,6,4,U3;U5;U6,True,block_redirect,True,6614.746573282,6614.746584791,0.011508999705256429
12,url,https://crescent-uni-portal.xyz/docs/view?id=3,phishing,PHISHING,5,4,U3;U6,True,block_redirect,True,6614.746586998,6614.746598499,0.011501000699354336
12,url,http://login.secure.crescent-id.cf/verify,phishing,PHISHING,7,4,U3;U4;U5;U6,True,block_redirect,True,6614.746600645,6614.746612299,0.011653999536065385
12,url,http://203.0.113.104:8443/verify,phishing,PHISHING,4,4,U1;U5,True,block_redirect,True,6614.746614449,6614.746627784,0.013335000403458253
12,url,http://198.51.100.235/login/verify?id=6,phishing,PHISHING,4,4,U1;U5,True,block_redirect,True,6614.746630417,6614.746643064,0.012646999493881594
12,url,http://crescentuniversity.edu.ng@crescent-uni-verify-7.tk/reset,phishing,PHISHING,9,4,U2;U3;U5;U6,True,block_redirect,True,6614.746645294,6614.746656198,0.01090400019165827
12,url,http://verify-crescent-uni-verify.work/account,phishing,PHISHING,6,4,U3;U5;U6,True,block_redirect,True,6614.746658413,6614.746670313,0.011900000572495628
12,url,https://crescentuni-portal.work/docs/view?id=9,phishing,PHISHING,5,4,U3;U6,True,block_redirect,True,6614.746672425,6614.746684101,0.011676000212901272
12,url,http://login.secure.crescent-id.gq/verify,phishing,PHISHING,7,4,U3;U4;U5;U6,True,block_redirect,True,6614.746688353,6614.746700367,0.012014000276394654
12,url,http://198.51.100.192:9090/verify,phishing,PHISHING,4,4,U1;U5,True,block_redirect,True,6614.746702585,6614.746715145,0.012559999959194101
12,url,http://203.0.113.193/login/verify?id=12,phishing,PHISHING,4,4,U1;U5,True,block_redirect,True,6614.746717225,6614.746729488,0.012262999916856643
12,url,http://crescentuniversity.edu.ng@crescent-uni-verify-13.tk/reset,phishing,PHISHING,9,4,U2;U3;U5;U6,True,block_redirect,True,6614.746731571,6614.746742301,0.010730000212788582
12,url,http://id-crescentuni-secure.xyz/account,phishing,PHISHING,6,4,U3;U5;U6,True,block_redirect,True,6614.746744418,6614.746758286,0.013867999768990558
12,url,https://crescent-portal.ga/docs/view?id=15,phishing,PHISHING,5,4,U3;U6,True,block_redirect,True,6614.746760745,6614.746771738,0.010992999705194961
12,url,http://login.secure.crescent-uni-id.work/verify,phishing,PHISHING,7,4,U3;U4;U5;U6,True,block_redirect,True,6614.746773813,6614.746786022,0.012209000487928279
12,url,http://198.51.100.222:8080/verify,phishing,PHISHING,4,4,U1;U5,True,block_redirect,True,6614.746788151,6614.746800997,0.012845999663113616
12,url,http://198.51.100.204/login/verify?id=18,phishing,PHISHING,4,4,U1;U5,True,block_redirect,True,6614.746803562,6614.746815903,0.012341000001470093
12,url,http://crescentuniversity.edu.ng@crescent-uni-verify-19.tk/reset,phishing,PHISHING,9,4,U2;U3;U5;U6,True,block_redirect,True,6614.746818072,6614.746829063,0.010991000635840464
12,url,http://id-crescentuni-login.top/account,phishing,PHISHING,6,4,U3;U5;U6,True,block_redirect,True,6614.746833203,6614.746845351,0.012147999768785667
12,url,https://crescentuni-portal.work/docs/view?id=21,phishing,PHISHING,5,4,U3;U6,True,block_redirect,True,6614.746847503,6614.746859249,0.011746000382117927
12,url,http://login.secure.crescent-uni-id.gq/verify,phishing,PHISHING,7,4,U3;U4;U5;U6,True,block_redirect,True,6614.746861339,6614.746872874,0.011534999430296011
12,url,http://198.51.100.176:9090/verify,phishing,PHISHING,4,4,U1;U5,True,block_redirect,True,6614.746875116,6614.746887533,0.012416999197739642
12,url,http://203.0.113.198/login/verify?id=24,phishing,PHISHING,4,4,U1;U5,True,block_redirect,True,6614.746889629,6614.746902163,0.012534000234154519
12,url,http://crescentuniversity.edu.ng@crescent-uni-verify-25.tk/reset,phishing,PHISHING,9,4,U2;U3;U5;U6,True,block_redirect,True,6614.746904315,6614.746915046,0.01073099974746583
12,url,http://secure-crescentuni-portal.top/account,phishing,PHISHING,6,4,U3;U5;U6,True,block_redirect,True,6614.7469172,6614.746928893,0.01169299957837211
12,url,https://crescent-portal.work/docs/view?id=27,phishing,PHISHING,5,4,U3;U6,True,block_redirect,True,6614.746931058,6614.746942734,0.011676000212901272
12,url,http://login.secure.crescent-id.gq/verify,phishing,PHISHING,7,4,U3;U4;U5;U6,True,block_redirect,True,6614.746944814,6614.746958675,0.013861000297765713
12,url,http://198.51.100.131:8080/verify,phishing,PHISHING,4,4,U1;U5,True,block_redirect,True,6614.746961024,6614.746973428,0.012404000699461903
12,url,http://203.0.113.217/login/verify?id=30,phishing,PHISHING,4,4,U1;U5,True,block_redirect,True,6614.746977726,6614.746990322,0.012595999578479677
12,url,http://crescentuniversity.edu.ng@crescent-uni-verify-31.tk/reset,phishing,PHISHING,9,4,U2;U3;U5;U6,True,block_redirect,True,6614.746992456,6614.747003345,0.010888999895541929
12,url,http://id-crescent-uni-verify.ga/account,phishing,PHISHING,6,4,U3;U5;U6,True,block_redirect,True,6614.747005486,6614.74701624,0.010754000868473668
12,url,https://crescentuni-portal.ga/docs/view?id=33,phishing,PHISHING,5,4,U3;U6,True,block_redirect,True,6614.747018615,6614.747029277,0.010662000022421125
12,url,http://login.secure.crescent-uni-id.tk/verify,phishing,PHISHING,7,4,U3;U4;U5;U6,True,block_redirect,True,6614.747031619,6614.747042449,0.010830000064743217
12,url,http://203.0.113.127:8080/verify,phishing,PHISHING,4,4,U1;U5,True,block_redirect,True,6614.747044651,6614.747056977,0.012326000614848454
12,url,http://203.0.113.226/login/verify?id=36,phishing,PHISHING,4,4,U1;U5,True,block_redirect,True,6614.747059087,6614.747085405,0.02631799998198403
12,url,http://crescentuniversity.edu.ng@crescentuni-verify-37.tk/reset,phishing,PHISHING,9,4,U2;U3;U5;U6,True,block_redirect,True,6614.747087916,6614.747099158,0.011242000255151652
12,url,http://secure-crescent-verify.ml/account,phishing,PHISHING,6,4,U3;U5;U6,True,block_redirect,True,6614.747101293,6614.747136504,0.035211000067647547
12,url,https://crescent-portal.work/docs/view?id=39,phishing,PHISHING,5,4,U3;U6,True,block_redirect,True,6614.747139082,6614.747151163,0.01208100002259016
12,url,http://login.secure.crescent-id.ga/verify,phishing,PHISHING,7,4,U3;U4;U5;U6,True,block_redirect,True,6614.747156988,6614.747168748,0.011760000234062318
12,url,http://203.0.113.244:9090/verify,phishing,PHISHING,4,4,U1;U5,True,block_redirect,True,6614.747170936,6614.747183679,0.012743000297632534
12,url,http://203.0.113.137/login/verify?id=42,phishing,PHISHING,4,4,U1;U5,True,block_redirect,True,6614.747185743,6614.747197957,0.012213999980303925
12,url,http://crescentuniversity.edu.ng@crescent-uni-verify-43.tk/reset,phishing,PHISHING,9,4,U2;U3;U5;U6,True,block_redirect,True,6614.747200044,6614.747210951,0.010906999705184717
12,url,http://login-crescentuni-alerts.cf/account,phishing,PHISHING,6,4,U3;U5;U6,True,block_redirect,True,6614.747215211,6614.747226752,0.011540999366843607
12,url,https://crescent-uni-portal.gq/docs/view?id=45,phishing,PHISHING,5,4,U3;U6,True,block_redirect,True,6614.747228903,6614.747240107,0.011203999747522175
12,url,http://login.secure.crescentuni-id.xyz/verify,phishing,PHISHING,7,4,U3;U4;U5;U6,True,block_redirect,True,6614.747242177,6614.747253929,0.011752000318665523
12,url,http://203.0.113.32:8080/verify,phishing,PHISHING,4,4,U1;U5,True,block_redirect,True,6614.747256112,6614.747268433,0.012320999303483404
12,url,http://198.51.100.88/login/verify?id=48,phishing,PHISHING,4,4,U1;U5,True,block_redirect,True,6614.747270538,6614.747282782,0.012244000572536606
12,url,http://crescentuniversity.edu.ng@crescent-verify-49.tk/reset,phishing,PHISHING,9,4,U2;U3;U5;U6,True,block_redirect,True,6614.747284848,6614.747295498,0.010650000149325933
12,url,http://id-crescent-uni-verify.cf/account,phishing,PHISHING,6,4,U3;U5;U6,True,block_redirect,True,6614.747299917,6614.747311354,0.011436999557190575
12,url,https://portal.crescentuniversity.edu.ng/resource/1,legitimate,LEGITIMATE,1,4,U4,False,allow,True,6614.747313471,6614.747325215,0.011744000403268728
12,url,https://drive.crescentuniversity.edu.ng/resource/2,legitimate,LEGITIMATE,1,4,U4,False,allow,True,6614.747327332,6614.747338829,0.011496999832161237
12,url,https://portal.crescentuniversity.edu.ng/resource/3,legitimate,LEGITIMATE,1,4,U4,False,allow,True,6614.747340908,6614.747352388,0.011479999557195697
12,url,https://accounts.google.com/signin,legitimate,LEGITIMATE,0,4,,False,allow,True,6614.747354395,6614.747365725,0.011330000234011095
12,url,https://drive.crescentuniversity.edu.ng/resource/5,legitimate,LEGITIMATE,1,4,U4,False,allow,True,6614.747367825,6614.747379321,0.011496000297483988
12,url,https://portal.crescentuniversity.edu.ng/resource/6,legitimate,LEGITIMATE,1,4,U4,False,allow,True,6614.747381399,6614.747392766,0.011367000297468621
12,url,https://library.crescentuniversity.edu.ng/resource/7,legitimate,LEGITIMATE,1,4,U4,False,allow,True,6614.747394839,6614.747406272,0.01143300050898688
12,url,https://www.wikipedia.org/wiki/Security,legitimate,LEGITIMATE,0,4,,False,allow,True,6614.747408272,6614.747419567,0.011295000149402767
12,url,https://mail.crescentuniversity.edu.ng/resource/9,legitimate,LEGITIMATE,1,4,U4,False,allow,True,6614.747423691,6614.747435466,0.011774999620683957
12,url,https://registrar.crescentuniversity.edu.ng/resource/10,legitimate,LEGITIMATE,1,4,U4,False,allow,True,6614.747439401,6614.747451207,0.011806000657088589
12,url,https://bursary.crescentuniversity.edu.ng/resource/11,legitimate,LEGITIMATE,1,4,U4,False,allow,True,6614.747453242,6614.747464681,0.011438999536039773
12,url,https://zoom.us/signin,legitimate,LEGITIMATE,0,4,,False,allow,True,6614.747466681,6614.747477885,0.011203999747522175
12,url,https://hostel.crescentuniversity.edu.ng/resource/13,legitimate,LEGITIMATE,1,4,U4,False,allow,True,6614.747479941,6614.747491333,0.011391999578336254
12,url,https://registrar.crescentuniversity.edu.ng/resource/14,legitimate,LEGITIMATE,1,4,U4,False,allow,True,6614.747493464,6614.747504926,0.011461999747552909
12,url,https://mail.crescentuniversity.edu.ng/resource/15,legitimate,LEGITIMATE,1,4,U4,False,allow,True,6614.747506924,6614.747518332,0.011408000318624545
12,url,https://accounts.google.com/signin,legitimate,LEGITIMATE,0,4,,False,allow,True,6614.747520599,6614.747531851,0.011251999239902943
12,url,https://elearning.crescentuniversity.edu.ng/resource/17,legitimate,LEGITIMATE,1,4,U4,False,allow,True,6614.747533986,6614.747545436,0.011449999874457717
12,url,https://elearning.crescentuniversity.edu.ng/resource/18,legitimate,LEGITIMATE,1,4,U4,False,allow,True,6614.747547453,6614.747558783,0.011330000234011095
12,url,https://hostel.crescentuniversity.edu.ng/resource/19,legitimate,LEGITIMATE,1,4,U4,False,allow,True,6614.747560765,6614.747572214,0.011448999430285767
12,url,https://accounts.google.com/signin,legitimate,LEGITIMATE,0,4,,False,allow,True,6614.747576401,6614.747587891,0.011490000360936392
12,url,https://hostel.crescentuniversity.edu.ng/resource/21,legitimate,LEGITIMATE,1,4,U4,False,allow,True,6614.747590038,6614.74760152,0.011481999536044896
12,url,https://exams.crescentuniversity.edu.ng/resource/22,legitimate,LEGITIMATE,1,4,U4,False,allow,True,6614.747603552,6614.747614957,0.011404999895603396
12,url,https://registrar.crescentuniversity.edu.ng/resource/23,legitimate,LEGITIMATE,1,4,U4,False,allow,True,6614.747616941,6614.747628343,0.011401999472582247
12,url,https://www.wikipedia.org/wiki/Security,legitimate,LEGITIMATE,0,4,,False,allow,True,6614.747630343,6614.747641603,0.01126000006479444
12,url,https://drive.crescentuniversity.edu.ng/resource/25,legitimate,LEGITIMATE,1,4,U4,False,allow,True,6614.747643699,6614.747655124,0.011424999684095383
12,url,https://exams.crescentuniversity.edu.ng/resource/26,legitimate,LEGITIMATE,1,4,U4,False,allow,True,6614.747657145,6614.747668583,0.011438000001362525
12,url,https://library.crescentuniversity.edu.ng/resource/27,legitimate,LEGITIMATE,1,4,U4,False,allow,True,6614.747739074,6614.747758599,0.01952500042534666
12,url,https://www.microsoft.com/en-us/security,legitimate,LEGITIMATE,0,4,,False,allow,True,6614.7477614,6614.747775157,0.01375700048811268
12,url,https://exams.crescentuniversity.edu.ng/resource/29,legitimate,LEGITIMATE,1,4,U4,False,allow,True,6614.747778887,6614.747795322,0.016434999452030752
12,url,https://hostel.crescentuniversity.edu.ng/resource/30,legitimate,LEGITIMATE,1,4,U4,False,allow,True,6614.747805682,6614.747819808,0.014125999769021291
12,url,https://portal.crescentuniversity.edu.ng/resource/31,legitimate,LEGITIMATE,1,4,U4,False,allow,True,6614.747926434,6614.7479808,0.054365999858418945
12,url,https://zoom.us/signin,legitimate,LEGITIMATE,0,4,,False,allow,True,6614.747984944,6614.74800269,0.01774600059434306
12,url,https://drive.crescentuniversity.edu.ng/resource/33,legitimate,LEGITIMATE,1,4,U4,False,allow,True,6614.748005996,6614.748051641,0.04564499977277592
12,url,https://portal.crescentuniversity.edu.ng/resource/34,legitimate,LEGITIMATE,1,4,U4,False,allow,True,6614.748054952,6614.748121787,0.06683500032522716
12,url,https://exams.crescentuniversity.edu.ng/resource/35,legitimate,LEGITIMATE,1,4,U4,False,allow,True,6614.74812547,6614.748142256,0.016786000742285978
12,url,https://zoom.us/signin,legitimate,LEGITIMATE,0,4,,False,allow,True,6614.748156134,6614.748170525,0.014391000149771571
12,url,https://library.crescentuniversity.edu.ng/resource/37,legitimate,LEGITIMATE,1,4,U4,False,allow,True,6614.748173377,6614.748188252,0.014874999578751158
12,url,https://drive.crescentuniversity.edu.ng/resource/38,legitimate,LEGITIMATE,1,4,U4,False,allow,True,6614.748191475,6614.748205589,0.0141139998959261
12,url,https://registrar.crescentuniversity.edu.ng/resource/39,legitimate,LEGITIMATE,1,4,U4,False,allow,True,6614.748208788,6614.748223957,0.01516900010756217
12,url,https://accounts.google.com/signin,legitimate,LEGITIMATE,0,4,,False,allow,True,6614.748231593,6614.748247019,0.015425999663420953
12,landing_page,clean_baseline_portal.html,legitimate,LEGITIMATE,0,4,,False,allow,True,6614.748250077,6614.748261289,0.01121199966291897
12,landing_page,clean_variant_sso.html,legitimate,LEGITIMATE,0,4,,False,allow,True,6614.748264358,6614.748273412,0.009054000656760763
12,landing_page,phish_variant_cross_domain_post.html,phishing,PHISHING,4,4,L1,True,reject_submission,True,6614.748276137,6614.748285408,0.009270999726140872
12,landing_page,phish_variant_hidden_fields.html,phishing,PHISHING,7,4,L1;L2,True,reject_submission,True,6614.748288039,6614.748297875,0.009836000572249759
12,landing_page,gen_clean_001.html,legitimate,LEGITIMATE,0,4,,False,allow,True,6614.748301066,6614.748310314,0.009248000424122438
12,landing_page,gen_clean_002.html,legitimate,LEGITIMATE,0,4,,False,allow,True,6614.748313211,6614.748321908,0.008697000339452643
12,landing_page,gen_clean_003.html,legitimate,LEGITIMATE,0,4,,False,allow,True,6614.748325012,6614.748334422,0.009409999620402232
12,landing_page,gen_clean_004.html,legitimate,LEGITIMATE,0,4,,False,allow,True,6614.74833715,6614.74834587,0.008719999641471077
12,landing_page,gen_clean_005.html,legitimate,LEGITIMATE,0,4,,False,allow,True,6614.748348169,6614.748355988,0.00781900052970741
12,landing_page,gen_clean_006.html,legitimate,LEGITIMATE,0,4,,False,allow,True,6614.748370714,6614.74838072,0.010005999683926348
12,landing_page,gen_clean_007.html,legitimate,LEGITIMATE,0,4,,False,allow,True,6614.748383833,6614.748394306,0.010472999747435097
12,landing_page,gen_clean_008.html,legitimate,LEGITIMATE,0,4,,False,allow,True,6614.748399014,6614.748411953,0.012939000043843407
12,landing_page,gen_phish_001.html,phishing,PHISHING,7,4,L1;L2,True,reject_submission,True,6614.748415693,6614.748425184,0.009490999218542129
12,landing_page,gen_phish_002.html,phishing,PHISHING,4,4,L1,True,reject_submission,True,6614.748428144,6614.748436752,0.00860799991642125
12,landing_page,gen_phish_003.html,phishing,PHISHING,7,4,L1;L2,True,reject_submission,True,6614.748439507,6614.748448671,0.009164000402961392
12,landing_page,gen_phish_004.html,phishing,PHISHING,4,4,L1,True,reject_submission,True,6614.748452017,6614.748460344,0.00832699970487738
12,landing_page,gen_phish_005.html,phishing,PHISHING,7,4,L1;L2,True,reject_submission,True,6614.748463144,6614.748472457,0.009313000191468745
12,landing_page,gen_phish_006.html,phishing,PHISHING,4,4,L1,True,reject_submission,True,6614.748475642,6614.748484537,0.008895000064512715
12,landing_page,gen_phish_007.html,phishing,PHISHING,7,4,L1;L2,True,reject_submission,True,6614.748487284,6614.748501615,0.014331000784295611
12,landing_page,gen_phish_008.html,phishing,PHISHING,4,4,L1,True,reject_submission,True,6614.748514278,6614.748526067,0.01178900038212305
13,email,gen_legit_016_ict.eml,legitimate,LEGITIMATE,0,4,,False,allow,True,6614.748537198,6614.748670598,0.13339999986783369
13,email,gen_legit_017_bursary.eml,legitimate,LEGITIMATE,0,4,,False,allow,True,6614.748674374,6614.748772564,0.09819000024435809
13,email,gen_legit_018_security.eml,legitimate,LEGITIMATE,0,4,,False,allow,True,6614.748775737,6614.748875697,0.09995999971579295
13,email,gen_legit_019_registrar.eml,legitimate,LEGITIMATE,0,4,,False,allow,True,6614.748879626,6614.748983034,0.10340799963159952
13,email,gen_legit_020_examsoffice.eml,legitimate,LEGITIMATE,0,4,,False,allow,True,6614.74908397,6614.749248536,0.1645659995119786
13,email,gen_legit_021_scholarship.eml,legitimate,LEGITIMATE,0,4,,False,allow,True,6614.749254083,6614.749345653,0.09157000022241846
13,email,gen_legit_022_hostel.eml,legitimate,LEGITIMATE,0,4,,False,allow,True,6614.749349371,6614.749437986,0.08861500009516021
13,email,gen_legit_023_vc.eml,legitimate,LEGITIMATE,0,4,,False,allow,True,6614.749441614,6614.749533295,0.09168100041279104
13,email,gen_legit_024_timetable.eml,legitimate,LEGITIMATE,0,4,,False,allow,True,6614.749536897,6614.749622664,0.08576699929108145
13,email,gen_legit_025_ictupdate.eml,legitimate,LEGITIMATE,0,4,,False,allow,True,6614.749643417,6614.749728651,0.08523399992554914
13,email,gen_legit_026_library.eml,legitimate,LEGITIMATE,0,4,,False,allow,True,6614.749732325,6614.749814652,0.08232700020016637
13,email,gen_legit_027_survey.eml,legitimate,LEGITIMATE,0,4,,False,allow,True,6614.749817948,6614.749911404,0.09345600028609624
13,email,gen_legit_028_convocation.eml,legitimate,LEGITIMATE,0,4,,False,allow,True,6614.749921807,6614.750199691,0.2778839998427429
13,email,gen_legit_029_sug.eml,legitimate,LEGITIMATE,0,4,,False,allow,True,6614.750205194,6614.750290804,0.0856099995871773
13,email,gen_legit_030_transcript.eml,legitimate,LEGITIMATE,0,4,,False,allow,True,6614.750293006,6614.750360627,0.06762100019841455
13,email,gen_legit_046_ict.eml,legitimate,LEGITIMATE,0,4,,False,allow,True,6614.750362817,6614.750442519,0.07970200022100471
13,email,gen_legit_047_bursary.eml,legitimate,LEGITIMATE,0,4,,False,allow,True,6614.750444713,6614.750520661,0.07594799990329193
13,email,gen_legit_048_security.eml,legitimate,LEGITIMATE,0,4,,False,allow,True,6614.750523064,6614.750601642,0.07857800028432393
13,email,gen_legit_049_registrar.eml,legitimate,LEGITIMATE,0,4,,False,allow,True,6614.750615582,6614.750699756,0.08417400022153743
13,email,gen_legit_050_examsoffice.eml,legitimate,LEGITIMATE,0,4,,False,allow,True,6614.750704039,6614.750779298,0.07525900036853272
13,email,gen_legit_051_scholarship.eml,legitimate,LEGITIMATE,0,4,,False,allow,True,6614.750781446,6614.750851064,0.06961800045246491
13,email,gen_legit_052_hostel.eml,legitimate,LEGITIMATE,0,4,,False,allow,True,6614.750853048,6614.750922388,0.06933999975444749
13,email,gen_legit_053_vc.eml,legitimate,LEGITIMATE,0,4,,False,allow,True,6614.750924397,6614.751062985,0.13858800048183184
13,email,gen_legit_054_timetable.eml,legitimate,LEGITIMATE,0,4,,False,allow,True,6614.751067996,6614.751148023,0.08002699996723095
13,email,gen_legit_055_ictupdate.eml,legitimate,LEGITIMATE,0,4,,False,allow,True,6614.751150459,6614.751220943,0.07048399947962025
13,email,gen_legit_056_library.eml,legitimate,LEGITIMATE,0,4,,False,allow,True,6614.751223422,6614.751287614,0.06419199962692801
13,email,gen_legit_057_survey.eml,legitimate,LEGITIMATE,0,4,,False,allow,True,6614.751289896,6614.751366511,0.07661499967070995
13,email,gen_legit_058_convocation.eml,legitimate,LEGITIMATE,0,4,,False,allow,True,6614.751368539,6614.751443726,0.07518699931097217
13,email,gen_legit_059_sug.eml,legitimate,LEGITIMATE,0,4,,False,allow,True,6614.751445749,6614.751521385,0.07563600047433283
13,email,gen_legit_060_transcript.eml,legitimate,LEGITIMATE,0,4,,False,allow,True,6614.751532167,6614.751671183,0.13901600050303387
13,email,gen_phish_001_ict.eml,phishing,PHISHING,5,4,E1;E2,True,warn_user,True,6614.751673896,6614.751735554,0.061658000049646944
13,email,gen_phish_002_bursary.eml,phishing,PHISHING,5,4,E1;E2,True,warn_user,True,6614.751738079,6614.751788723,0.050644000111788046
13,email,gen_phish_003_security.eml,phishing,PHISHING,5,4,E1;E2,True,warn_user,True,6614.751790979,6614.751840571,0.04959199941367842
13,email,gen_phish_004_registrar.eml,phishing,PHISHING,5,4,E1;E2,True,warn_user,True,6614.751843069,6614.751903239,0.060170000324433204
13,email,gen_phish_005_examsoffice.eml,phishing,PHISHING,7,4,E1;E2;E3,True,warn_user,True,6614.751905376,6614.751971955,0.06657900030404562
13,email,gen_phish_006_scholarship.eml,phishing,PHISHING,5,4,E1;E2,True,warn_user,True,6614.751974623,6614.752067053,0.0924300002225209
13,email,gen_phish_007_hostel.eml,phishing,PHISHING,5,4,E1;E2,True,warn_user,True,6614.752069797,6614.752159193,0.08939599956647726
13,email,gen_phish_008_vc.eml,phishing,PHISHING,5,4,E1;E2,True,warn_user,True,6614.752161459,6614.752212878,0.0514190005560522
13,email,gen_phish_009_timetable.eml,phishing,PHISHING,5,4,E1;E2,True,warn_user,True,6614.752215153,6614.75227091,0.0557570001546992
13,email,gen_phish_010_ictupdate.eml,phishing,PHISHING,7,4,E1;E2;E3,True,warn_user,True,6614.752278463,6614.752334807,0.05634399985865457
13,email,gen_phish_011_library.eml,phishing,PHISHING,5,4,E1;E2,True,warn_user,True,6614.752337108,6614.75240072,0.06361200030369218
13,email,gen_phish_012_survey.eml,phishing,PHISHING,5,4,E1;E2,True,warn_user,True,6614.75240338,6614.752460623,0.05724299990106374
13,email,gen_phish_013_convocation.eml,phishing,PHISHING,5,4,E1;E2,True,warn_user,True,6614.752462832,6614.752520316,0.057484000535623636
13,email,gen_phish_014_sug.eml,phishing,PHISHING,5,4,E1;E2,True,warn_user,True,6614.752522433,6614.752562573,0.04014000023744302
13,email,gen_phish_015_transcript.eml,phishing,PHISHING,7,4,E1;E2;E3,True,warn_user,True,6614.752564754,6614.752614001,0.0492470007884549
13,email,gen_phish_031_ict.eml,phishing,PHISHING,5,4,E1;E2,True,warn_user,True,6614.752616181,6614.752672605,0.05642399992211722
13,email,gen_phish_032_bursary.eml,phishing,PHISHING,5,4,E1;E2,True,warn_user,True,6614.752674719,6614.752722554,0.047834999350016005
13,email,gen_phish_033_security.eml,phishing,PHISHING,5,4,E1;E2,True,warn_user,True,6614.752724665,6614.752773006,0.04834100036532618
13,email,gen_phish_034_registrar.eml,phishing,PHISHING,5,4,E1;E2,True,warn_user,True,6614.752775094,6614.752849083,0.07398900015687104
13,email,gen_phish_035_examsoffice.eml,phishing,PHISHING,7,4,E1;E2;E3,True,warn_user,True,6614.75285361,6614.752983368,0.12975800018466543
13,email,gen_phish_036_scholarship.eml,phishing,PHISHING,5,4,E1;E2,True,warn_user,True,6614.752986105,6614.753037465,0.05135999981575878
13,email,gen_phish_037_hostel.eml,phishing,PHISHING,5,4,E1;E2,True,warn_user,True,6614.753039566,6614.753092485,0.05291900015436113
13,email,gen_phish_038_vc.eml,phishing,PHISHING,5,4,E1;E2,True,warn_user,True,6614.753094619,6614.753144476,0.0498569997944287
13,email,gen_phish_039_timetable.eml,phishing,PHISHING,5,4,E1;E2,True,warn_user,True,6614.753146799,6614.753231952,0.08515299941791454
13,email,gen_phish_040_ictupdate.eml,phishing,PHISHING,7,4,E1;E2;E3,True,warn_user,True,6614.75323463,6614.753292105,0.05747499926656019
13,email,gen_phish_041_library.eml,phishing,PHISHING,5,4,E1;E2,True,warn_user,True,6614.753294242,6614.753343334,0.049092000153905246
13,email,gen_phish_042_survey.eml,phishing,PHISHING,5,4,E1;E2,True,warn_user,True,6614.753345458,6614.75343623,0.09077200047613587
13,email,gen_phish_043_convocation.eml,phishing,PHISHING,5,4,E1;E2,True,warn_user,True,6614.753438353,6614.753493362,0.05500899987964658
13,email,gen_phish_044_sug.eml,phishing,PHISHING,5,4,E1;E2,True,warn_user,True,6614.75349553,6614.753535732,0.04020200049126288
13,email,gen_phish_045_transcript.eml,phishing,PHISHING,7,4,E1;E2;E3,True,warn_user,True,6614.753541649,6614.753594423,0.05277400032355217
13,url,http://crescentuniversity.edu.ng@crescentuni-verify-1.tk/reset,phishing,PHISHING,9,4,U2;U3;U5;U6,True,block_redirect,True,6614.753596571,6614.753614825,0.01825399976951303
13,url,http://portal-crescentuni.cf/account,phishing,PHISHING,6,4,U3;U5;U6,True,block_redirect,True,6614.753617271,6614.753628719,0.011447999895608518
13,url,https://crescent-uni-portal.xyz/docs/view?id=3,phishing,PHISHING,5,4,U3;U6,True,block_redirect,True,6614.753631263,6614.753642815,0.01155199970526155
13,url,http://login.secure.crescent-id.cf/verify,phishing,PHISHING,7,4,U3;U4;U5;U6,True,block_redirect,True,6614.753645155,6614.753656959,0.011803999768744688
13,url,http://203.0.113.104:8443/verify,phishing,PHISHING,4,4,U1;U5,True,block_redirect,True,6614.753659115,6614.753672564,0.013449000107357278
13,url,http://198.51.100.235/login/verify?id=6,phishing,PHISHING,4,4,U1;U5,True,block_redirect,True,6614.753675109,6614.753687856,0.012747000255330931
13,url,http://crescentuniversity.edu.ng@crescent-uni-verify-7.tk/reset,phishing,PHISHING,9,4,U2;U3;U5;U6,True,block_redirect,True,6614.753692065,6614.753703279,0.011213999641768169
13,url,http://verify-crescent-uni-verify.work/account,phishing,PHISHING,6,4,U3;U5;U6,True,block_redirect,True,6614.75370549,6614.75371755,0.012059999789926223
13,url,https://crescentuni-portal.work/docs/view?id=9,phishing,PHISHING,5,4,U3;U6,True,block_redirect,True,6614.753719725,6614.753731474,0.011748999895644374
13,url,http://login.secure.crescent-id.gq/verify,phishing,PHISHING,7,4,U3;U4;U5;U6,True,block_redirect,True,6614.753735539,6614.753747602,0.01206299930345267
13,url,http://198.51.100.192:9090/verify,phishing,PHISHING,4,4,U1;U5,True,block_redirect,True,6614.753749831,6614.753762455,0.012623999282368459
13,url,http://203.0.113.193/login/verify?id=12,phishing,PHISHING,4,4,U1;U5,True,block_redirect,True,6614.753764506,6614.753776813,0.012306999451539014
13,url,http://crescentuniversity.edu.ng@crescent-uni-verify-13.tk/reset,phishing,PHISHING,9,4,U2;U3;U5;U6,True,block_redirect,True,6614.75377886,6614.753789913,0.011052999980165623
13,url,http://id-crescentuni-secure.xyz/account,phishing,PHISHING,6,4,U3;U5;U6,True,block_redirect,True,6614.753792019,6614.753803723,0.011703999916790053
13,url,https://crescent-portal.ga/docs/view?id=15,phishing,PHISHING,5,4,U3;U6,True,block_redirect,True,6614.753805875,6614.753816698,0.010823000593518373
13,url,http://login.secure.crescent-uni-id.work/verify,phishing,PHISHING,7,4,U3;U4;U5;U6,True,block_redirect,True,6614.753818904,6614.753831039,0.012135000361013226
13,url,http://198.51.100.222:8080/verify,phishing,PHISHING,4,4,U1;U5,True,block_redirect,True,6614.753833162,6614.753845876,0.012714000149571802
13,url,http://198.51.100.204/login/verify?id=18,phishing,PHISHING,4,4,U1;U5,True,block_redirect,True,6614.753848452,6614.753860761,0.012309000339882914
13,url,http://crescentuniversity.edu.ng@crescent-uni-verify-19.tk/reset,phishing,PHISHING,9,4,U2;U3;U5;U6,True,block_redirect,True,6614.753862928,6614.753873716,0.010788000508910045
13,url,http://id-crescentuni-login.top/account,phishing,PHISHING,6,4,U3;U5;U6,True,block_redirect,True,6614.753878102,6614.753890249,0.012146999324613716
13,url,https://crescentuni-portal.work/docs/view?id=21,phishing,PHISHING,5,4,U3;U6,True,block_redirect,True,6614.753892444,6614.753940997,0.048553000851825345
13,url,http://login.secure.crescent-uni-id.gq/verify,phishing,PHISHING,7,4,U3;U4;U5;U6,True,block_redirect,True,6614.753944457,6614.753962218,0.017760999980964698
13,url,http://198.51.100.176:9090/verify,phishing,PHISHING,4,4,U1;U5,True,block_redirect,True,6614.7539654,6614.753982574,0.017173999367514625
13,url,http://203.0.113.198/login/verify?id=24,phishing,PHISHING,4,4,U1;U5,True,block_redirect,True,6614.753985553,6614.75400189,0.016336999578925315
13,url,http://crescentuniversity.edu.ng@crescent-uni-verify-25.tk/reset,phishing,PHISHING,9,4,U2;U3;U5;U6,True,block_redirect,True,6614.754005099,6614.754019741,0.014641999769082759
13,url,http://secure-crescentuni-portal.top/account,phishing,PHISHING,6,4,U3;U5;U6,True,block_redirect,True,6614.754022575,6614.754038334,0.01575900023453869
13,url,https://crescent-portal.work/docs/view?id=27,phishing,PHISHING,5,4,U3;U6,True,block_redirect,True,6614.754041318,6614.754057496,0.01617799989617197
13,url,http://login.secure.crescent-id.gq/verify,phishing,PHISHING,7,4,U3;U4;U5;U6,True,block_redirect,True,6614.754060471,6614.754075987,0.015515999621129595
13,url,http://198.51.100.131:8080/verify,phishing,PHISHING,4,4,U1;U5,True,block_redirect,True,6614.754079141,6614.754095711,0.016570000298088416
13,url,http://203.0.113.217/login/verify?id=30,phishing,PHISHING,4,4,U1;U5,True,block_redirect,True,6614.754105164,6614.754123432,0.01826799962145742
13,url,http://crescentuniversity.edu.ng@crescent-uni-verify-31.tk/reset,phishing,PHISHING,9,4,U2;U3;U5;U6,True,block_redirect,True,6614.754126584,6614.754142465,0.01588099985383451
13,url,http://id-crescent-uni-verify.ga/account,phishing,PHISHING,6,4,U3;U5;U6,True,block_redirect,True,6614.75414508,6614.754164115,0.019035000150324777
13,url,https://crescentuni-portal.ga/docs/view?id=33,phishing,PHISHING,5,4,U3;U6,True,block_redirect,True,6614.754166524,6614.754185852,0.019328000234963838
13,url,http://login.secure.crescent-uni-id.tk/verify,phishing,PHISHING,7,4,U3;U4;U5;U6,True,block_redirect,True,6614.754190523,6614.754207738,0.01721500029816525
13,url,http://203.0.113.127:8080/verify,phishing,PHISHING,4,4,U1;U5,True,block_redirect,True,6614.754215481,6614.754234464,0.01898299979075091
13,url,http://203.0.113.226/login/verify?id=36,phishing,PHISHING,4,4,U1;U5,True,block_redirect,True,6614.754238364,6614.754261398,0.02303400015080115
13,url,http://crescentuniversity.edu.ng@crescentuni-verify-37.tk/reset,phishing,PHISHING,9,4,U2;U3;U5;U6,True,block_redirect,True,6614.754265436,6614.754280411,0.014974999430705793
13,url,http://secure-crescent-verify.ml/account,phishing,PHISHING,6,4,U3;U5;U6,True,block_redirect,True,6614.754284016,6614.75429887,0.014853999346087221
13,url,https://crescent-portal.work/docs/view?id=39,phishing,PHISHING,5,4,U3;U6,True,block_redirect,True,6614.75430288,6614.754318648,0.015767999684612732
13,url,http://login.secure.crescent-id.ga/verify,phishing,PHISHING,7,4,U3;U4;U5;U6,True,block_redirect,True,6614.75432542,6614.754340036,0.014616000044043176
13,url,http://203.0.113.244:9090/verify,phishing,PHISHING,4,4,U1;U5,True,block_redirect,True,6614.754342997,6614.754358558,0.015560999599983916
13,url,http://203.0.113.137/login/verify?id=42,phishing,PHISHING,4,4,U1;U5,True,block_redirect,True,6614.754362806,6614.754378497,0.015691000044171233
13,url,http://crescentuniversity.edu.ng@crescent-uni-verify-43.tk/reset,phishing,PHISHING,9,4,U2;U3;U5;U6,True,block_redirect,True,6614.754381036,6614.754395136,0.014100000043981709
13,url,http://login-crescentuni-alerts.cf/account,phishing,PHISHING,6,4,U3;U5;U6,True,block_redirect,True,6614.754400371,6614.754415107,0.014735999684489798
13,url,https://crescent-uni-portal.gq/docs/view?id=45,phishing,PHISHING,5,4,U3;U6,True,block_redirect,True,6614.754417863,6614.754432584,0.014721000297868159
13,url,http://login.secure.crescentuni-id.xyz/verify,phishing,PHISHING,7,4,U3;U4;U5;U6,True,block_redirect,True,6614.754435156,6614.754452506,0.017350000234728213
13,url,http://203.0.113.32:8080/verify,phishing,PHISHING,4,4,U1;U5,True,block_redirect,True,6614.75445493,6614.754475701,0.020770999981323257
13,url,http://198.51.100.88/login/verify?id=48,phishing,PHISHING,4,4,U1;U5,True,block_redirect,True,6614.75447963,6614.754497681,0.018051000552077312
13,url,http://crescentuniversity.edu.ng@crescent-verify-49.tk/reset,phishing,PHISHING,9,4,U2;U3;U5;U6,True,block_redirect,True,6614.754500181,6614.75451652,0.016338999557774514
13,url,http://id-crescent-uni-verify.cf/account,phishing,PHISHING,6,4,U3;U5;U6,True,block_redirect,True,6614.75452524,6614.75454061,0.01537000025564339
13,url,https://portal.crescentuniversity.edu.ng/resource/1,legitimate,LEGITIMATE,1,4,U4,False,allow,True,6614.754544347,6614.754559321,0.014973999896028545
13,url,https://drive.crescentuniversity.edu.ng/resource/2,legitimate,LEGITIMATE,1,4,U4,False,allow,True,6614.754561921,6614.754576678,0.014757000826648436
13,url,https://portal.crescentuniversity.edu.ng/resource/3,legitimate,LEGITIMATE,1,4,U4,False,allow,True,6614.754579263,6614.754593095,0.013832000149704982
13,url,https://accounts.google.com/signin,legitimate,LEGITIMATE,0,4,,False,allow,True,6614.754595528,6614.754609891,0.014362999536388088
13,url,https://drive.crescentuniversity.edu.ng/resource/5,legitimate,LEGITIMATE,1,4,U4,False,allow,True,6614.754612541,6614.754625867,0.013326000043889508
13,url,https://portal.crescentuniversity.edu.ng/resource/6,legitimate,LEGITIMATE,1,4,U4,False,allow,True,6614.754628391,6614.754641964,0.013573000614997
13,url,https://library.crescentuniversity.edu.ng/resource/7,legitimate,LEGITIMATE,1,4,U4,False,allow,True,6614.754645575,6614.754659174,0.013599000340036582
13,url,https://www.wikipedia.org/wiki/Security,legitimate,LEGITIMATE,0,4,,False,allow,True,6614.754661695,6614.754679594,0.017898999431054108
13,url,https://mail.crescentuniversity.edu.ng/resource/9,legitimate,LEGITIMATE,1,4,U4,False,allow,True,6614.754684025,6614.754698392,0.014367000403581187
13,url,https://registrar.crescentuniversity.edu.ng/resource/10,legitimate,LEGITIMATE,1,4,U4,False,allow,True,6614.754704483,6614.75472022,0.015737000467197504
13,url,https://bursary.crescentuniversity.edu.ng/resource/11,legitimate,LEGITIMATE,1,4,U4,False,allow,True,6614.754723803,6614.754737458,0.013654999747814145
13,url,https://zoom.us/signin,legitimate,LEGITIMATE,0,4,,False,allow,True,6614.754739852,6614.754754964,0.015112000255612656
13,url,https://hostel.crescentuniversity.edu.ng/resource/13,legitimate,LEGITIMATE,1,4,U4,False,allow,True,6614.754757403,6614.754774396,0.016992999917420093
13,url,https://registrar.crescentuniversity.edu.ng/resource/14,legitimate,LEGITIMATE,1,4,U4,False,allow,True,6614.754776908,6614.754790495,0.013586999557446688
13,url,https://mail.crescentuniversity.edu.ng/resource/15,legitimate,LEGITIMATE,1,4,U4,False,allow,True,6614.75479294,6614.75480679,0.01384999995934777
13,url,https://accounts.google.com/signin,legitimate,LEGITIMATE,0,4,,False,allow,True,6614.754809322,6614.754823916,0.014593999367207289
13,url,https://elearning.crescentuniversity.edu.ng/resource/17,legitimate,LEGITIMATE,1,4,U4,False,allow,True,6614.754826455,6614.754841275,0.014820000615145545
13,url,https://elearning.crescentuniversity.edu.ng/resource/18,legitimate,LEGITIMATE,1,4,U4,False,allow,True,6614.754843661,6614.7548571,0.013438999303616583
13,url,https://hostel.crescentuniversity.edu.ng/resource/19,legitimate,LEGITIMATE,1,4,U4,False,allow,True,6614.754861867,6614.754905934,0.044067000089853536
13,url,https://accounts.google.com/signin,legitimate,LEGITIMATE,0,4,,False,allow,True,6614.754916556,6614.754971218,0.054661999456584454
13,url,https://hostel.crescentuniversity.edu.ng/resource/21,legitimate,LEGITIMATE,1,4,U4,False,allow,True,6614.754974097,6614.754992906,0.018808999811881222
13,url,https://exams.crescentuniversity.edu.ng/resource/22,legitimate,LEGITIMATE,1,4,U4,False,allow,True,6614.754995363,6614.755009734,0.014371000361279584
13,url,https://registrar.crescentuniversity.edu.ng/resource/23,legitimate,LEGITIMATE,1,4,U4,False,allow,True,6614.755011886,6614.75503256,0.02067399964289507
13,url,https://www.wikipedia.org/wiki/Security,legitimate,LEGITIMATE,0,4,,False,allow,True,6614.75503546,6614.755049662,0.014201999874785542
13,url,https://drive.crescentuniversity.edu.ng/resource/25,legitimate,LEGITIMATE,1,4,U4,False,allow,True,6614.755052541,6614.755072159,0.01961799989658175
13,url,https://exams.crescentuniversity.edu.ng/resource/26,legitimate,LEGITIMATE,1,4,U4,False,allow,True,6614.755074898,6614.755093,0.018101999557984527
13,url,https://library.crescentuniversity.edu.ng/resource/27,legitimate,LEGITIMATE,1,4,U4,False,allow,True,6614.755095853,6614.755112858,0.017004999790515285
13,url,https://www.microsoft.com/en-us/security,legitimate,LEGITIMATE,0,4,,False,allow,True,6614.755115671,6614.755133006,0.017334999938611872
13,url,https://exams.crescentuniversity.edu.ng/resource/29,legitimate,LEGITIMATE,1,4,U4,False,allow,True,6614.755136228,6614.755151499,0.015270999938366003
13,url,https://hostel.crescentuniversity.edu.ng/resource/30,legitimate,LEGITIMATE,1,4,U4,False,allow,True,6614.75515925,6614.755177309,0.018058999557979405
13,url,https://portal.crescentuniversity.edu.ng/resource/31,legitimate,LEGITIMATE,1,4,U4,False,allow,True,6614.755180043,6614.755199517,0.019473999600450043
13,url,https://zoom.us/signin,legitimate,LEGITIMATE,0,4,,False,allow,True,6614.755202358,6614.755216972,0.014614000065193977
13,url,https://drive.crescentuniversity.edu.ng/resource/33,legitimate,LEGITIMATE,1,4,U4,False,allow,True,6614.755220295,6614.755237717,0.017422000382794067
13,url,https://portal.crescentuniversity.edu.ng/resource/34,legitimate,LEGITIMATE,1,4,U4,False,allow,True,6614.755240083,6614.755260332,0.020249000044714194
13,url,https://exams.crescentuniversity.edu.ng/resource/35,legitimate,LEGITIMATE,1,4,U4,False,allow,True,6614.755263808,6614.755278215,0.01440699998056516
13,url,https://zoom.us/signin,legitimate,LEGITIMATE,0,4,,False,allow,True,6614.755283731,6614.755303099,0.01936799981194781
13,url,https://library.crescentuniversity.edu.ng/resource/37,legitimate,LEGITIMATE,1,4,U4,False,allow,True,6614.755305719,6614.75532318,0.017461000425100792
13,url,https://drive.crescentuniversity.edu.ng/resource/38,legitimate,LEGITIMATE,1,4,U4,False,allow,True,6614.755326221,6614.755344551,0.01832999987527728
13,url,https://registrar.crescentuniversity.edu.ng/resource/39,legitimate,LEGITIMATE,1,4,U4,False,allow,True,6614.755346837,6614.755366969,0.02013199991779402
13,url,https://accounts.google.com/signin,legitimate,LEGITIMATE,0,4,,False,allow,True,6614.755373178,6614.755392851,0.019672999769682065
13,landing_page,clean_baseline_portal.html,legitimate,LEGITIMATE,0,4,,False,allow,True,6614.755395766,6614.75540578,0.010013999599323142
13,landing_page,clean_variant_sso.html,legitimate,LEGITIMATE,0,4,,False,allow,True,6614.755408325,6614.755418718,0.01039300059346715
13,landing_page,phish_variant_cross_domain_post.html,phishing,PHISHING,4,4,L1,True,reject_submission,True,6614.755421839,6614.755431993,0.010153999937756453
13,landing_page,phish_variant_hidden_fields.html,phishing,PHISHING,7,4,L1;L2,True,reject_submission,True,6614.755435187,6614.755445527,0.010339999789721332
13,landing_page,gen_clean_001.html,legitimate,LEGITIMATE,0,4,,False,allow,True,6614.755448186,6614.755457613,0.009426999895367771
13,landing_page,gen_clean_002.html,legitimate,LEGITIMATE,0,4,,False,allow,True,6614.755460567,6614.755469152,0.008584999704908114
13,landing_page,gen_clean_003.html,legitimate,LEGITIMATE,0,4,,False,allow,True,6614.755473851,6614.755483945,0.010094000572280493
13,landing_page,gen_clean_004.html,legitimate,LEGITIMATE,0,4,,False,allow,True,6614.755486723,6614.755496088,0.009364999641547911
13,landing_page,gen_clean_005.html,legitimate,LEGITIMATE,0,4,,False,allow,True,6614.755499105,6614.75550751,0.00840499978949083
13,landing_page,gen_clean_006.html,legitimate,LEGITIMATE,0,4,,False,allow,True,6614.755514274,6614.755525119,0.010844999451364856
13,landing_page,gen_clean_007.html,legitimate,LEGITIMATE,0,4,,False,allow,True,6614.755528464,6614.75553683,0.008365999747184105
13,landing_page,gen_clean_008.html,legitimate,LEGITIMATE,0,4,,False,allow,True,6614.755539144,6614.75554767,0.008525999874109402
13,landing_page,gen_phish_001.html,phishing,PHISHING,7,4,L1;L2,True,reject_submission,True,6614.755550012,6614.75556171,0.011697999980242457
13,landing_page,gen_phish_002.html,phishing,PHISHING,4,4,L1,True,reject_submission,True,6614.755564509,6614.755573156,0.008646999958727974
13,landing_page,gen_phish_003.html,phishing,PHISHING,7,4,L1;L2,True,reject_submission,True,6614.75557642,6614.755586064,0.009644000783737283
13,landing_page,gen_phish_004.html,phishing,PHISHING,4,4,L1,True,reject_submission,True,6614.755589506,6614.755599371,0.009864999810815789
13,landing_page,gen_phish_005.html,phishing,PHISHING,7,4,L1;L2,True,reject_submission,True,6614.755602398,6614.755612559,0.010161000318475999
13,landing_page,gen_phish_006.html,phishing,PHISHING,4,4,L1,True,reject_submission,True,6614.755615844,6614.75562571,0.009865999345493037
13,landing_page,gen_phish_007.html,phishing,PHISHING,7,4,L1;L2,True,reject_submission,True,6614.755628663,6614.755638966,0.010303000635758508
13,landing_page,gen_phish_008.html,phishing,PHISHING,4,4,L1,True,reject_submission,True,6614.75564489,6614.755654392,0.009501999556960072
14,email,gen_legit_016_ict.eml,legitimate,LEGITIMATE,0,4,,False,allow,True,6614.755660176,6614.755752487,0.09231100011675153
14,email,gen_legit_017_bursary.eml,legitimate,LEGITIMATE,0,4,,False,allow,True,6614.755756189,6614.755869224,0.11303500014037127
14,email,gen_legit_018_security.eml,legitimate,LEGITIMATE,0,4,,False,allow,True,6614.755872256,6614.755995075,0.12281900035304716
14,email,gen_legit_019_registrar.eml,legitimate,LEGITIMATE,0,4,,False,allow,True,6614.756000028,6614.756097069,0.09704100011731498
14,email,gen_legit_020_examsoffice.eml,legitimate,LEGITIMATE,0,4,,False,allow,True,6614.756099538,6614.756185935,0.08639699990453664
14,email,gen_legit_021_scholarship.eml,legitimate,LEGITIMATE,0,4,,False,allow,True,6614.756188552,6614.756262524,0.0739719998819055
14,email,gen_legit_022_hostel.eml,legitimate,LEGITIMATE,0,4,,False,allow,True,6614.756266053,6614.756341985,0.07593200007249834
14,email,gen_legit_023_vc.eml,legitimate,LEGITIMATE,0,4,,False,allow,True,6614.756345528,6614.75642653,0.08100200011540437
14,email,gen_legit_024_timetable.eml,legitimate,LEGITIMATE,0,4,,False,allow,True,6614.756429821,6614.756504211,0.07439000000886153
14,email,gen_legit_025_ictupdate.eml,legitimate,LEGITIMATE,0,4,,False,allow,True,6614.756512358,6614.756591454,0.0790960002632346
14,email,gen_legit_026_library.eml,legitimate,LEGITIMATE,0,4,,False,allow,True,6614.756593905,6614.756664265,0.07035999988147523
14,email,gen_legit_027_survey.eml,legitimate,LEGITIMATE,0,4,,False,allow,True,6614.756667335,6614.756749345,0.08200999945984222
14,email,gen_legit_028_convocation.eml,legitimate,LEGITIMATE,0,4,,False,allow,True,6614.756752109,6614.756856324,0.10421499973745085
14,email,gen_legit_029_sug.eml,legitimate,LEGITIMATE,0,4,,False,allow,True,6614.756859507,6614.756983966,0.1244590002897894
14,email,gen_legit_030_transcript.eml,legitimate,LEGITIMATE,0,4,,False,allow,True,6614.756986652,6614.757055421,0.06876899988128571
14,email,gen_legit_046_ict.eml,legitimate,LEGITIMATE,0,4,,False,allow,True,6614.75705743,6614.757135828,0.07839800036890665
14,email,gen_legit_047_bursary.eml,legitimate,LEGITIMATE,0,4,,False,allow,True,6614.757138164,6614.757212843,0.0746790001358022
14,email,gen_legit_048_security.eml,legitimate,LEGITIMATE,0,4,,False,allow,True,6614.757214957,6614.757293384,0.07842700051696738
14,email,gen_legit_049_registrar.eml,legitimate,LEGITIMATE,0,4,,False,allow,True,6614.757299677,6614.757383093,0.08341599914274411
14,email,gen_legit_050_examsoffice.eml,legitimate,LEGITIMATE,0,4,,False,allow,True,6614.757387291,6614.757462126,0.0748350003050291
14,email,gen_legit_051_scholarship.eml,legitimate,LEGITIMATE,0,4,,False,allow,True,6614.757464265,6614.757533763,0.06949799990252359
14,email,gen_legit_052_hostel.eml,legitimate,LEGITIMATE,0,4,,False,allow,True,6614.75753584,6614.757605324,0.0694840000505792
14,email,gen_legit_053_vc.eml,legitimate,LEGITIMATE,0,4,,False,allow,True,6614.757607357,6614.75767891,0.07155300045269541
14,email,gen_legit_054_timetable.eml,legitimate,LEGITIMATE,0,4,,False,allow,True,6614.757680969,6614.757745765,0.06479600051534362
14,email,gen_legit_055_ictupdate.eml,legitimate,LEGITIMATE,0,4,,False,allow,True,6614.75774778,6614.757858788,0.11100800020358292
14,email,gen_legit_056_library.eml,legitimate,LEGITIMATE,0,4,,False,allow,True,6614.757861582,6614.757927485,0.06590300017705886
14,email,gen_legit_057_survey.eml,legitimate,LEGITIMATE,0,4,,False,allow,True,6614.757929536,6614.758002021,0.07248499969136901
14,email,gen_legit_058_convocation.eml,legitimate,LEGITIMATE,0,4,,False,allow,True,6614.758004026,6614.758078884,0.07485799960704753
14,email,gen_legit_059_sug.eml,legitimate,LEGITIMATE,0,4,,False,allow,True,6614.758080924,6614.758155921,0.0749970004108036
14,email,gen_legit_060_transcript.eml,legitimate,LEGITIMATE,0,4,,False,allow,True,6614.758161911,6614.758228839,0.06692800070595695
14,email,gen_phish_001_ict.eml,phishing,PHISHING,5,4,E1;E2,True,warn_user,True,6614.758230936,6614.758287815,0.056879000112530775
14,email,gen_phish_002_bursary.eml,phishing,PHISHING,5,4,E1;E2,True,warn_user,True,6614.758290018,6614.758340182,0.050164000640506856
14,email,gen_phish_003_security.eml,phishing,PHISHING,5,4,E1;E2,True,warn_user,True,6614.758342417,6614.758393884,0.051467000048432965
14,email,gen_phish_004_registrar.eml,phishing,PHISHING,5,4,E1;E2,True,warn_user,True,6614.758396532,6614.75845673,0.060198000028321985
14,email,gen_phish_005_examsoffice.eml,phishing,PHISHING,7,4,E1;E2;E3,True,warn_user,True,6614.758459218,6614.758511398,0.052180000238877255
14,email,gen_phish_006_scholarship.eml,phishing,PHISHING,5,4,E1;E2,True,warn_user,True,6614.758513567,6614.758565177,0.05160999990039272
14,email,gen_phish_007_hostel.eml,phishing,PHISHING,5,4,E1;E2,True,warn_user,True,6614.758567332,6614.758654229,0.08689700007380452
14,email,gen_phish_008_vc.eml,phishing,PHISHING,5,4,E1;E2,True,warn_user,True,6614.758656412,6614.758706902,0.050489999921410345
14,email,gen_phish_009_timetable.eml,phishing,PHISHING,5,4,E1;E2,True,warn_user,True,6614.758709021,6614.758764437,0.05541599966818467
14,email,gen_phish_010_ictupdate.eml,phishing,PHISHING,7,4,E1;E2;E3,True,warn_user,True,6614.758773746,6614.758868753,0.09500699979980709
14,email,gen_phish_011_library.eml,phishing,PHISHING,5,4,E1;E2,True,warn_user,True,6614.758871587,6614.758937275,0.06568800017703325
14,email,gen_phish_012_survey.eml,phishing,PHISHING,5,4,E1;E2,True,warn_user,True,6614.758939915,6614.758996812,0.05689699992217356
14,email,gen_phish_013_convocation.eml,phishing,PHISHING,5,4,E1;E2,True,warn_user,True,6614.758999024,6614.759056578,0.05755399979534559
14,email,gen_phish_014_sug.eml,phishing,PHISHING,5,4,E1;E2,True,warn_user,True,6614.759058699,6614.759098856,0.040156999602913857
14,email,gen_phish_015_transcript.eml,phishing,PHISHING,7,4,E1;E2;E3,True,warn_user,True,6614.759101038,6614.759150384,0.04934600019623758
14,email,gen_phish_031_ict.eml,phishing,PHISHING,5,4,E1;E2,True,warn_user,True,6614.759152593,6614.759208828,0.05623499964713119
14,email,gen_phish_032_bursary.eml,phishing,PHISHING,5,4,E1;E2,True,warn_user,True,6614.759210931,6614.759258735,0.04780400013260078
14,email,gen_phish_033_security.eml,phishing,PHISHING,5,4,E1;E2,True,warn_user,True,6614.759260823,6614.75930927,0.04844700015382841
14,email,gen_phish_034_registrar.eml,phishing,PHISHING,5,4,E1;E2,True,warn_user,True,6614.75931138,6614.759390167,0.07878699943830725
14,email,gen_phish_035_examsoffice.eml,phishing,PHISHING,7,4,E1;E2;E3,True,warn_user,True,6614.759394479,6614.759490144,0.09566500011715107
14,email,gen_phish_036_scholarship.eml,phishing,PHISHING,5,4,E1;E2,True,warn_user,True,6614.759492312,6614.759541808,0.049496000428916886
14,email,gen_phish_037_hostel.eml,phishing,PHISHING,5,4,E1;E2,True,warn_user,True,6614.759543938,6614.759596596,0.052657999731309246
14,email,gen_phish_038_vc.eml,phishing,PHISHING,5,4,E1;E2,True,warn_user,True,6614.759598717,6614.759648554,0.049837000005936716
14,email,gen_phish_039_timetable.eml,phishing,PHISHING,5,4,E1;E2,True,warn_user,True,6614.75965082,6614.759706164,0.055343999520118814
14,email,gen_phish_040_ictupdate.eml,phishing,PHISHING,7,4,E1;E2;E3,True,warn_user,True,6614.759708274,6614.759796171,0.08789699950284557
14,email,gen_phish_041_library.eml,phishing,PHISHING,5,4,E1;E2,True,warn_user,True,6614.75979886,6614.759850037,0.05117700038681505
14,email,gen_phish_042_survey.eml,phishing,PHISHING,5,4,E1;E2,True,warn_user,True,6614.759852249,6614.75994389,0.09164099992631236
14,email,gen_phish_043_convocation.eml,phishing,PHISHING,5,4,E1;E2,True,warn_user,True,6614.759946033,6614.760001134,0.05510099981620442
14,email,gen_phish_044_sug.eml,phishing,PHISHING,5,4,E1;E2,True,warn_user,True,6614.760003308,6614.760043255,0.03994700000475859
14,email,gen_phish_045_transcript.eml,phishing,PHISHING,7,4,E1;E2;E3,True,warn_user,True,6614.760049031,6614.760101746,0.05271500049275346
14,url,http://crescentuniversity.edu.ng@crescentuni-verify-1.tk/reset,phishing,PHISHING,9,4,U2;U3;U5;U6,True,block_redirect,True,6614.76010627,6614.760121537,0.015266999980667606
14,url,http://portal-crescentuni.cf/account,phishing,PHISHING,6,4,U3;U5;U6,True,block_redirect,True,6614.76012395,6614.760135444,0.01149400031863479
14,url,https://crescent-uni-portal.xyz/docs/view?id=3,phishing,PHISHING,5,4,U3;U6,True,block_redirect,True,6614.760137647,6614.760149163,0.011516000085975975
14,url,http://login.secure.crescent-id.cf/verify,phishing,PHISHING,7,4,U3;U4;U5;U6,True,block_redirect,True,6614.760151344,6614.760162997,0.011653000001388136
14,url,http://203.0.113.104:8443/verify,phishing,PHISHING,4,4,U1;U5,True,block_redirect,True,6614.760165134,6614.760178028,0.012894000064989086
14,url,http://198.51.100.235/login/verify?id=6,phishing,PHISHING,4,4,U1;U5,True,block_redirect,True,6614.760180597,6614.760193013,0.012416000572557095
14,url,http://crescentuniversity.edu.ng@crescent-uni-verify-7.tk/reset,phishing,PHISHING,9,4,U2;U3;U5;U6,True,block_redirect,True,6614.760195334,6614.760206295,0.010961000043607783
14,url,http://verify-crescent-uni-verify.work/account,phishing,PHISHING,6,4,U3;U5;U6,True,block_redirect,True,6614.760208441,6614.76022037,0.011928999811061658
14,url,https://crescentuni-portal.work/docs/view?id=9,phishing,PHISHING,5,4,U3;U6,True,block_redirect,True,6614.760222586,6614.760234285,0.011698999514919706
14,url,http://login.secure.crescent-id.gq/verify,phishing,PHISHING,7,4,U3;U4;U5;U6,True,block_redirect,True,6614.7602384,6614.760250561,0.012161000086052809
14,url,http://198.51.100.192:9090/verify,phishing,PHISHING,4,4,U1;U5,True,block_redirect,True,6614.760252847,6614.76026564,0.012793000678357203
14,url,http://203.0.113.193/login/verify?id=12,phishing,PHISHING,4,4,U1;U5,True,block_redirect,True,6614.760267723,6614.76028009,0.012367000636004377
14,url,http://crescentuniversity.edu.ng@crescent-uni-verify-13.tk/reset,phishing,PHISHING,9,4,U2;U3;U5;U6,True,block_redirect,True,6614.760282128,6614.760292893,0.01076500029739691
14,url,http://id-crescentuni-secure.xyz/account,phishing,PHISHING,6,4,U3;U5;U6,True,block_redirect,True,6614.760295018,6614.760306594,0.011576000360946637
14,url,https://crescent-portal.ga/docs/view?id=15,phishing,PHISHING,5,4,U3;U6,True,block_redirect,True,6614.76030872,6614.760319446,0.010726000255090185
14,url,http://login.secure.crescent-uni-id.work/verify,phishing,PHISHING,7,4,U3;U4;U5;U6,True,block_redirect,True,6614.760321513,6614.760333686,0.012172999959148001
14,url,http://198.51.100.222:8080/verify,phishing,PHISHING,4,4,U1;U5,True,block_redirect,True,6614.760335834,6614.760348187,0.012352999874565285
14,url,http://198.51.100.204/login/verify?id=18,phishing,PHISHING,4,4,U1;U5,True,block_redirect,True,6614.760350535,6614.760362811,0.012276000234123785
14,url,http://crescentuniversity.edu.ng@crescent-uni-verify-19.tk/reset,phishing,PHISHING,9,4,U2;U3;U5;U6,True,block_redirect,True,6614.76036492,6614.760375592,0.010671999916667119
14,url,http://id-crescentuni-login.top/account,phishing,PHISHING,6,4,U3;U5;U6,True,block_redirect,True,6614.760381551,6614.760393601,0.01204999989568023
14,url,https://crescentuni-portal.work/docs/view?id=21,phishing,PHISHING,5,4,U3;U6,True,block_redirect,True,6614.760395764,6614.760407469,0.011704999451467302
14,url,http://login.secure.crescent-uni-id.gq/verify,phishing,PHISHING,7,4,U3;U4;U5;U6,True,block_redirect,True,6614.760409548,6614.76042114,0.011592000191740226
14,url,http://198.51.100.176:9090/verify,phishing,PHISHING,4,4,U1;U5,True,block_redirect,True,6614.760423355,6614.760435826,0.012470999536162708
14,url,http://203.0.113.198/login/verify?id=24,phishing,PHISHING,4,4,U1;U5,True,block_redirect,True,6614.760437897,6614.760450197,0.012299999980314169
14,url,http://crescentuniversity.edu.ng@crescent-uni-verify-25.tk/reset,phishing,PHISHING,9,4,U2;U3;U5;U6,True,block_redirect,True,6614.760452298,6614.760462963,0.010664999535947572
14,url,http://secure-crescentuni-portal.top/account,phishing,PHISHING,6,4,U3;U5;U6,True,block_redirect,True,6614.760465118,6614.760476815,0.011697000445565209
14,url,https://crescent-portal.work/docs/view?id=27,phishing,PHISHING,5,4,U3;U6,True,block_redirect,True,6614.760478912,6614.760490573,0.011661000826279633
14,url,http://login.secure.crescent-id.gq/verify,phishing,PHISHING,7,4,U3;U4;U5;U6,True,block_redirect,True,6614.76049265,6614.760504179,0.011529000403243117
14,url,http://198.51.100.131:8080/verify,phishing,PHISHING,4,4,U1;U5,True,block_redirect,True,6614.760506438,6614.760518762,0.012323999726504553
14,url,http://203.0.113.217/login/verify?id=30,phishing,PHISHING,4,4,U1;U5,True,block_redirect,True,6614.760523092,6614.76053578,0.01268800042453222
14,url,http://crescentuniversity.edu.ng@crescent-uni-verify-31.tk/reset,phishing,PHISHING,9,4,U2;U3;U5;U6,True,block_redirect,True,6614.760537882,6614.760548719,0.010837000445462763
14,url,http://id-crescent-uni-verify.ga/account,phishing,PHISHING,6,4,U3;U5;U6,True,block_redirect,True,6614.760550838,6614.760561719,0.010880999980145134
14,url,https://crescentuni-portal.ga/docs/view?id=33,phishing,PHISHING,5,4,U3;U6,True,block_redirect,True,6614.760563818,6614.760574508,0.010689999726309907
14,url,http://login.secure.crescent-uni-id.tk/verify,phishing,PHISHING,7,4,U3;U4;U5;U6,True,block_redirect,True,6614.76057685,6614.760587628,0.010778000614664052
14,url,http://203.0.113.127:8080/verify,phishing,PHISHING,4,4,U1;U5,True,block_redirect,True,6614.760589832,6614.760605131,0.015299000551749486
14,url,http://203.0.113.226/login/verify?id=36,phishing,PHISHING,4,4,U1;U5,True,block_redirect,True,6614.760607221,6614.760619607,0.012385999980324414
14,url,http://crescentuniversity.edu.ng@crescentuni-verify-37.tk/reset,phishing,PHISHING,9,4,U2;U3;U5;U6,True,block_redirect,True,6614.760621716,6614.760729581,0.1078650002455106
14,url,http://secure-crescent-verify.ml/account,phishing,PHISHING,6,4,U3;U5;U6,True,block_redirect,True,6614.760732509,6614.760745427,0.01291799981117947
14,url,https://crescent-portal.work/docs/view?id=39,phishing,PHISHING,5,4,U3;U6,True,block_redirect,True,6614.760747675,6614.760815825,0.06814999960624846
14,url,http://login.secure.crescent-id.ga/verify,phishing,PHISHING,7,4,U3;U4;U5;U6,True,block_redirect,True,6614.760845146,6614.760904448,0.05930199949943926
14,url,http://203.0.113.244:9090/verify,phishing,PHISHING,4,4,U1;U5,True,block_redirect,True,6614.760907129,6614.760920102,0.012972999684279785
14,url,http://203.0.113.137/login/verify?id=42,phishing,PHISHING,4,4,U1;U5,True,block_redirect,True,6614.760926115,6614.760999539,0.07342400022025686
14,url,http://crescentuniversity.edu.ng@crescent-uni-verify-43.tk/reset,phishing,PHISHING,9,4,U2;U3;U5;U6,True,block_redirect,True,6614.761025168,6614.76103885,0.013681999917025678
14,url,http://login-crescentuni-alerts.cf/account,phishing,PHISHING,6,4,U3;U5;U6,True,block_redirect,True,6614.761044706,6614.761056518,0.011812000593636185
14,url,https://crescent-uni-portal.gq/docs/view?id=45,phishing,PHISHING,5,4,U3;U6,True,block_redirect,True,6614.761058694,6614.761069868,0.011174000064784195
14,url,http://login.secure.crescentuni-id.xyz/verify,phishing,PHISHING,7,4,U3;U4;U5;U6,True,block_redirect,True,6614.761071957,6614.761083886,0.011928999811061658
14,url,http://203.0.113.32:8080/verify,phishing,PHISHING,4,4,U1;U5,True,block_redirect,True,6614.761086027,6614.761098536,0.012509000043792184
14,url,http://198.51.100.88/login/verify?id=48,phishing,PHISHING,4,4,U1;U5,True,block_redirect,True,6614.761100696,6614.761113011,0.01231500027643051
14,url,http://crescentuniversity.edu.ng@crescent-verify-49.tk/reset,phishing,PHISHING,9,4,U2;U3;U5;U6,True,block_redirect,True,6614.761115151,6614.761125883,0.01073200019163778
14,url,http://id-crescent-uni-verify.cf/account,phishing,PHISHING,6,4,U3;U5;U6,True,block_redirect,True,6614.761130528,6614.76114196,0.011432000064814929
14,url,https://portal.crescentuniversity.edu.ng/resource/1,legitimate,LEGITIMATE,1,4,U4,False,allow,True,6614.761144158,6614.761156201,0.012042999514960684
14,url,https://drive.crescentuniversity.edu.ng/resource/2,legitimate,LEGITIMATE,1,4,U4,False,allow,True,6614.761158269,6614.761170061,0.011791999895649496
14,url,https://portal.crescentuniversity.edu.ng/resource/3,legitimate,LEGITIMATE,1,4,U4,False,allow,True,6614.761172116,6614.761184037,0.011920999895664863
14,url,https://accounts.google.com/signin,legitimate,LEGITIMATE,0,4,,False,allow,True,6614.761186026,6614.76119764,0.011613999959081411
14,url,https://drive.crescentuniversity.edu.ng/resource/5,legitimate,LEGITIMATE,1,4,U4,False,allow,True,6614.761199731,6614.761211255,0.01152400000137277
14,url,https://portal.crescentuniversity.edu.ng/resource/6,legitimate,LEGITIMATE,1,4,U4,False,allow,True,6614.761213268,6614.761224706,0.011438000001362525
14,url,https://library.crescentuniversity.edu.ng/resource/7,legitimate,LEGITIMATE,1,4,U4,False,allow,True,6614.761226757,6614.761238257,0.011499999345687684
14,url,https://www.wikipedia.org/wiki/Security,legitimate,LEGITIMATE,0,4,,False,allow,True,6614.761240241,6614.761251594,0.011352999536029529
14,url,https://mail.crescentuniversity.edu.ng/resource/9,legitimate,LEGITIMATE,1,4,U4,False,allow,True,6614.761253623,6614.761265095,0.011472000551293604
14,url,https://registrar.crescentuniversity.edu.ng/resource/10,legitimate,LEGITIMATE,1,4,U4,False,allow,True,6614.761269199,6614.761281079,0.01187999987450894
14,url,https://bursary.crescentuniversity.edu.ng/resource/11,legitimate,LEGITIMATE,1,4,U4,False,allow,True,6614.761283102,6614.761294669,0.011567000001377892
14,url,https://zoom.us/signin,legitimate,LEGITIMATE,0,4,,False,allow,True,6614.761296682,6614.761307922,0.011240000276302453
14,url,https://hostel.crescentuniversity.edu.ng/resource/13,legitimate,LEGITIMATE,1,4,U4,False,allow,True,6614.761309912,6614.761321382,0.011469999662949704
14,url,https://registrar.crescentuniversity.edu.ng/resource/14,legitimate,LEGITIMATE,1,4,U4,False,allow,True,6614.761323589,6614.761335051,0.011461999747552909
14,url,https://mail.crescentuniversity.edu.ng/resource/15,legitimate,LEGITIMATE,1,4,U4,False,allow,True,6614.761337065,6614.761348512,0.01144700036093127
14,url,https://accounts.google.com/signin,legitimate,LEGITIMATE,0,4,,False,allow,True,6614.761350637,6614.761361921,0.011283999810984824
14,url,https://elearning.crescentuniversity.edu.ng/resource/17,legitimate,LEGITIMATE,1,4,U4,False,allow,True,6614.761364072,6614.76137554,0.011467999684100505
14,url,https://elearning.crescentuniversity.edu.ng/resource/18,legitimate,LEGITIMATE,1,4,U4,False,allow,True,6614.76137758,6614.761388949,0.01136900027631782
14,url,https://hostel.crescentuniversity.edu.ng/resource/19,legitimate,LEGITIMATE,1,4,U4,False,allow,True,6614.761390942,6614.761402437,0.011494999853312038
14,url,https://accounts.google.com/signin,legitimate,LEGITIMATE,0,4,,False,allow,True,6614.761406597,6614.761418167,0.011569999514904339
14,url,https://hostel.crescentuniversity.edu.ng/resource/21,legitimate,LEGITIMATE,1,4,U4,False,allow,True,6614.761420276,6614.761431787,0.011511000593600329
14,url,https://exams.crescentuniversity.edu.ng/resource/22,legitimate,LEGITIMATE,1,4,U4,False,allow,True,6614.761433801,6614.761445287,0.011486000403237995
14,url,https://registrar.crescentuniversity.edu.ng/resource/23,legitimate,LEGITIMATE,1,4,U4,False,allow,True,6614.761447268,6614.761458748,0.011480000466690399
14,url,https://www.wikipedia.org/wiki/Security,legitimate,LEGITIMATE,0,4,,False,allow,True,6614.761460741,6614.761472004,0.011263000487815589
14,url,https://drive.crescentuniversity.edu.ng/resource/25,legitimate,LEGITIMATE,1,4,U4,False,allow,True,6614.761474093,6614.761485512,0.011418999747547787
14,url,https://exams.crescentuniversity.edu.ng/resource/26,legitimate,LEGITIMATE,1,4,U4,False,allow,True,6614.761487497,6614.761498921,0.011423999239923432
14,url,https://library.crescentuniversity.edu.ng/resource/27,legitimate,LEGITIMATE,1,4,U4,False,allow,True,6614.7615014,6614.761512877,0.01147700004366925
14,url,https://www.microsoft.com/en-us/security,legitimate,LEGITIMATE,0,4,,False,allow,True,6614.761515032,6614.761526304,0.011271999937889632
14,url,https://exams.crescentuniversity.edu.ng/resource/29,legitimate,LEGITIMATE,1,4,U4,False,allow,True,6614.761528348,6614.7615402,0.011852000170620158
14,url,https://hostel.crescentuniversity.edu.ng/resource/30,legitimate,LEGITIMATE,1,4,U4,False,allow,True,6614.761544113,6614.76155603,0.011916999937966466
14,url,https://portal.crescentuniversity.edu.ng/resource/31,legitimate,LEGITIMATE,1,4,U4,False,allow,True,6614.761558114,6614.761569664,0.011549999726412352
14,url,https://zoom.us/signin,legitimate,LEGITIMATE,0,4,,False,allow,True,6614.761571665,6614.761582888,0.011223000001336914
14,url,https://drive.crescentuniversity.edu.ng/resource/33,legitimate,LEGITIMATE,1,4,U4,False,allow,True,6614.761585003,6614.761596508,0.011505000657052733
14,url,https://portal.crescentuniversity.edu.ng/resource/34,legitimate,LEGITIMATE,1,4,U4,False,allow,True,6614.761598635,6614.76161008,0.01144499947258737
14,url,https://exams.crescentuniversity.edu.ng/resource/35,legitimate,LEGITIMATE,1,4,U4,False,allow,True,6614.761612105,6614.761623644,0.01153900029748911
14,url,https://zoom.us/signin,legitimate,LEGITIMATE,0,4,,False,allow,True,6614.761627574,6614.76163907,0.011495999387989286
14,url,https://library.crescentuniversity.edu.ng/resource/37,legitimate,LEGITIMATE,1,4,U4,False,allow,True,6614.76164119,6614.761652763,0.011572999937925488
14,url,https://drive.crescentuniversity.edu.ng/resource/38,legitimate,LEGITIMATE,1,4,U4,False,allow,True,6614.761655004,6614.761666919,0.011914999959117267
14,url,https://registrar.crescentuniversity.edu.ng/resource/39,legitimate,LEGITIMATE,1,4,U4,False,allow,True,6614.761668997,6614.761680498,0.011500999789859634
14,url,https://accounts.google.com/signin,legitimate,LEGITIMATE,0,4,,False,allow,True,6614.761684634,6614.761696166,0.011531999916769564
14,landing_page,clean_baseline_portal.html,legitimate,LEGITIMATE,0,4,,False,allow,True,6614.761698329,6614.761706449,0.008119999620248564
14,landing_page,clean_variant_sso.html,legitimate,LEGITIMATE,0,4,,False,allow,True,6614.761708585,6614.76173387,0.025285000447183847
14,landing_page,phish_variant_cross_domain_post.html,phishing,PHISHING,4,4,L1,True,reject_submission,True,6614.761738123,6614.761749384,0.011260999599471688
14,landing_page,phish_variant_hidden_fields.html,phishing,PHISHING,7,4,L1;L2,True,reject_submission,True,6614.761752503,6614.761760543,0.008039999556785915
14,landing_page,gen_clean_001.html,legitimate,LEGITIMATE,0,4,,False,allow,True,6614.76176274,6614.761769418,0.006677999408566393
14,landing_page,gen_clean_002.html,legitimate,LEGITIMATE,0,4,,False,allow,True,6614.76177155,6614.76177795,0.006399999620043673
14,landing_page,gen_clean_003.html,legitimate,LEGITIMATE,0,4,,False,allow,True,6614.76177997,6614.761786262,0.006291999852692243
14,landing_page,gen_clean_004.html,legitimate,LEGITIMATE,0,4,,False,allow,True,6614.761788262,6614.761794536,0.006274000043049455
14,landing_page,gen_clean_005.html,legitimate,LEGITIMATE,0,4,,False,allow,True,6614.761796558,6614.761802743,0.006184999620018061
14,landing_page,gen_clean_006.html,legitimate,LEGITIMATE,0,4,,False,allow,True,6614.761809792,6614.761816602,0.006809999831602909
14,landing_page,gen_clean_007.html,legitimate,LEGITIMATE,0,4,,False,allow,True,6614.761820505,6614.761826997,0.006491999556601513
14,landing_page,gen_clean_008.html,legitimate,LEGITIMATE,0,4,,False,allow,True,6614.761829065,6614.761835391,0.006326000402623322
14,landing_page,gen_phish_001.html,phishing,PHISHING,7,4,L1;L2,True,reject_submission,True,6614.76183738,6614.761844451,0.007071000254654791
14,landing_page,gen_phish_002.html,phishing,PHISHING,4,4,L1,True,reject_submission,True,6614.76184655,6614.761853331,0.006780999683542177
14,landing_page,gen_phish_003.html,phishing,PHISHING,7,4,L1;L2,True,reject_submission,True,6614.761855386,6614.761862299,0.006913000106578693
14,landing_page,gen_phish_004.html,phishing,PHISHING,4,4,L1,True,reject_submission,True,6614.76186442,6614.76187134,0.006919999577803537
14,landing_page,gen_phish_005.html,phishing,PHISHING,7,4,L1;L2,True,reject_submission,True,6614.761873375,6614.761880161,0.006786000085412525
14,landing_page,gen_phish_006.html,phishing,PHISHING,4,4,L1,True,reject_submission,True,6614.761882508,6614.76188911,0.0066020002122968435
14,landing_page,gen_phish_007.html,phishing,PHISHING,7,4,L1;L2,True,reject_submission,True,6614.76189111,6614.761898059,0.006948999725864269
14,landing_page,gen_phish_008.html,phishing,PHISHING,4,4,L1,True,reject_submission,True,6614.761902017,6614.761908898,0.006881000444991514
15,email,gen_legit_016_ict.eml,legitimate,LEGITIMATE,0,4,,False,allow,True,6614.761914159,6614.761999737,0.08557799992559012
15,email,gen_legit_017_bursary.eml,legitimate,LEGITIMATE,0,4,,False,allow,True,6614.762002008,6614.762083238,0.08122999952320242
15,email,gen_legit_018_security.eml,legitimate,LEGITIMATE,0,4,,False,allow,True,6614.762085385,6614.762168161,0.08277599954453763
15,email,gen_legit_019_registrar.eml,legitimate,LEGITIMATE,0,4,,False,allow,True,6614.762171782,6614.762257764,0.08598200020060176
15,email,gen_legit_020_examsoffice.eml,legitimate,LEGITIMATE,0,4,,False,allow,True,6614.762259925,6614.762339511,0.07958600053825649
15,email,gen_legit_021_scholarship.eml,legitimate,LEGITIMATE,0,4,,False,allow,True,6614.762341719,6614.762414417,0.07269800062204013
15,email,gen_legit_022_hostel.eml,legitimate,LEGITIMATE,0,4,,False,allow,True,6614.762416779,6614.762491258,0.07447900043189293
15,email,gen_legit_023_vc.eml,legitimate,LEGITIMATE,0,4,,False,allow,True,6614.762493447,6614.762568157,0.07470999935321743
15,email,gen_legit_024_timetable.eml,legitimate,LEGITIMATE,0,4,,False,allow,True,6614.762570546,6614.762638816,0.06827000015618978
15,email,gen_legit_025_ictupdate.eml,legitimate,LEGITIMATE,0,4,,False,allow,True,6614.762643447,6614.762741887,0.09843999941949733
15,email,gen_legit_026_library.eml,legitimate,LEGITIMATE,0,4,,False,allow,True,6614.762744509,6614.762810494,0.0659850002193707
15,email,gen_legit_027_survey.eml,legitimate,LEGITIMATE,0,4,,False,allow,True,6614.762812529,6614.76288545,0.07292099962796783
15,email,gen_legit_028_convocation.eml,legitimate,LEGITIMATE,0,4,,False,allow,True,6614.762887465,6614.762962583,0.07511800049542217
15,email,gen_legit_029_sug.eml,legitimate,LEGITIMATE,0,4,,False,allow,True,6614.762964686,6614.763040112,0.07542600087617757
15,email,gen_legit_030_transcript.eml,legitimate,LEGITIMATE,0,4,,False,allow,True,6614.76304216,6614.763109196,0.06703600047330838
15,email,gen_legit_046_ict.eml,legitimate,LEGITIMATE,0,4,,False,allow,True,6614.763111165,6614.763189562,0.0783969999247347
15,email,gen_legit_047_bursary.eml,legitimate,LEGITIMATE,0,4,,False,allow,True,6614.763191616,6614.763266824,0.07520800045313081
15,email,gen_legit_048_security.eml,legitimate,LEGITIMATE,0,4,,False,allow,True,6614.763268926,6614.763347343,0.07841699971322669
15,email,gen_legit_049_registrar.eml,legitimate,LEGITIMATE,0,4,,False,allow,True,6614.763353338,6614.763436453,0.08311500005220296
15,email,gen_legit_050_examsoffice.eml,legitimate,LEGITIMATE,0,4,,False,allow,True,6614.763440809,6614.763516082,0.07527300022047712
15,email,gen_legit_051_scholarship.eml,legitimate,LEGITIMATE,0,4,,False,allow,True,6614.763518145,6614.763587765,0.06962000043131411
15,email,gen_legit_052_hostel.eml,legitimate,LEGITIMATE,0,4,,False,allow,True,6614.763589786,6614.763659058,0.06927199956408003
15,email,gen_legit_053_vc.eml,legitimate,LEGITIMATE,0,4,,False,allow,True,6614.763676555,6614.763795384,0.11882900071213953
15,email,gen_legit_054_timetable.eml,legitimate,LEGITIMATE,0,4,,False,allow,True,6614.763798356,6614.763867494,0.06913800007168902
15,email,gen_legit_055_ictupdate.eml,legitimate,LEGITIMATE,0,4,,False,allow,True,6614.763869608,6614.763938138,0.06853000013506971
15,email,gen_legit_056_library.eml,legitimate,LEGITIMATE,0,4,,False,allow,True,6614.763940781,6614.76400416,0.06337899958452908
15,email,gen_legit_057_survey.eml,legitimate,LEGITIMATE,0,4,,False,allow,True,6614.764006235,6614.764078522,0.07228699996630894
15,email,gen_legit_058_convocation.eml,legitimate,LEGITIMATE,0,4,,False,allow,True,6614.764080564,6614.764155879,0.07531499977631029
15,email,gen_legit_059_sug.eml,legitimate,LEGITIMATE,0,4,,False,allow,True,6614.764157922,6614.7642329,0.07497800015698886
15,email,gen_legit_060_transcript.eml,legitimate,LEGITIMATE,0,4,,False,allow,True,6614.764239937,6614.764307121,0.06718399981764378
15,email,gen_phish_001_ict.eml,phishing,PHISHING,5,4,E1;E2,True,warn_user,True,6614.764309197,6614.764372496,0.06329899952106643
15,email,gen_phish_002_bursary.eml,phishing,PHISHING,5,4,E1;E2,True,warn_user,True,6614.764375991,6614.764444485,0.06849400051578414
15,email,gen_phish_003_security.eml,phishing,PHISHING,5,4,E1;E2,True,warn_user,True,6614.764447916,6614.764509734,0.06181800017657224
15,email,gen_phish_004_registrar.eml,phishing,PHISHING,5,4,E1;E2,True,warn_user,True,6614.764513413,6614.76458572,0.07230699975480093
15,email,gen_phish_005_examsoffice.eml,phishing,PHISHING,7,4,E1;E2;E3,True,warn_user,True,6614.764588553,6614.764913183,0.3246300002501812
15,email,gen_phish_006_scholarship.eml,phishing,PHISHING,5,4,E1;E2,True,warn_user,True,6614.764918903,6614.764996281,0.07737800024187891
15,email,gen_phish_007_hostel.eml,phishing,PHISHING,5,4,E1;E2,True,warn_user,True,6614.764999607,6614.765104197,0.10458999986440176
15,email,gen_phish_008_vc.eml,phishing,PHISHING,5,4,E1;E2,True,warn_user,True,6614.765107756,6614.765170882,0.0631259999863687
15,email,gen_phish_009_timetable.eml,phishing,PHISHING,5,4,E1;E2,True,warn_user,True,6614.765174783,6614.765242226,0.06744300026184646
15,email,gen_phish_010_ictupdate.eml,phishing,PHISHING,7,4,E1;E2;E3,True,warn_user,True,6614.765267238,6614.765337736,0.07049800024105934
15,email,gen_phish_011_library.eml,phishing,PHISHING,5,4,E1;E2,True,warn_user,True,6614.765341465,6614.765429572,0.08810700001049554
15,email,gen_phish_012_survey.eml,phishing,PHISHING,5,4,E1;E2,True,warn_user,True,6614.76543457,6614.765527091,0.0925209997149068
15,email,gen_phish_013_convocation.eml,phishing,PHISHING,5,4,E1;E2,True,warn_user,True,6614.765531314,6614.765742418,0.21110399939061608
15,email,gen_phish_014_sug.eml,phishing,PHISHING,5,4,E1;E2,True,warn_user,True,6614.765751391,6614.765834719,0.08332800007337937
15,email,gen_phish_015_transcript.eml,phishing,PHISHING,7,4,E1;E2;E3,True,warn_user,True,6614.765837551,6614.765889905,0.05235400021774694
15,email,gen_phish_031_ict.eml,phishing,PHISHING,5,4,E1;E2,True,warn_user,True,6614.765892135,6614.765949807,0.05767199945694301
15,email,gen_phish_032_bursary.eml,phishing,PHISHING,5,4,E1;E2,True,warn_user,True,6614.765951991,6614.766001368,0.04937699941365281
15,email,gen_phish_033_security.eml,phishing,PHISHING,5,4,E1;E2,True,warn_user,True,6614.766003807,6614.766053809,0.05000200053473236
15,email,gen_phish_034_registrar.eml,phishing,PHISHING,5,4,E1;E2,True,warn_user,True,6614.766056129,6614.766135348,0.07921899941720767
15,email,gen_phish_035_examsoffice.eml,phishing,PHISHING,7,4,E1;E2;E3,True,warn_user,True,6614.766154174,6614.766256461,0.1022870001179399
15,email,gen_phish_036_scholarship.eml,phishing,PHISHING,5,4,E1;E2,True,warn_user,True,6614.766259213,6614.766314202,0.054989000091154594
15,email,gen_phish_037_hostel.eml,phishing,PHISHING,5,4,E1;E2,True,warn_user,True,6614.766316487,6614.7663713,0.05481300013343571
15,email,gen_phish_038_vc.eml,phishing,PHISHING,5,4,E1;E2,True,warn_user,True,6614.766373614,6614.766426174,0.05255999985820381
15,email,gen_phish_039_timetable.eml,phishing,PHISHING,5,4,E1;E2,True,warn_user,True,6614.766429187,6614.766500519,0.07133200051612221
15,email,gen_phish_040_ictupdate.eml,phishing,PHISHING,7,4,E1;E2;E3,True,warn_user,True,6614.766502944,6614.766700237,0.19729299947357504
15,email,gen_phish_041_library.eml,phishing,PHISHING,5,4,E1;E2,True,warn_user,True,6614.76670641,6614.766768946,0.06253600076888688
15,email,gen_phish_042_survey.eml,phishing,PHISHING,5,4,E1;E2,True,warn_user,True,6614.766771152,6614.766863414,0.09226200018019881
15,email,gen_phish_043_convocation.eml,phishing,PHISHING,5,4,E1;E2,True,warn_user,True,6614.766865786,6614.766921391,0.055604999943170696
15,email,gen_phish_044_sug.eml,phishing,PHISHING,5,4,E1;E2,True,warn_user,True,6614.766923764,6614.766964806,0.041041999793378636
15,email,gen_phish_045_transcript.eml,phishing,PHISHING,7,4,E1;E2;E3,True,warn_user,True,6614.76697766,6614.767031789,0.05412900009105215
15,url,http://crescentuniversity.edu.ng@crescentuni-verify-1.tk/reset,phishing,PHISHING,9,4,U2;U3;U5;U6,True,block_redirect,True,6614.767034163,6614.767054118,0.019954999515903182
15,url,http://portal-crescentuni.cf/account,phishing,PHISHING,6,4,U3;U5;U6,True,block_redirect,True,6614.767056668,6614.767068369,0.011701000403263606
15,url,https://crescent-uni-portal.xyz/docs/view?id=3,phishing,PHISHING,5,4,U3;U6,True,block_redirect,True,6614.76707089,6614.767082475,0.011585000720515382
15,url,http://login.secure.crescent-id.cf/verify,phishing,PHISHING,7,4,U3;U4;U5;U6,True,block_redirect,True,6614.76708482,6614.767096776,0.011955999980273191
15,url,http://203.0.113.104:8443/verify,phishing,PHISHING,4,4,U1;U5,True,block_redirect,True,6614.767099005,6614.767112444,0.013439000213111285
15,url,http://198.51.100.235/login/verify?id=6,phishing,PHISHING,4,4,U1;U5,True,block_redirect,True,6614.767115095,6614.767127935,0.01283999972656602
15,url,http://crescentuniversity.edu.ng@crescent-uni-verify-7.tk/reset,phishing,PHISHING,9,4,U2;U3;U5;U6,True,block_redirect,True,6614.767130031,6614.76714092,0.010888999895541929
15,url,http://verify-crescent-uni-verify.work/account,phishing,PHISHING,6,4,U3;U5;U6,True,block_redirect,True,6614.767143126,6614.767155016,0.011890000678249635
15,url,https://crescentuni-portal.work/docs/view?id=9,phishing,PHISHING,5,4,U3;U6,True,block_redirect,True,6614.767157258,6614.767169061,0.011802999324572738
15,url,http://login.secure.crescent-id.gq/verify,phishing,PHISHING,7,4,U3;U4;U5;U6,True,block_redirect,True,6614.767173203,6614.76718526,0.012056999366905075
15,url,http://198.51.100.192:9090/verify,phishing,PHISHING,4,4,U1;U5,True,block_redirect,True,6614.767187728,6614.7672003,0.012571999832289293
15,url,http://203.0.113.193/login/verify?id=12,phishing,PHISHING,4,4,U1;U5,True,block_redirect,True,6614.7672024,6614.767214632,0.012231999789946713
15,url,http://crescentuniversity.edu.ng@crescent-uni-verify-13.tk/reset,phishing,PHISHING,9,4,U2;U3;U5;U6,True,block_redirect,True,6614.76721669,6614.767227484,0.01079399953596294
15,url,http://id-crescentuni-secure.xyz/account,phishing,PHISHING,6,4,U3;U5;U6,True,block_redirect,True,6614.76722959,6614.767241242,0.011651999557216186
15,url,https://crescent-portal.ga/docs/view?id=15,phishing,PHISHING,5,4,U3;U6,True,block_redirect,True,6614.767243388,6614.767254201,0.010812999789777678
15,url,http://login.secure.crescent-uni-id.work/verify,phishing,PHISHING,7,4,U3;U4;U5;U6,True,block_redirect,True,6614.767256303,6614.767268798,0.012495000191847794
15,url,http://198.51.100.222:8080/verify,phishing,PHISHING,4,4,U1;U5,True,block_redirect,True,6614.767270902,6614.767283333,0.012430999959178735
15,url,http://198.51.100.204/login/verify?id=18,phishing,PHISHING,4,4,U1;U5,True,block_redirect,True,6614.767285945,6614.7672982,0.012255000001459848
15,url,http://crescentuniversity.edu.ng@crescent-uni-verify-19.tk/reset,phishing,PHISHING,9,4,U2;U3;U5;U6,True,block_redirect,True,6614.767300316,6614.767311045,0.010728999768616632
15,url,http://id-crescentuni-login.top/account,phishing,PHISHING,6,4,U3;U5;U6,True,block_redirect,True,6614.767319812,6614.767332327,0.01251499998033978
15,url,https://crescentuni-portal.work/docs/view?id=21,phishing,PHISHING,5,4,U3;U6,True,block_redirect,True,6614.767334492,6614.767346521,0.012028999663016293
15,url,http://login.secure.crescent-uni-id.gq/verify,phishing,PHISHING,7,4,U3;U4;U5;U6,True,block_redirect,True,6614.767348626,6614.767360383,0.011756999811041169
15,url,http://198.51.100.176:9090/verify,phishing,PHISHING,4,4,U1;U5,True,block_redirect,True,6614.767362554,6614.767375061,0.012507000064942986
15,url,http://203.0.113.198/login/verify?id=24,phishing,PHISHING,4,4,U1;U5,True,block_redirect,True,6614.767377154,6614.767389422,0.012267999409232289
15,url,http://crescentuniversity.edu.ng@crescent-uni-verify-25.tk/reset,phishing,PHISHING,9,4,U2;U3;U5;U6,True,block_redirect,True,6614.767391527,6614.767402262,0.01073500061465893
15,url,http://secure-crescentuni-portal.top/account,phishing,PHISHING,6,4,U3;U5;U6,True,block_redirect,True,6614.767404386,6614.767416105,0.011719000212906394
15,url,https://crescent-portal.work/docs/view?id=27,phishing,PHISHING,5,4,U3;U6,True,block_redirect,True,6614.767418219,6614.767429771,0.01155199970526155
15,url,http://login.secure.crescent-id.gq/verify,phishing,PHISHING,7,4,U3;U4;U5;U6,True,block_redirect,True,6614.767431856,6614.767443469,0.011612999514909461
15,url,http://198.51.100.131:8080/verify,phishing,PHISHING,4,4,U1;U5,True,block_redirect,True,6614.767445685,6614.767458044,0.01235899981111288
15,url,http://203.0.113.217/login/verify?id=30,phishing,PHISHING,4,4,U1;U5,True,block_redirect,True,6614.767462227,6614.767474857,0.012630000128410757
15,url,http://crescentuniversity.edu.ng@crescent-uni-verify-31.tk/reset,phishing,PHISHING,9,4,U2;U3;U5;U6,True,block_redirect,True,6614.767476983,6614.767487892,0.010908999684033915
15,url,http://id-crescent-uni-verify.ga/account,phishing,PHISHING,6,4,U3;U5;U6,True,block_redirect,True,6614.767490012,6614.767500903,0.010890999874391127
15,url,https://crescentuni-portal.ga/docs/view?id=33,phishing,PHISHING,5,4,U3;U6,True,block_redirect,True,6614.767503034,6614.767513698,0.010664000001270324
15,url,http://login.secure.crescent-uni-id.tk/verify,phishing,PHISHING,7,4,U3;U4;U5;U6,True,block_redirect,True,6614.767515998,6614.767527056,0.01105800038203597
15,url,http://203.0.113.127:8080/verify,phishing,PHISHING,4,4,U1;U5,True,block_redirect,True,6614.767529494,6614.767544907,0.015413000255648512
15,url,http://203.0.113.226/login/verify?id=36,phishing,PHISHING,4,4,U1;U5,True,block_redirect,True,6614.767547171,6614.767559819,0.012647999938053545
15,url,http://crescentuniversity.edu.ng@crescentuni-verify-37.tk/reset,phishing,PHISHING,9,4,U2;U3;U5;U6,True,block_redirect,True,6614.767561933,6614.767672698,0.11076499959017383
15,url,http://secure-crescent-verify.ml/account,phishing,PHISHING,6,4,U3;U5;U6,True,block_redirect,True,6614.76768377,6614.767704913,0.021142999685253017
15,url,https://crescent-portal.work/docs/view?id=39,phishing,PHISHING,5,4,U3;U6,True,block_redirect,True,6614.767707472,6614.767721209,0.013736999790125992
15,url,http://login.secure.crescent-id.ga/verify,phishing,PHISHING,7,4,U3;U4;U5;U6,True,block_redirect,True,6614.767735168,6614.767749215,0.014046999240235891
15,url,http://203.0.113.244:9090/verify,phishing,PHISHING,4,4,U1;U5,True,block_redirect,True,6614.767752426,6614.76776841,0.015984000128810294
15,url,http://203.0.113.137/login/verify?id=42,phishing,PHISHING,4,4,U1;U5,True,block_redirect,True,6614.767771093,6614.767785861,0.014768000255571678
15,url,http://crescentuniversity.edu.ng@crescent-uni-verify-43.tk/reset,phishing,PHISHING,9,4,U2;U3;U5;U6,True,block_redirect,True,6614.7677885,6614.767801802,0.013301999388204422
15,url,http://login-crescentuni-alerts.cf/account,phishing,PHISHING,6,4,U3;U5;U6,True,block_redirect,True,6614.76780827,6614.767822125,0.013854999451723415
15,url,https://crescent-uni-portal.gq/docs/view?id=45,phishing,PHISHING,5,4,U3;U6,True,block_redirect,True,6614.76782481,6614.767838509,0.013699000191991217
15,url,http://login.secure.crescentuni-id.xyz/verify,phishing,PHISHING,7,4,U3;U4;U5;U6,True,block_redirect,True,6614.767841135,6614.767855236,0.014101000488153659
15,url,http://203.0.113.32:8080/verify,phishing,PHISHING,4,4,U1;U5,True,block_redirect,True,6614.767857934,6614.767873763,0.015829000403755344
15,url,http://198.51.100.88/login/verify?id=48,phishing,PHISHING,4,4,U1;U5,True,block_redirect,True,6614.767876321,6614.767891498,0.015177000022958964
15,url,http://crescentuniversity.edu.ng@crescent-verify-49.tk/reset,phishing,PHISHING,9,4,U2;U3;U5;U6,True,block_redirect,True,6614.767894021,6614.767907354,0.013333000424609054
15,url,http://id-crescent-uni-verify.cf/account,phishing,PHISHING,6,4,U3;U5;U6,True,block_redirect,True,6614.767914373,6614.7679282,0.013826999747834634
15,url,https://portal.crescentuniversity.edu.ng/resource/1,legitimate,LEGITIMATE,1,4,U4,False,allow,True,6614.76793082,6614.76794823,0.017409999600204173
15,url,https://drive.crescentuniversity.edu.ng/resource/2,legitimate,LEGITIMATE,1,4,U4,False,allow,True,6614.767950859,6614.767966209,0.015350000467151403
15,url,https://portal.crescentuniversity.edu.ng/resource/3,legitimate,LEGITIMATE,1,4,U4,False,allow,True,6614.76796901,6614.767983276,0.014266000107454602
15,url,https://accounts.google.com/signin,legitimate,LEGITIMATE,0,4,,False,allow,True,6614.767985708,6614.76800001,0.014301999726740178
15,url,https://drive.crescentuniversity.edu.ng/resource/5,legitimate,LEGITIMATE,1,4,U4,False,allow,True,6614.768002818,6614.768016779,0.013961000149720348
15,url,https://portal.crescentuniversity.edu.ng/resource/6,legitimate,LEGITIMATE,1,4,U4,False,allow,True,6614.768019663,6614.768034268,0.014604999705625232
15,url,https://library.crescentuniversity.edu.ng/resource/7,legitimate,LEGITIMATE,1,4,U4,False,allow,True,6614.768037162,6614.768051113,0.013951000255474355
15,url,https://www.wikipedia.org/wiki/Security,legitimate,LEGITIMATE,0,4,,False,allow,True,6614.768053701,6614.768069464,0.015763000192237087
15,url,https://mail.crescentuniversity.edu.ng/resource/9,legitimate,LEGITIMATE,1,4,U4,False,allow,True,6614.76807205,6614.768087077,0.01502699979027966
15,url,https://registrar.crescentuniversity.edu.ng/resource/10,legitimate,LEGITIMATE,1,4,U4,False,allow,True,6614.768094219,6614.768109124,0.01490500017098384
15,url,https://bursary.crescentuniversity.edu.ng/resource/11,legitimate,LEGITIMATE,1,4,U4,False,allow,True,6614.76811183,6614.768126831,0.015001000065240078
15,url,https://zoom.us/signin,legitimate,LEGITIMATE,0,4,,False,allow,True,6614.76812921,6614.768143293,0.01408300067851087
15,url,https://hostel.crescentuniversity.edu.ng/resource/13,legitimate,LEGITIMATE,1,4,U4,False,allow,True,6614.768145992,6614.768159678,0.013685999874724075
15,url,https://registrar.crescentuniversity.edu.ng/resource/14,legitimate,LEGITIMATE,1,4,U4,False,allow,True,6614.768162147,6614.768175702,0.01355499989585951
15,url,https://mail.crescentuniversity.edu.ng/resource/15,legitimate,LEGITIMATE,1,4,U4,False,allow,True,6614.768178124,6614.768193251,0.015127000551728997
15,url,https://accounts.google.com/signin,legitimate,LEGITIMATE,0,4,,False,allow,True,6614.768195892,6614.76821111,0.015218000044114888
15,url,https://elearning.crescentuniversity.edu.ng/resource/17,legitimate,LEGITIMATE,1,4,U4,False,allow,True,6614.76821403,6614.768227703,0.013672999557456933
15,url,https://elearning.crescentuniversity.edu.ng/resource/18,legitimate,LEGITIMATE,1,4,U4,False,allow,True,6614.768230152,6614.768243907,0.013755000509263482
15,url,https://hostel.crescentuniversity.edu.ng/resource/19,legitimate,LEGITIMATE,1,4,U4,False,allow,True,6614.768246256,6614.768259914,0.013658000170835294
15,url,https://accounts.google.com/signin,legitimate,LEGITIMATE,0,4,,False,allow,True,6614.768268084,6614.768283938,0.01585400059411768
15,url,https://hostel.crescentuniversity.edu.ng/resource/21,legitimate,LEGITIMATE,1,4,U4,False,allow,True,6614.768286562,6614.768302036,0.015474000065296423
15,url,https://exams.crescentuniversity.edu.ng/resource/22,legitimate,LEGITIMATE,1,4,U4,False,allow,True,6614.768304685,6614.768319405,0.014719999853696208
15,url,https://registrar.crescentuniversity.edu.ng/resource/23,legitimate,LEGITIMATE,1,4,U4,False,allow,True,6614.768322204,6614.768336671,0.014467000255535822
15,url,https://www.wikipedia.org/wiki/Security,legitimate,LEGITIMATE,0,4,,False,allow,True,6614.76833925,6614.76835406,0.01480999981140485
15,url,https://drive.crescentuniversity.edu.ng/resource/25,legitimate,LEGITIMATE,1,4,U4,False,allow,True,6614.768356715,6614.76837173,0.015014999917184468
15,url,https://exams.crescentuniversity.edu.ng/resource/26,legitimate,LEGITIMATE,1,4,U4,False,allow,True,6614.768374251,6614.768388551,0.014299999747890979
15,url,https://library.crescentuniversity.edu.ng/resource/27,legitimate,LEGITIMATE,1,4,U4,False,allow,True,6614.768391771,6614.768406512,0.014741000086360145
15,url,https://www.microsoft.com/en-us/security,legitimate,LEGITIMATE,0,4,,False,allow,True,6614.768409099,6614.768423613,0.014514000213239342
15,url,https://exams.crescentuniversity.edu.ng/resource/29,legitimate,LEGITIMATE,1,4,U4,False,allow,True,6614.76842644,6614.768441362,0.014921999536454678
15,url,https://hostel.crescentuniversity.edu.ng/resource/30,legitimate,LEGITIMATE,1,4,U4,False,allow,True,6614.768444103,6614.768465407,0.021304000256350264
15,url,https://portal.crescentuniversity.edu.ng/resource/31,legitimate,LEGITIMATE,1,4,U4,False,allow,True,6614.768468355,6614.768482729,0.014374000784300733
15,url,https://zoom.us/signin,legitimate,LEGITIMATE,0,4,,False,allow,True,6614.768485423,6614.768499877,0.01445399993826868
15,url,https://drive.crescentuniversity.edu.ng/resource/33,legitimate,LEGITIMATE,1,4,U4,False,allow,True,6614.768502595,6614.768518467,0.015871999494265765
15,url,https://portal.crescentuniversity.edu.ng/resource/34,legitimate,LEGITIMATE,1,4,U4,False,allow,True,6614.768521722,6614.768537952,0.016230000255745836
15,url,https://exams.crescentuniversity.edu.ng/resource/35,legitimate,LEGITIMATE,1,4,U4,False,allow,True,6614.768540576,6614.768600371,0.059794999287987594
15,url,https://zoom.us/signin,legitimate,LEGITIMATE,0,4,,False,allow,True,6614.768675875,6614.768696009,0.02013400080613792
15,url,https://library.crescentuniversity.edu.ng/resource/37,legitimate,LEGITIMATE,1,4,U4,False,allow,True,6614.768699152,6614.768713578,0.014425999324885197
15,url,https://drive.crescentuniversity.edu.ng/resource/38,legitimate,LEGITIMATE,1,4,U4,False,allow,True,6614.768716987,6614.768730968,0.013981000847707037
15,url,https://registrar.crescentuniversity.edu.ng/resource/39,legitimate,LEGITIMATE,1,4,U4,False,allow,True,6614.768733476,6614.768752732,0.019256000086897984
15,url,https://accounts.google.com/signin,legitimate,LEGITIMATE,0,4,,False,allow,True,6614.768758829,6614.768773448,0.014618999557569623
15,landing_page,clean_baseline_portal.html,legitimate,LEGITIMATE,0,4,,False,allow,True,6614.768776533,6614.768788393,0.011860000086016953
15,landing_page,clean_variant_sso.html,legitimate,LEGITIMATE,0,4,,False,allow,True,6614.768791441,6614.76879992,0.008478999916405883
15,landing_page,phish_variant_cross_domain_post.html,phishing,PHISHING,4,4,L1,True,reject_submission,True,6614.768802615,6614.768811158,0.008543000149074942
15,landing_page,phish_variant_hidden_fields.html,phishing,PHISHING,7,4,L1;L2,True,reject_submission,True,6614.768813739,6614.768822396,0.00865700076246867
15,landing_page,gen_clean_001.html,legitimate,LEGITIMATE,0,4,,False,allow,True,6614.768825587,6614.768834515,0.008928000170271844
15,landing_page,gen_clean_002.html,legitimate,LEGITIMATE,0,4,,False,allow,True,6614.768837078,6614.768849005,0.011927000741707161
15,landing_page,gen_clean_003.html,legitimate,LEGITIMATE,0,4,,False,allow,True,6614.768854355,6614.768866384,0.012028999663016293
15,landing_page,gen_clean_004.html,legitimate,LEGITIMATE,0,4,,False,allow,True,6614.768868957,6614.768876042,0.00708499919710448
15,landing_page,gen_clean_005.html,legitimate,LEGITIMATE,0,4,,False,allow,True,6614.768878061,6614.76888849,0.010429000212752726
15,landing_page,gen_clean_006.html,legitimate,LEGITIMATE,0,4,,False,allow,True,6614.76889709,6614.76890584,0.008750000233703759
15,landing_page,gen_clean_007.html,legitimate,LEGITIMATE,0,4,,False,allow,True,6614.768908253,6614.768916037,0.007784000445099082
15,landing_page,gen_clean_008.html,legitimate,LEGITIMATE,0,4,,False,allow,True,6614.768919028,6614.768926668,0.007640000148967374
15,landing_page,gen_phish_001.html,phishing,PHISHING,7,4,L1;L2,True,reject_submission,True,6614.768929237,6614.76894339,0.014152999938232824
15,landing_page,gen_phish_002.html,phishing,PHISHING,4,4,L1,True,reject_submission,True,6614.768946874,6614.768956756,0.009882000085781328
15,landing_page,gen_phish_003.html,phishing,PHISHING,7,4,L1;L2,True,reject_submission,True,6614.768959488,6614.768969088,0.009599999430065509
15,landing_page,gen_phish_004.html,phishing,PHISHING,4,4,L1,True,reject_submission,True,6614.768972112,6614.768980993,0.008881000212568324
15,landing_page,gen_phish_005.html,phishing,PHISHING,7,4,L1;L2,True,reject_submission,True,6614.768983487,6614.768992283,0.00879600065673003
15,landing_page,gen_phish_006.html,phishing,PHISHING,4,4,L1,True,reject_submission,True,6614.768994987,6614.769004219,0.009231999683834147
15,landing_page,gen_phish_007.html,phishing,PHISHING,7,4,L1;L2,True,reject_submission,True,6614.769007084,6614.769016064,0.00898000052984571
15,landing_page,gen_phish_008.html,phishing,PHISHING,4,4,L1,True,reject_submission,True,6614.769023523,6614.76903377,0.010246999408991542
16,email,gen_legit_016_ict.eml,legitimate,LEGITIMATE,0,4,,False,allow,True,6614.769042525,6614.769155443,0.11291800001345109
16,email,gen_legit_017_bursary.eml,legitimate,LEGITIMATE,0,4,,False,allow,True,6614.769158818,6614.769249375,0.09055700047611026
16,email,gen_legit_018_security.eml,legitimate,LEGITIMATE,0,4,,False,allow,True,6614.769252245,6614.769350967,0.09872200007521315
16,email,gen_legit_019_registrar.eml,legitimate,LEGITIMATE,0,4,,False,allow,True,6614.769353675,6614.769439407,0.08573200011596782
16,email,gen_legit_020_examsoffice.eml,legitimate,LEGITIMATE,0,4,,False,allow,True,6614.769441489,6614.769618055,0.17656599993642885
16,email,gen_legit_021_scholarship.eml,legitimate,LEGITIMATE,0,4,,False,allow,True,6614.769621947,6614.769697813,0.07586599986098008
16,email,gen_legit_022_hostel.eml,legitimate,LEGITIMATE,0,4,,False,allow,True,6614.769700169,6614.769770551,0.07038199964881642
16,email,gen_legit_023_vc.eml,legitimate,LEGITIMATE,0,4,,False,allow,True,6614.769772747,6614.769844713,0.0719659992682864
16,email,gen_legit_024_timetable.eml,legitimate,LEGITIMATE,0,4,,False,allow,True,6614.769846941,6614.769912771,0.06583000049431575
16,email,gen_legit_025_ictupdate.eml,legitimate,LEGITIMATE,0,4,,False,allow,True,6614.769925583,6614.769997149,0.07156599986046785
16,email,gen_legit_026_library.eml,legitimate,LEGITIMATE,0,4,,False,allow,True,6614.769999491,6614.770065032,0.06554100036737509
16,email,gen_legit_027_survey.eml,legitimate,LEGITIMATE,0,4,,False,allow,True,6614.77006712,6614.77014219,0.0750700000935467
16,email,gen_legit_028_convocation.eml,legitimate,LEGITIMATE,0,4,,False,allow,True,6614.770144421,6614.770222177,0.07775599988235626
16,email,gen_legit_029_sug.eml,legitimate,LEGITIMATE,0,4,,False,allow,True,6614.770224361,6614.770302322,0.07796099998813588
16,email,gen_legit_030_transcript.eml,legitimate,LEGITIMATE,0,4,,False,allow,True,6614.770304537,6614.770381883,0.07734599967079703
16,email,gen_legit_046_ict.eml,legitimate,LEGITIMATE,0,4,,False,allow,True,6614.770384902,6614.77050668,0.12177799999335548
16,email,gen_legit_047_bursary.eml,legitimate,LEGITIMATE,0,4,,False,allow,True,6614.770510517,6614.770638954,0.12843700005760184
16,email,gen_legit_048_security.eml,legitimate,LEGITIMATE,0,4,,False,allow,True,6614.770642194,6614.770721536,0.07934199948067544
16,email,gen_legit_049_registrar.eml,legitimate,LEGITIMATE,0,4,,False,allow,True,6614.77073332,6614.770818543,0.0852230004966259
16,email,gen_legit_050_examsoffice.eml,legitimate,LEGITIMATE,0,4,,False,allow,True,6614.770823315,6614.770899955,0.07663999986107228
16,email,gen_legit_051_scholarship.eml,legitimate,LEGITIMATE,0,4,,False,allow,True,6614.770902149,6614.770981851,0.07970200022100471
16,email,gen_legit_052_hostel.eml,legitimate,LEGITIMATE,0,4,,False,allow,True,6614.770984523,6614.771060954,0.07643099979759427
16,email,gen_legit_053_vc.eml,legitimate,LEGITIMATE,0,4,,False,allow,True,6614.771063271,6614.771137449,0.07417800043185707
16,email,gen_legit_054_timetable.eml,legitimate,LEGITIMATE,0,4,,False,allow,True,6614.771139802,6614.771225871,0.08606899973528925
16,email,gen_legit_055_ictupdate.eml,legitimate,LEGITIMATE,0,4,,False,allow,True,6614.77122886,6614.771304147,0.0752870000724215
16,email,gen_legit_056_library.eml,legitimate,LEGITIMATE,0,4,,False,allow,True,6614.771306689,6614.771384572,0.07788299990352243
16,email,gen_legit_057_survey.eml,legitimate,LEGITIMATE,0,4,,False,allow,True,6614.771387765,6614.771603232,0.21546700008912012
16,email,gen_legit_058_convocation.eml,legitimate,LEGITIMATE,0,4,,False,allow,True,6614.771609216,6614.771708623,0.09940700056176865
16,email,gen_legit_059_sug.eml,legitimate,LEGITIMATE,0,4,,False,allow,True,6614.771711578,6614.771812663,0.10108500009664567
16,email,gen_legit_060_transcript.eml,legitimate,LEGITIMATE,0,4,,False,allow,True,6614.771839602,6614.771926006,0.08640400028525619
16,email,gen_phish_001_ict.eml,phishing,PHISHING,5,4,E1;E2,True,warn_user,True,6614.77192955,6614.772004324,0.07477399958588649
16,email,gen_phish_002_bursary.eml,phishing,PHISHING,5,4,E1;E2,True,warn_user,True,6614.772008714,6614.772068113,0.05939900074736215
16,email,gen_phish_003_security.eml,phishing,PHISHING,5,4,E1;E2,True,warn_user,True,6614.772071158,6614.772123075,0.051917000746470876
16,email,gen_phish_004_registrar.eml,phishing,PHISHING,5,4,E1;E2,True,warn_user,True,6614.772125692,6614.772187133,0.061441000070772134
16,email,gen_phish_005_examsoffice.eml,phishing,PHISHING,7,4,E1;E2;E3,True,warn_user,True,6614.772189437,6614.772242978,0.05354099994292483
16,email,gen_phish_006_scholarship.eml,phishing,PHISHING,5,4,E1;E2,True,warn_user,True,6614.772245209,6614.772300212,0.055002999943098985
16,email,gen_phish_007_hostel.eml,phishing,PHISHING,5,4,E1;E2,True,warn_user,True,6614.772305256,6614.772566174,0.26091799918503966
16,email,gen_phish_008_vc.eml,phishing,PHISHING,5,4,E1;E2,True,warn_user,True,6614.772577434,6614.772674086,0.09665200013841968
16,email,gen_phish_009_timetable.eml,phishing,PHISHING,5,4,E1;E2,True,warn_user,True,6614.772681073,6614.772763275,0.0822020001578494
16,email,gen_phish_010_ictupdate.eml,phishing,PHISHING,7,4,E1;E2;E3,True,warn_user,True,6614.772787723,6614.772865392,0.07766900034766877
16,email,gen_phish_011_library.eml,phishing,PHISHING,5,4,E1;E2,True,warn_user,True,6614.772871481,6614.772984009,0.11252799959038384
16,email,gen_phish_012_survey.eml,phishing,PHISHING,5,4,E1;E2,True,warn_user,True,6614.772997848,6614.773076225,0.07837700013624271
16,email,gen_phish_013_convocation.eml,phishing,PHISHING,5,4,E1;E2,True,warn_user,True,6614.773080383,6614.773157018,0.07663500036869664
16,email,gen_phish_014_sug.eml,phishing,PHISHING,5,4,E1;E2,True,warn_user,True,6614.773161447,6614.773218926,0.05747899922425859
16,email,gen_phish_015_transcript.eml,phishing,PHISHING,7,4,E1;E2;E3,True,warn_user,True,6614.773222326,6614.77328837,0.06604400005016942
16,email,gen_phish_031_ict.eml,phishing,PHISHING,5,4,E1;E2,True,warn_user,True,6614.773292575,6614.773367406,0.0748310003473307
16,email,gen_phish_032_bursary.eml,phishing,PHISHING,5,4,E1;E2,True,warn_user,True,6614.773371586,6614.773550775,0.1791889999367413
16,email,gen_phish_033_security.eml,phishing,PHISHING,5,4,E1;E2,True,warn_user,True,6614.773556801,6614.773629626,0.07282499973371159
16,email,gen_phish_034_registrar.eml,phishing,PHISHING,5,4,E1;E2,True,warn_user,True,6614.773632871,6614.773727782,0.09491099990555085
16,email,gen_phish_035_examsoffice.eml,phishing,PHISHING,7,4,E1;E2;E3,True,warn_user,True,6614.773746714,6614.773868356,0.12164200052211527
16,email,gen_phish_036_scholarship.eml,phishing,PHISHING,5,4,E1;E2,True,warn_user,True,6614.773872825,6614.773939094,0.06626899994444102
16,email,gen_phish_037_hostel.eml,phishing,PHISHING,5,4,E1;E2,True,warn_user,True,6614.773941833,6614.773998369,0.056535999647167046
16,email,gen_phish_038_vc.eml,phishing,PHISHING,5,4,E1;E2,True,warn_user,True,6614.774001437,6614.774071892,0.07045500024105422
16,email,gen_phish_039_timetable.eml,phishing,PHISHING,5,4,E1;E2,True,warn_user,True,6614.774076219,6614.774148047,0.07182800072769169
16,email,gen_phish_040_ictupdate.eml,phishing,PHISHING,7,4,E1;E2;E3,True,warn_user,True,6614.774152311,6614.774224149,0.07183799971244298
16,email,gen_phish_041_library.eml,phishing,PHISHING,5,4,E1;E2,True,warn_user,True,6614.774227021,6614.774283568,0.05654699998558499
16,email,gen_phish_042_survey.eml,phishing,PHISHING,5,4,E1;E2,True,warn_user,True,6614.774286916,6614.774540576,0.25365999954374274
16,email,gen_phish_043_convocation.eml,phishing,PHISHING,5,4,E1;E2,True,warn_user,True,6614.774545953,6614.774610494,0.06454100002883933
16,email,gen_phish_044_sug.eml,phishing,PHISHING,5,4,E1;E2,True,warn_user,True,6614.774612816,6614.774653754,0.040937999983725604
16,email,gen_phish_045_transcript.eml,phishing,PHISHING,7,4,E1;E2;E3,True,warn_user,True,6614.774674894,6614.774749545,0.07465100043191342
16,url,http://crescentuniversity.edu.ng@crescentuni-verify-1.tk/reset,phishing,PHISHING,9,4,U2;U3;U5;U6,True,block_redirect,True,6614.774753866,6614.774789856,0.035990000469610095
16,url,http://portal-crescentuni.cf/account,phishing,PHISHING,6,4,U3;U5;U6,True,block_redirect,True,6614.774794263,6614.774813332,0.019068999790761154
16,url,https://crescent-uni-portal.xyz/docs/view?id=3,phishing,PHISHING,5,4,U3;U6,True,block_redirect,True,6614.77481725,6614.774833951,0.016701000276952982
16,url,http://login.secure.crescent-id.cf/verify,phishing,PHISHING,7,4,U3;U4;U5;U6,True,block_redirect,True,6614.774837473,6614.774856691,0.01921800048876321
16,url,http://203.0.113.104:8443/verify,phishing,PHISHING,4,4,U1;U5,True,block_redirect,True,6614.774860221,6614.774880142,0.019920999875466805
16,url,http://198.51.100.235/login/verify?id=6,phishing,PHISHING,4,4,U1;U5,True,block_redirect,True,6614.774884354,6614.774906879,0.022524999621964525
16,url,http://crescentuniversity.edu.ng@crescent-uni-verify-7.tk/reset,phishing,PHISHING,9,4,U2;U3;U5;U6,True,block_redirect,True,6614.774910655,6614.774928094,0.017438999748264905
16,url,http://verify-crescent-uni-verify.work/account,phishing,PHISHING,6,4,U3;U5;U6,True,block_redirect,True,6614.774931464,6614.774949087,0.017623000530875288
16,url,https://crescentuni-portal.work/docs/view?id=9,phishing,PHISHING,5,4,U3;U6,True,block_redirect,True,6614.774952807,6614.774972073,0.019265999981143977
16,url,http://login.secure.crescent-id.gq/verify,phishing,PHISHING,7,4,U3;U4;U5;U6,True,block_redirect,True,6614.774983182,6614.775002588,0.019405999410082586
16,url,http://198.51.100.192:9090/verify,phishing,PHISHING,4,4,U1;U5,True,block_redirect,True,6614.775006493,6614.775026707,0.020213999960105866
16,url,http://203.0.113.193/login/verify?id=12,phishing,PHISHING,4,4,U1;U5,True,block_redirect,True,6614.775029886,6614.775049904,0.020018000213894993
16,url,http://crescentuniversity.edu.ng@crescent-uni-verify-13.tk/reset,phishing,PHISHING,9,4,U2;U3;U5;U6,True,block_redirect,True,6614.775053075,6614.775068042,0.0149670004248037
16,url,http://id-crescentuni-secure.xyz/account,phishing,PHISHING,6,4,U3;U5;U6,True,block_redirect,True,6614.775071075,6614.775086867,0.015792000340297818
16,url,https://crescent-portal.ga/docs/view?id=15,phishing,PHISHING,5,4,U3;U6,True,block_redirect,True,6614.775089971,6614.775106839,0.016867999875103123
16,url,http://login.secure.crescent-uni-id.work/verify,phishing,PHISHING,7,4,U3;U4;U5;U6,True,block_redirect,True,6614.775109865,6614.775125345,0.015480000001844019
16,url,http://198.51.100.222:8080/verify,phishing,PHISHING,4,4,U1;U5,True,block_redirect,True,6614.775127987,6614.775144788,0.016801000128907617
16,url,http://198.51.100.204/login/verify?id=18,phishing,PHISHING,4,4,U1;U5,True,block_redirect,True,6614.77514869,6614.775164692,0.016001999938453082
16,url,http://crescentuniversity.edu.ng@crescent-uni-verify-19.tk/reset,phishing,PHISHING,9,4,U2;U3;U5;U6,True,block_redirect,True,6614.77516793,6614.775184098,0.016168000001925975
16,url,http://id-crescentuni-login.top/account,phishing,PHISHING,6,4,U3;U5;U6,True,block_redirect,True,6614.775196248,6614.775213462,0.0172139998539933
16,url,https://crescentuni-portal.work/docs/view?id=21,phishing,PHISHING,5,4,U3;U6,True,block_redirect,True,6614.775216309,6614.775232703,0.01639400034036953
16,url,http://login.secure.crescent-uni-id.gq/verify,phishing,PHISHING,7,4,U3;U4;U5;U6,True,block_redirect,True,6614.775235458,6614.775251144,0.015686000551795587
16,url,http://198.51.100.176:9090/verify,phishing,PHISHING,4,4,U1;U5,True,block_redirect,True,6614.775254519,6614.775272917,0.018398000065644737
16,url,http://203.0.113.198/login/verify?id=24,phishing,PHISHING,4,4,U1;U5,True,block_redirect,True,6614.775276053,6614.775293825,0.01777199940988794
16,url,http://crescentuniversity.edu.ng@crescent-uni-verify-25.tk/reset,phishing,PHISHING,9,4,U2;U3;U5;U6,True,block_redirect,True,6614.775296958,6614.775314527,0.017569000192452222
16,url,http://secure-crescentuni-portal.top/account,phishing,PHISHING,6,4,U3;U5;U6,True,block_redirect,True,6614.775317838,6614.775386675,0.06883700007165316
16,url,https://crescent-portal.work/docs/view?id=27,phishing,PHISHING,5,4,U3;U6,True,block_redirect,True,6614.775394951,6614.775494843,0.09989200043492019
16,url,http://login.secure.crescent-id.gq/verify,phishing,PHISHING,7,4,U3;U4;U5;U6,True,block_redirect,True,6614.775512183,6614.775528349,0.016166000023076776
16,url,http://198.51.100.131:8080/verify,phishing,PHISHING,4,4,U1;U5,True,block_redirect,True,6614.775531445,6614.775547985,0.016540000615350436
16,url,http://203.0.113.217/login/verify?id=30,phishing,PHISHING,4,4,U1;U5,True,block_redirect,True,6614.77555569,6614.775572784,0.01709400021354668
16,url,http://crescentuniversity.edu.ng@crescent-uni-verify-31.tk/reset,phishing,PHISHING,9,4,U2;U3;U5;U6,True,block_redirect,True,6614.775575693,6614.775590168,0.014475000170932617
16,url,http://id-crescent-uni-verify.ga/account,phishing,PHISHING,6,4,U3;U5;U6,True,block_redirect,True,6614.775592899,6614.775607742,0.01484299991716398
16,url,https://crescentuni-portal.ga/docs/view?id=33,phishing,PHISHING,5,4,U3;U6,True,block_redirect,True,6614.775610862,6614.775624201,0.01333900036115665
16,url,http://login.secure.crescent-uni-id.tk/verify,phishing,PHISHING,7,4,U3;U4;U5;U6,True,block_redirect,True,6614.7756283,6614.775643052,0.014752000424778089
16,url,http://203.0.113.127:8080/verify,phishing,PHISHING,4,4,U1;U5,True,block_redirect,True,6614.775646169,6614.775661814,0.015645000530639663
16,url,http://203.0.113.226/login/verify?id=36,phishing,PHISHING,4,4,U1;U5,True,block_redirect,True,6614.775664503,6614.775680024,0.015521000022999942
16,url,http://crescentuniversity.edu.ng@crescentuni-verify-37.tk/reset,phishing,PHISHING,9,4,U2;U3;U5;U6,True,block_redirect,True,6614.775682759,6614.77569672,0.013961000149720348
16,url,http://secure-crescent-verify.ml/account,phishing,PHISHING,6,4,U3;U5;U6,True,block_redirect,True,6614.775699638,6614.775714189,0.014550999367202166
16,url,https://crescent-portal.work/docs/view?id=39,phishing,PHISHING,5,4,U3;U6,True,block_redirect,True,6614.775716908,6614.775732416,0.015508000615227502
16,url,http://login.secure.crescent-id.ga/verify,phishing,PHISHING,7,4,U3;U4;U5;U6,True,block_redirect,True,6614.775743979,6614.775760239,0.016259999938483816
16,url,http://203.0.113.244:9090/verify,phishing,PHISHING,4,4,U1;U5,True,block_redirect,True,6614.775763103,6614.775779865,0.016762000086600892
16,url,http://203.0.113.137/login/verify?id=42,phishing,PHISHING,4,4,U1;U5,True,block_redirect,True,6614.775782808,6614.775798426,0.015617999451933429
16,url,http://crescentuniversity.edu.ng@crescent-uni-verify-43.tk/reset,phishing,PHISHING,9,4,U2;U3;U5;U6,True,block_redirect,True,6614.775801168,6614.775815223,0.014055000065127388
16,url,http://login-crescentuni-alerts.cf/account,phishing,PHISHING,6,4,U3;U5;U6,True,block_redirect,True,6614.775823562,6614.775839134,0.01557199993840186
16,url,https://crescent-uni-portal.gq/docs/view?id=45,phishing,PHISHING,5,4,U3;U6,True,block_redirect,True,6614.775842257,6614.775857884,0.015627000720996875
16,url,http://login.secure.crescentuni-id.xyz/verify,phishing,PHISHING,7,4,U3;U4;U5;U6,True,block_redirect,True,6614.77586067,6614.775876071,0.01540100038255332
16,url,http://203.0.113.32:8080/verify,phishing,PHISHING,4,4,U1;U5,True,block_redirect,True,6614.775879033,6614.775895265,0.016232000234595034
16,url,http://198.51.100.88/login/verify?id=48,phishing,PHISHING,4,4,U1;U5,True,block_redirect,True,6614.775898422,6614.775916572,0.018149999959859997
16,url,http://crescentuniversity.edu.ng@crescent-verify-49.tk/reset,phishing,PHISHING,9,4,U2;U3;U5;U6,True,block_redirect,True,6614.775919509,6614.775934429,0.014919999557605479
16,url,http://id-crescent-uni-verify.cf/account,phishing,PHISHING,6,4,U3;U5;U6,True,block_redirect,True,6614.775942839,6614.775957901,0.015061999874887988
16,url,https://portal.crescentuniversity.edu.ng/resource/1,legitimate,LEGITIMATE,1,4,U4,False,allow,True,6614.775961224,6614.77597779,0.01656600034039002
16,url,https://drive.crescentuniversity.edu.ng/resource/2,legitimate,LEGITIMATE,1,4,U4,False,allow,True,6614.775980833,6614.775996876,0.016042999959609006
16,url,https://portal.crescentuniversity.edu.ng/resource/3,legitimate,LEGITIMATE,1,4,U4,False,allow,True,6614.775999977,6614.776014806,0.014829000065219589
16,url,https://accounts.google.com/signin,legitimate,LEGITIMATE,0,4,,False,allow,True,6614.776017471,6614.776032809,0.01533799968456151
16,url,https://drive.crescentuniversity.edu.ng/resource/5,legitimate,LEGITIMATE,1,4,U4,False,allow,True,6614.776035991,6614.776050908,0.014917000044079032
16,url,https://portal.crescentuniversity.edu.ng/resource/6,legitimate,LEGITIMATE,1,4,U4,False,allow,True,6614.77605361,6614.776068138,0.014527999155689031
16,url,https://library.crescentuniversity.edu.ng/resource/7,legitimate,LEGITIMATE,1,4,U4,False,allow,True,6614.776070695,6614.776085994,0.015298999642254785
16,url,https://www.wikipedia.org/wiki/Security,legitimate,LEGITIMATE,0,4,,False,allow,True,6614.776088816,6614.776104758,0.01594199966348242
16,url,https://mail.crescentuniversity.edu.ng/resource/9,legitimate,LEGITIMATE,1,4,U4,False,allow,True,6614.776107724,6614.77612376,0.01603599957888946
16,url,https://registrar.crescentuniversity.edu.ng/resource/10,legitimate,LEGITIMATE,1,4,U4,False,allow,True,6614.776141439,6614.776158825,0.01738599985401379
16,url,https://bursary.crescentuniversity.edu.ng/resource/11,legitimate,LEGITIMATE,1,4,U4,False,allow,True,6614.776162188,6614.776177987,0.015798999811522663
16,url,https://zoom.us/signin,legitimate,LEGITIMATE,0,4,,False,allow,True,6614.776181054,6614.77619691,0.015856000572966877
16,url,https://hostel.crescentuniversity.edu.ng/resource/13,legitimate,LEGITIMATE,1,4,U4,False,allow,True,6614.776200112,6614.776216442,0.01633000010770047
16,url,https://registrar.crescentuniversity.edu.ng/resource/14,legitimate,LEGITIMATE,1,4,U4,False,allow,True,6614.776219346,6614.776236278,0.016932000107772183
16,url,https://mail.crescentuniversity.edu.ng/resource/15,legitimate,LEGITIMATE,1,4,U4,False,allow,True,6614.776239366,6614.77625535,0.015984000128810294
16,url,https://accounts.google.com/signin,legitimate,LEGITIMATE,0,4,,False,allow,True,6614.776258363,6614.776273647,0.015284000255633146
16,url,https://elearning.crescentuniversity.edu.ng/resource/17,legitimate,LEGITIMATE,1,4,U4,False,allow,True,6614.776276721,6614.776292514,0.015792999874975067
16,url,https://elearning.crescentuniversity.edu.ng/resource/18,legitimate,LEGITIMATE,1,4,U4,False,allow,True,6614.7762956,6614.776311652,0.01605200031917775
16,url,https://hostel.crescentuniversity.edu.ng/resource/19,legitimate,LEGITIMATE,1,4,U4,False,allow,True,6614.776350174,6614.77643584,0.08566599990444956
16,url,https://accounts.google.com/signin,legitimate,LEGITIMATE,0,4,,False,allow,True,6614.776450294,6614.776470273,0.019979000171588268
16,url,https://hostel.crescentuniversity.edu.ng/resource/21,legitimate,LEGITIMATE,1,4,U4,False,allow,True,6614.776473548,6614.776488948,0.015400000847876072
16,url,https://exams.crescentuniversity.edu.ng/resource/22,legitimate,LEGITIMATE,1,4,U4,False,allow,True,6614.776491769,6614.776506983,0.01521400008641649
16,url,https://registrar.crescentuniversity.edu.ng/resource/23,legitimate,LEGITIMATE,1,4,U4,False,allow,True,6614.776509666,6614.776524842,0.015176000488281716
16,url,https://www.wikipedia.org/wiki/Security,legitimate,LEGITIMATE,0,4,,False,allow,True,6614.776527324,6614.776541107,0.013783000213152263
16,url,https://drive.crescentuniversity.edu.ng/resource/25,legitimate,LEGITIMATE,1,4,U4,False,allow,True,6614.776544168,6614.776558565,0.014397000086319167
16,url,https://exams.crescentuniversity.edu.ng/resource/26,legitimate,LEGITIMATE,1,4,U4,False,allow,True,6614.776563518,6614.77657775,0.014231999557523523
16,url,https://library.crescentuniversity.edu.ng/resource/27,legitimate,LEGITIMATE,1,4,U4,False,allow,True,6614.776580547,6614.776592035,0.011488000382087193
16,url,https://www.microsoft.com/en-us/security,legitimate,LEGITIMATE,0,4,,False,allow,True,6614.776594045,6614.776605229,0.011183999959030189
16,url,https://exams.crescentuniversity.edu.ng/resource/29,legitimate,LEGITIMATE,1,4,U4,False,allow,True,6614.776607316,6614.776618748,0.011432000064814929
16,url,https://hostel.crescentuniversity.edu.ng/resource/30,legitimate,LEGITIMATE,1,4,U4,False,allow,True,6614.776627635,6614.776639922,0.012286999663047027
16,url,https://portal.crescentuniversity.edu.ng/resource/31,legitimate,LEGITIMATE,1,4,U4,False,allow,True,6614.776642002,6614.776653658,0.011656000424409285
16,url,https://zoom.us/signin,legitimate,LEGITIMATE,0,4,,False,allow,True,6614.776655635,6614.776666664,0.011029000233975239
16,url,https://drive.crescentuniversity.edu.ng/resource/33,legitimate,LEGITIMATE,1,4,U4,False,allow,True,6614.776668845,6614.776680309,0.011463999726402108
16,url,https://portal.crescentuniversity.edu.ng/resource/34,legitimate,LEGITIMATE,1,4,U4,False,allow,True,6614.776682473,6614.776693867,0.011394000466680154
16,url,https://exams.crescentuniversity.edu.ng/resource/35,legitimate,LEGITIMATE,1,4,U4,False,allow,True,6614.776696018,6614.776707366,0.011348000043653883
16,url,https://zoom.us/signin,legitimate,LEGITIMATE,0,4,,False,allow,True,6614.7767114,6614.77672291,0.011510000149428379
16,url,https://library.crescentuniversity.edu.ng/resource/37,legitimate,LEGITIMATE,1,4,U4,False,allow,True,6614.776725,6614.77673648,0.011480000466690399
16,url,https://drive.crescentuniversity.edu.ng/resource/38,legitimate,LEGITIMATE,1,4,U4,False,allow,True,6614.776738692,6614.77675007,0.011377999726391863
16,url,https://registrar.crescentuniversity.edu.ng/resource/39,legitimate,LEGITIMATE,1,4,U4,False,allow,True,6614.776752146,6614.77676362,0.011473999620648101
16,url,https://accounts.google.com/signin,legitimate,LEGITIMATE,0,4,,False,allow,True,6614.776767985,6614.776779665,0.011679999261104967
16,landing_page,clean_baseline_portal.html,legitimate,LEGITIMATE,0,4,,False,allow,True,6614.776781926,6614.77679004,0.00811400059319567
16,landing_page,clean_variant_sso.html,legitimate,LEGITIMATE,0,4,,False,allow,True,6614.776792206,6614.776798874,0.0066679995143204
16,landing_page,phish_variant_cross_domain_post.html,phishing,PHISHING,4,4,L1,True,reject_submission,True,6614.776801017,6614.776808002,0.006984999345149845
16,landing_page,phish_variant_hidden_fields.html,phishing,PHISHING,7,4,L1;L2,True,reject_submission,True,6614.776810145,6614.776817205,0.007059999916236848
16,landing_page,gen_clean_001.html,legitimate,LEGITIMATE,0,4,,False,allow,True,6614.776819502,6614.776826372,0.0068700001065735705
16,landing_page,gen_clean_002.html,legitimate,LEGITIMATE,0,4,,False,allow,True,6614.77682838,6614.776834755,0.00637500033917604
16,landing_page,gen_clean_003.html,legitimate,LEGITIMATE,0,4,,False,allow,True,6614.776836765,6614.776843066,0.006301000212260988
16,landing_page,gen_clean_004.html,legitimate,LEGITIMATE,0,4,,False,allow,True,6614.776845064,6614.776851368,0.0063040006352821365
16,landing_page,gen_clean_005.html,legitimate,LEGITIMATE,0,4,,False,allow,True,6614.776853384,6614.776859622,0.006238000423763879
16,landing_page,gen_clean_006.html,legitimate,LEGITIMATE,0,4,,False,allow,True,6614.776863744,6614.776870332,0.006587999450857751
16,landing_page,gen_clean_007.html,legitimate,LEGITIMATE,0,4,,False,allow,True,6614.776872347,6614.776878733,0.006385999768099282
16,landing_page,gen_clean_008.html,legitimate,LEGITIMATE,0,4,,False,allow,True,6614.776880891,6614.776887292,0.006401000064215623
16,landing_page,gen_phish_001.html,phishing,PHISHING,7,4,L1;L2,True,reject_submission,True,6614.77688927,6614.776896366,0.0070960004450171255
16,landing_page,gen_phish_002.html,phishing,PHISHING,4,4,L1,True,reject_submission,True,6614.776898483,6614.776905321,0.006838000444986392
16,landing_page,gen_phish_003.html,phishing,PHISHING,7,4,L1;L2,True,reject_submission,True,6614.776907347,6614.776914255,0.006907999704708345
16,landing_page,gen_phish_004.html,phishing,PHISHING,4,4,L1,True,reject_submission,True,6614.776916575,6614.776923421,0.0068460003603831865
16,landing_page,gen_phish_005.html,phishing,PHISHING,7,4,L1;L2,True,reject_submission,True,6614.776925491,6614.776932305,0.006813999789301306
16,landing_page,gen_phish_006.html,phishing,PHISHING,4,4,L1,True,reject_submission,True,6614.776934442,6614.776941087,0.006644999302807264
16,landing_page,gen_phish_007.html,phishing,PHISHING,7,4,L1;L2,True,reject_submission,True,6614.776943136,6614.776950035,0.0068989993451396
16,landing_page,gen_phish_008.html,phishing,PHISHING,4,4,L1,True,reject_submission,True,6614.776954195,6614.776961215,0.0070199994297581725
17,email,gen_legit_016_ict.eml,legitimate,LEGITIMATE,0,4,,False,allow,True,6614.776966362,6614.777059478,0.09311600024375366
17,email,gen_legit_017_bursary.eml,legitimate,LEGITIMATE,0,4,,False,allow,True,6614.777061787,6614.777137988,0.07620099950145232
17,email,gen_legit_018_security.eml,legitimate,LEGITIMATE,0,4,,False,allow,True,6614.77714011,6614.777218782,0.07867200019973097
17,email,gen_legit_019_registrar.eml,legitimate,LEGITIMATE,0,4,,False,allow,True,6614.777220796,6614.777324158,0.10336200011806795
17,email,gen_legit_020_examsoffice.eml,legitimate,LEGITIMATE,0,4,,False,allow,True,6614.777326748,6614.777434765,0.1080170004570391
17,email,gen_legit_021_scholarship.eml,legitimate,LEGITIMATE,0,4,,False,allow,True,6614.777437615,6614.777509175,0.07155999992392026
17,email,gen_legit_022_hostel.eml,legitimate,LEGITIMATE,0,4,,False,allow,True,6614.777511398,6614.777581476,0.07007800013525411
17,email,gen_legit_023_vc.eml,legitimate,LEGITIMATE,0,4,,False,allow,True,6614.777583538,6614.777655133,0.07159500000852859
17,email,gen_legit_024_timetable.eml,legitimate,LEGITIMATE,0,4,,False,allow,True,6614.777657255,6614.777722514,0.06525899971165927
17,email,gen_legit_025_ictupdate.eml,legitimate,LEGITIMATE,0,4,,False,allow,True,6614.777730337,6614.777800098,0.06976099939492997
17,email,gen_legit_026_library.eml,legitimate,LEGITIMATE,0,4,,False,allow,True,6614.777802327,6614.777866032,0.06370499977492727
17,email,gen_legit_027_survey.eml,legitimate,LEGITIMATE,0,4,,False,allow,True,6614.777868058,6614.777940946,0.0728879995222087
17,email,gen_legit_028_convocation.eml,legitimate,LEGITIMATE,0,4,,False,allow,True,6614.777942994,6614.778017992,0.07499799994548084
17,email,gen_legit_029_sug.eml,legitimate,LEGITIMATE,0,4,,False,allow,True,6614.778020108,6614.778095955,0.07584699960716534
17,email,gen_legit_030_transcript.eml,legitimate,LEGITIMATE,0,4,,False,allow,True,6614.77809836,6614.778173932,0.07557200024166377
17,email,gen_legit_046_ict.eml,legitimate,LEGITIMATE,0,4,,False,allow,True,6614.778176464,6614.77825708,0.08061599965003552
17,email,gen_legit_047_bursary.eml,legitimate,LEGITIMATE,0,4,,False,allow,True,6614.77825916,6614.778379506,0.120346000585414
17,email,gen_legit_048_security.eml,legitimate,LEGITIMATE,0,4,,False,allow,True,6614.778382235,6614.778463008,0.08077299935393967
17,email,gen_legit_049_registrar.eml,legitimate,LEGITIMATE,0,4,,False,allow,True,6614.778471021,6614.778554827,0.08380600047530606
17,email,gen_legit_050_examsoffice.eml,legitimate,LEGITIMATE,0,4,,False,allow,True,6614.77855936,6614.778633817,0.07445699975505704
17,email,gen_legit_051_scholarship.eml,legitimate,LEGITIMATE,0,4,,False,allow,True,6614.778636033,6614.7787055,0.06946699977561366
17,email,gen_legit_052_hostel.eml,legitimate,LEGITIMATE,0,4,,False,allow,True,6614.778707506,6614.778776701,0.06919500083313324
17,email,gen_legit_053_vc.eml,legitimate,LEGITIMATE,0,4,,False,allow,True,6614.778778722,6614.77885004,0.07131799975468311
17,email,gen_legit_054_timetable.eml,legitimate,LEGITIMATE,0,4,,False,allow,True,6614.778852084,6614.778917374,0.0652899998385692
17,email,gen_legit_055_ictupdate.eml,legitimate,LEGITIMATE,0,4,,False,allow,True,6614.778919414,6614.778987574,0.06816000040998915
17,email,gen_legit_056_library.eml,legitimate,LEGITIMATE,0,4,,False,allow,True,6614.77898971,6614.779053068,0.06335800026135985
17,email,gen_legit_057_survey.eml,legitimate,LEGITIMATE,0,4,,False,allow,True,6614.77905507,6614.779127833,0.07276299947989173
17,email,gen_legit_058_convocation.eml,legitimate,LEGITIMATE,0,4,,False,allow,True,6614.779129808,6614.779204503,0.07469499996659579
17,email,gen_legit_059_sug.eml,legitimate,LEGITIMATE,0,4,,False,allow,True,6614.779206492,6614.779315721,0.10922899946308462
17,email,gen_legit_060_transcript.eml,legitimate,LEGITIMATE,0,4,,False,allow,True,6614.779322473,6614.779394113,0.07163999998738291
17,email,gen_phish_001_ict.eml,phishing,PHISHING,5,4,E1;E2,True,warn_user,True,6614.779396192,6614.779453777,0.05758499992225552
17,email,gen_phish_002_bursary.eml,phishing,PHISHING,5,4,E1;E2,True,warn_user,True,6614.779456219,6614.779506525,0.05030600004829466
17,email,gen_phish_003_security.eml,phishing,PHISHING,5,4,E1;E2,True,warn_user,True,6614.779510957,6614.779561081,0.05012400015402818
17,email,gen_phish_004_registrar.eml,phishing,PHISHING,5,4,E1;E2,True,warn_user,True,6614.779563519,6614.77962335,0.05983100072626257
17,email,gen_phish_005_examsoffice.eml,phishing,PHISHING,7,4,E1;E2;E3,True,warn_user,True,6614.779625536,6614.779677641,0.05210499966779025
17,email,gen_phish_006_scholarship.eml,phishing,PHISHING,5,4,E1;E2,True,warn_user,True,6614.779679823,6614.779731377,0.05155399958312046
17,email,gen_phish_007_hostel.eml,phishing,PHISHING,5,4,E1;E2,True,warn_user,True,6614.779733486,6614.779819512,0.08602600064477883
17,email,gen_phish_008_vc.eml,phishing,PHISHING,5,4,E1;E2,True,warn_user,True,6614.779821694,6614.779872225,0.05053099994256627
17,email,gen_phish_009_timetable.eml,phishing,PHISHING,5,4,E1;E2,True,warn_user,True,6614.779874382,6614.779929923,0.05554099971050164
17,email,gen_phish_010_ictupdate.eml,phishing,PHISHING,7,4,E1;E2;E3,True,warn_user,True,6614.779934277,6614.779990403,0.05612599943560781
17,email,gen_phish_011_library.eml,phishing,PHISHING,5,4,E1;E2,True,warn_user,True,6614.779992636,6614.78005608,0.06344399935187539
17,email,gen_phish_012_survey.eml,phishing,PHISHING,5,4,E1;E2,True,warn_user,True,6614.780058684,6614.780115581,0.05689699992217356
17,email,gen_phish_013_convocation.eml,phishing,PHISHING,5,4,E1;E2,True,warn_user,True,6614.780117744,6614.78017533,0.05758600036642747
17,email,gen_phish_014_sug.eml,phishing,PHISHING,5,4,E1;E2,True,warn_user,True,6614.780177408,6614.780230758,0.0533499996890896
17,email,gen_phish_015_transcript.eml,phishing,PHISHING,7,4,E1;E2;E3,True,warn_user,True,6614.780233673,6614.780308831,0.07515800007240614
17,email,gen_phish_031_ict.eml,phishing,PHISHING,5,4,E1;E2,True,warn_user,True,6614.78031159,6614.780370089,0.05849900026078103
17,email,gen_phish_032_bursary.eml,phishing,PHISHING,5,4,E1;E2,True,warn_user,True,6614.780372309,6614.780419972,0.04766300025949022
17,email,gen_phish_033_security.eml,phishing,PHISHING,5,4,E1;E2,True,warn_user,True,6614.780422068,6614.780470456,0.0483880003230297
17,email,gen_phish_034_registrar.eml,phishing,PHISHING,5,4,E1;E2,True,warn_user,True,6614.780472555,6614.78054678,0.07422499948006589
17,email,gen_phish_035_examsoffice.eml,phishing,PHISHING,7,4,E1;E2;E3,True,warn_user,True,6614.780552574,6614.780648325,0.09575100011716131
17,email,gen_phish_036_scholarship.eml,phishing,PHISHING,5,4,E1;E2,True,warn_user,True,6614.78065043,6614.780699897,0.049467000280856155
17,email,gen_phish_037_hostel.eml,phishing,PHISHING,5,4,E1;E2,True,warn_user,True,6614.780701996,6614.780754766,0.052770000365853775
17,email,gen_phish_038_vc.eml,phishing,PHISHING,5,4,E1;E2,True,warn_user,True,6614.780756895,6614.780806669,0.04977400021743961
17,email,gen_phish_039_timetable.eml,phishing,PHISHING,5,4,E1;E2,True,warn_user,True,6614.780809004,6614.780864531,0.05552699985855725
17,email,gen_phish_040_ictupdate.eml,phishing,PHISHING,7,4,E1;E2;E3,True,warn_user,True,6614.780866592,6614.780922013,0.055421000070055015
17,email,gen_phish_041_library.eml,phishing,PHISHING,5,4,E1;E2,True,warn_user,True,6614.780924125,6614.780973133,0.0490080001327442
17,email,gen_phish_042_survey.eml,phishing,PHISHING,5,4,E1;E2,True,warn_user,True,6614.780975323,6614.781068337,0.09301399950345512
17,email,gen_phish_043_convocation.eml,phishing,PHISHING,5,4,E1;E2,True,warn_user,True,6614.781071601,6614.781146008,0.07440700028382707
17,email,gen_phish_044_sug.eml,phishing,PHISHING,5,4,E1;E2,True,warn_user,True,6614.781149657,6614.781236868,0.08721099948161282
17,email,gen_phish_045_transcript.eml,phishing,PHISHING,7,4,E1;E2;E3,True,warn_user,True,6614.781326532,6614.781402814,0.07628200000908691
17,url,http://crescentuniversity.edu.ng@crescentuni-verify-1.tk/reset,phishing,PHISHING,9,4,U2;U3;U5;U6,True,block_redirect,True,6614.781406789,6614.781434426,0.02763699922070373
17,url,http://portal-crescentuni.cf/account,phishing,PHISHING,6,4,U3;U5;U6,True,block_redirect,True,6614.781437596,6614.781452793,0.015197000720945653
17,url,https://crescent-uni-portal.xyz/docs/view?id=3,phishing,PHISHING,5,4,U3;U6,True,block_redirect,True,6614.781455995,6614.781471042,0.015046999578771647
17,url,http://login.secure.crescent-id.cf/verify,phishing,PHISHING,7,4,U3;U4;U5;U6,True,block_redirect,True,6614.781473912,6614.781492489,0.01857699953689007
17,url,http://203.0.113.104:8443/verify,phishing,PHISHING,4,4,U1;U5,True,block_redirect,True,6614.781495454,6614.78151259,0.01713599976937985
17,url,http://198.51.100.235/login/verify?id=6,phishing,PHISHING,4,4,U1;U5,True,block_redirect,True,6614.781516935,6614.78153428,0.017345000742352568
17,url,http://crescentuniversity.edu.ng@crescent-uni-verify-7.tk/reset,phishing,PHISHING,9,4,U2;U3;U5;U6,True,block_redirect,True,6614.781537412,6614.781551978,0.014565999663318507
17,url,http://verify-crescent-uni-verify.work/account,phishing,PHISHING,6,4,U3;U5;U6,True,block_redirect,True,6614.781554621,6614.78156977,0.015148999409575481
17,url,https://crescentuni-portal.work/docs/view?id=9,phishing,PHISHING,5,4,U3;U6,True,block_redirect,True,6614.78157259,6614.781588052,0.01546200019220123
17,url,http://login.secure.crescent-id.gq/verify,phishing,PHISHING,7,4,U3;U4;U5;U6,True,block_redirect,True,6614.781595184,6614.781610649,0.015464999705727678
17,url,http://198.51.100.192:9090/verify,phishing,PHISHING,4,4,U1;U5,True,block_redirect,True,6614.781613778,6614.781631123,0.017344999832857866
17,url,http://203.0.113.193/login/verify?id=12,phishing,PHISHING,4,4,U1;U5,True,block_redirect,True,6614.781634453,6614.78165361,0.019156999769620597
17,url,http://crescentuniversity.edu.ng@crescent-uni-verify-13.tk/reset,phishing,PHISHING,9,4,U2;U3;U5;U6,True,block_redirect,True,6614.781656292,6614.781668385,0.012092999895685352
17,url,http://id-crescentuni-secure.xyz/account,phishing,PHISHING,6,4,U3;U5;U6,True,block_redirect,True,6614.781670491,6614.781685606,0.015114999769139104
17,url,https://crescent-portal.ga/docs/view?id=15,phishing,PHISHING,5,4,U3;U6,True,block_redirect,True,6614.781688305,6614.781702828,0.014522999663313385
17,url,http://login.secure.crescent-uni-id.work/verify,phishing,PHISHING,7,4,U3;U4;U5;U6,True,block_redirect,True,6614.781705345,6614.78172076,0.015415000234497711
17,url,http://198.51.100.222:8080/verify,phishing,PHISHING,4,4,U1;U5,True,block_redirect,True,6614.781724023,6614.781739935,0.01591199998074444
17,url,http://198.51.100.204/login/verify?id=18,phishing,PHISHING,4,4,U1;U5,True,block_redirect,True,6614.781743363,6614.781760147,0.016783999853942078
17,url,http://crescentuniversity.edu.ng@crescent-uni-verify-19.tk/reset,phishing,PHISHING,9,4,U2;U3;U5;U6,True,block_redirect,True,6614.78176331,6614.781783577,0.020266999854356982
17,url,http://id-crescentuni-login.top/account,phishing,PHISHING,6,4,U3;U5;U6,True,block_redirect,True,6614.781794831,6614.781811986,0.01715500002319459
17,url,https://crescentuni-portal.work/docs/view?id=21,phishing,PHISHING,5,4,U3;U6,True,block_redirect,True,6614.781818717,6614.781835863,0.017146000573120546
17,url,http://login.secure.crescent-uni-id.gq/verify,phishing,PHISHING,7,4,U3;U4;U5;U6,True,block_redirect,True,6614.781839089,6614.78185392,0.014831000044068787
17,url,http://198.51.100.176:9090/verify,phishing,PHISHING,4,4,U1;U5,True,block_redirect,True,6614.781856909,6614.781875116,0.01820699981180951
17,url,http://203.0.113.198/login/verify?id=24,phishing,PHISHING,4,4,U1;U5,True,block_redirect,True,6614.781877788,6614.781894729,0.016940999557846226
17,url,http://crescentuniversity.edu.ng@crescent-uni-verify-25.tk/reset,phishing,PHISHING,9,4,U2;U3;U5;U6,True,block_redirect,True,6614.781897857,6614.781912122,0.014264999663282651
17,url,http://secure-crescentuni-portal.top/account,phishing,PHISHING,6,4,U3;U5;U6,True,block_redirect,True,6614.781914842,6614.781929971,0.015128999621083494
17,url,https://crescent-portal.work/docs/view?id=27,phishing,PHISHING,5,4,U3;U6,True,block_redirect,True,6614.781932649,6614.781947503,0.014854000255581923
17,url,http://login.secure.crescent-id.gq/verify,phishing,PHISHING,7,4,U3;U4;U5;U6,True,block_redirect,True,6614.78195022,6614.781965778,0.015558000086457469
17,url,http://198.51.100.131:8080/verify,phishing,PHISHING,4,4,U1;U5,True,block_redirect,True,6614.781968882,6614.781985435,0.016553000023122877
17,url,http://203.0.113.217/login/verify?id=30,phishing,PHISHING,4,4,U1;U5,True,block_redirect,True,6614.781995207,6614.782011711,0.01650400008657016
17,url,http://crescentuniversity.edu.ng@crescent-uni-verify-31.tk/reset,phishing,PHISHING,9,4,U2;U3;U5;U6,True,block_redirect,True,6614.782014508,6614.782029583,0.015074999282660428
17,url,http://id-crescent-uni-verify.ga/account,phishing,PHISHING,6,4,U3;U5;U6,True,block_redirect,True,6614.782032378,6614.782046911,0.01453300046705408
17,url,https://crescentuni-portal.ga/docs/view?id=33,phishing,PHISHING,5,4,U3;U6,True,block_redirect,True,6614.782050141,6614.782064181,0.014040000678505749
17,url,http://login.secure.crescent-uni-id.tk/verify,phishing,PHISHING,7,4,U3;U4;U5;U6,True,block_redirect,True,6614.782067448,6614.782081322,0.013873999705538154
17,url,http://203.0.113.127:8080/verify,phishing,PHISHING,4,4,U1;U5,True,block_redirect,True,6614.782084418,6614.782100688,0.01627000074222451
17,url,http://203.0.113.226/login/verify?id=36,phishing,PHISHING,4,4,U1;U5,True,block_redirect,True,6614.782103328,6614.78211812,0.014792000001762062
17,url,http://crescentuniversity.edu.ng@crescentuni-verify-37.tk/reset,phishing,PHISHING,9,4,U2;U3;U5;U6,True,block_redirect,True,6614.782120685,6614.782134575,0.013889999536331743
17,url,http://secure-crescent-verify.ml/account,phishing,PHISHING,6,4,U3;U5;U6,True,block_redirect,True,6614.782137514,6614.782152545,0.015030999747978058
17,url,https://crescent-portal.work/docs/view?id=39,phishing,PHISHING,5,4,U3;U6,True,block_redirect,True,6614.782155207,6614.782227467,0.07225999979709741
17,url,http://login.secure.crescent-id.ga/verify,phishing,PHISHING,7,4,U3;U4;U5;U6,True,block_redirect,True,6614.782309571,6614.782333799,0.02422800025669858
17,url,http://203.0.113.244:9090/verify,phishing,PHISHING,4,4,U1;U5,True,block_redirect,True,6614.782337389,6614.782352642,0.015253000128723215
17,url,http://203.0.113.137/login/verify?id=42,phishing,PHISHING,4,4,U1;U5,True,block_redirect,True,6614.782355348,6614.782368011,0.012662999324675184
17,url,http://crescentuniversity.edu.ng@crescent-uni-verify-43.tk/reset,phishing,PHISHING,9,4,U2;U3;U5;U6,True,block_redirect,True,6614.782370286,6614.782381874,0.011588000234041829
17,url,http://login-crescentuni-alerts.cf/account,phishing,PHISHING,6,4,U3;U5;U6,True,block_redirect,True,6614.782388679,6614.782400728,0.01204899945150828
17,url,https://crescent-uni-portal.gq/docs/view?id=45,phishing,PHISHING,5,4,U3;U6,True,block_redirect,True,6614.782402958,6614.782414273,0.011314999937894754
17,url,http://login.secure.crescentuni-id.xyz/verify,phishing,PHISHING,7,4,U3;U4;U5;U6,True,block_redirect,True,6614.782416368,6614.782428534,0.012166000487923156
17,url,http://203.0.113.32:8080/verify,phishing,PHISHING,4,4,U1;U5,True,block_redirect,True,6614.782430686,6614.782443893,0.013206999938120134
17,url,http://198.51.100.88/login/verify?id=48,phishing,PHISHING,4,4,U1;U5,True,block_redirect,True,6614.782446107,6614.782458805,0.012697999409283511
17,url,http://crescentuniversity.edu.ng@crescent-verify-49.tk/reset,phishing,PHISHING,9,4,U2;U3;U5;U6,True,block_redirect,True,6614.782460867,6614.782472004,0.011137000001326669
17,url,http://id-crescent-uni-verify.cf/account,phishing,PHISHING,6,4,U3;U5;U6,True,block_redirect,True,6614.782477112,6614.782489075,0.011962999451498035
17,url,https://portal.crescentuniversity.edu.ng/resource/1,legitimate,LEGITIMATE,1,4,U4,False,allow,True,6614.782491212,6614.78250367,0.012457999218895566
17,url,https://drive.crescentuniversity.edu.ng/resource/2,legitimate,LEGITIMATE,1,4,U4,False,allow,True,6614.782505825,6614.782518008,0.012182999853393994
17,url,https://portal.crescentuniversity.edu.ng/resource/3,legitimate,LEGITIMATE,1,4,U4,False,allow,True,6614.782520225,6614.782532716,0.012491000234149396
17,url,https://accounts.google.com/signin,legitimate,LEGITIMATE,0,4,,False,allow,True,6614.782534662,6614.782546313,0.011651000022538938
17,url,https://drive.crescentuniversity.edu.ng/resource/5,legitimate,LEGITIMATE,1,4,U4,False,allow,True,6614.782548646,6614.782560822,0.01217600038216915
17,url,https://portal.crescentuniversity.edu.ng/resource/6,legitimate,LEGITIMATE,1,4,U4,False,allow,True,6614.782563177,6614.782575238,0.012061000234098174
17,url,https://library.crescentuniversity.edu.ng/resource/7,legitimate,LEGITIMATE,1,4,U4,False,allow,True,6614.782577682,6614.782590067,0.012384999536152463
17,url,https://www.wikipedia.org/wiki/Security,legitimate,LEGITIMATE,0,4,,False,allow,True,6614.782592073,6614.782604074,0.012000999959127512
17,url,https://mail.crescentuniversity.edu.ng/resource/9,legitimate,LEGITIMATE,1,4,U4,False,allow,True,6614.782606363,6614.782618566,0.012202999641885981
17,url,https://registrar.crescentuniversity.edu.ng/resource/10,legitimate,LEGITIMATE,1,4,U4,False,allow,True,6614.782623693,6614.782636757,0.013064000086160377
17,url,https://bursary.crescentuniversity.edu.ng/resource/11,legitimate,LEGITIMATE,1,4,U4,False,allow,True,6614.782638899,6614.782650959,0.012060000699420925
17,url,https://zoom.us/signin,legitimate,LEGITIMATE,0,4,,False,allow,True,6614.782652938,6614.78266471,0.01177200010715751
17,url,https://hostel.crescentuniversity.edu.ng/resource/13,legitimate,LEGITIMATE,1,4,U4,False,allow,True,6614.782666835,6614.782678988,0.012153000170656014
17,url,https://registrar.crescentuniversity.edu.ng/resource/14,legitimate,LEGITIMATE,1,4,U4,False,allow,True,6614.782681318,6614.782693682,0.012364000212983228
17,url,https://mail.crescentuniversity.edu.ng/resource/15,legitimate,LEGITIMATE,1,4,U4,False,allow,True,6614.782695734,6614.782707559,0.011825000001408625
17,url,https://accounts.google.com/signin,legitimate,LEGITIMATE,0,4,,False,allow,True,6614.782709796,6614.782721294,0.011498000276333187
17,url,https://elearning.crescentuniversity.edu.ng/resource/17,legitimate,LEGITIMATE,1,4,U4,False,allow,True,6614.782723663,6614.782735786,0.012122999578423332
17,url,https://elearning.crescentuniversity.edu.ng/resource/18,legitimate,LEGITIMATE,1,4,U4,False,allow,True,6614.782737946,6614.782752461,0.01451499974791659
17,url,https://hostel.crescentuniversity.edu.ng/resource/19,legitimate,LEGITIMATE,1,4,U4,False,allow,True,6614.782754499,6614.782767114,0.012615000741789117
17,url,https://accounts.google.com/signin,legitimate,LEGITIMATE,0,4,,False,allow,True,6614.782771882,6614.782783798,0.011916000403289218
17,url,https://hostel.crescentuniversity.edu.ng/resource/21,legitimate,LEGITIMATE,1,4,U4,False,allow,True,6614.782785947,6614.782797822,0.011875000382133294
17,url,https://exams.crescentuniversity.edu.ng/resource/22,legitimate,LEGITIMATE,1,4,U4,False,allow,True,6614.782799926,6614.782811732,0.011805999747593887
17,url,https://registrar.crescentuniversity.edu.ng/resource/23,legitimate,LEGITIMATE,1,4,U4,False,allow,True,6614.782813713,6614.782825352,0.011639000149443746
17,url,https://www.wikipedia.org/wiki/Security,legitimate,LEGITIMATE,0,4,,False,allow,True,6614.782827552,6614.782838996,0.011443999937910121
17,url,https://drive.crescentuniversity.edu.ng/resource/25,legitimate,LEGITIMATE,1,4,U4,False,allow,True,6614.782841208,6614.782853022,0.011814000572485384
17,url,https://exams.crescentuniversity.edu.ng/resource/26,legitimate,LEGITIMATE,1,4,U4,False,allow,True,6614.78285549,6614.782867411,0.011920999895664863
17,url,https://library.crescentuniversity.edu.ng/resource/27,legitimate,LEGITIMATE,1,4,U4,False,allow,True,6614.782870198,6614.782881921,0.011723000170604791
17,url,https://www.microsoft.com/en-us/security,legitimate,LEGITIMATE,0,4,,False,allow,True,6614.782883919,6614.782895885,0.011965999874519184
17,url,https://exams.crescentuniversity.edu.ng/resource/29,legitimate,LEGITIMATE,1,4,U4,False,allow,True,6614.782898094,6614.782910582,0.012487999811128248
17,url,https://hostel.crescentuniversity.edu.ng/resource/30,legitimate,LEGITIMATE,1,4,U4,False,allow,True,6614.782916264,6614.782929783,0.013519000276573934
17,url,https://portal.crescentuniversity.edu.ng/resource/31,legitimate,LEGITIMATE,1,4,U4,False,allow,True,6614.782932413,6614.78294467,0.012256999980309047
17,url,https://zoom.us/signin,legitimate,LEGITIMATE,0,4,,False,allow,True,6614.782946927,6614.782959156,0.012229000276420265
17,url,https://drive.crescentuniversity.edu.ng/resource/33,legitimate,LEGITIMATE,1,4,U4,False,allow,True,6614.782961632,6614.782975224,0.013592000868811738
17,url,https://portal.crescentuniversity.edu.ng/resource/34,legitimate,LEGITIMATE,1,4,U4,False,allow,True,6614.782977941,6614.78299533,0.017388999367540237
17,url,https://exams.crescentuniversity.edu.ng/resource/35,legitimate,LEGITIMATE,1,4,U4,False,allow,True,6614.782998677,6614.783012675,0.013997999303683173
17,url,https://zoom.us/signin,legitimate,LEGITIMATE,0,4,,False,allow,True,6614.783038101,6614.783061206,0.023104999854695052
17,url,https://library.crescentuniversity.edu.ng/resource/37,legitimate,LEGITIMATE,1,4,U4,False,allow,True,6614.783063391,6614.783075643,0.012252000487933401
17,url,https://drive.crescentuniversity.edu.ng/resource/38,legitimate,LEGITIMATE,1,4,U4,False,allow,True,6614.783078346,6614.783090835,0.012488999345805496
17,url,https://registrar.crescentuniversity.edu.ng/resource/39,legitimate,LEGITIMATE,1,4,U4,False,allow,True,6614.783093151,6614.783105297,0.012145999789936468
17,url,https://accounts.google.com/signin,legitimate,LEGITIMATE,0,4,,False,allow,True,6614.783110418,6614.783122502,0.012083999536116607
17,landing_page,clean_baseline_portal.html,legitimate,LEGITIMATE,0,4,,False,allow,True,6614.783125,6614.783134296,0.009295999916503206
17,landing_page,clean_variant_sso.html,legitimate,LEGITIMATE,0,4,,False,allow,True,6614.78313683,6614.783144117,0.007286999789357651
17,landing_page,phish_variant_cross_domain_post.html,phishing,PHISHING,4,4,L1,True,reject_submission,True,6614.783231772,6614.783247915,0.01614299981156364
17,landing_page,phish_variant_hidden_fields.html,phishing,PHISHING,7,4,L1;L2,True,reject_submission,True,6614.783308744,6614.78331801,0.009265999324270524
17,landing_page,gen_clean_001.html,legitimate,LEGITIMATE,0,4,,False,allow,True,6614.783320355,6614.783327274,0.006919000043126289
17,landing_page,gen_clean_002.html,legitimate,LEGITIMATE,0,4,,False,allow,True,6614.783329341,6614.783335774,0.0064329997258028015
17,landing_page,gen_clean_003.html,legitimate,LEGITIMATE,0,4,,False,allow,True,6614.783337923,6614.783344289,0.006365999979607295
17,landing_page,gen_clean_004.html,legitimate,LEGITIMATE,0,4,,False,allow,True,6614.783346286,6614.783352721,0.006434999704652
17,landing_page,gen_clean_005.html,legitimate,LEGITIMATE,0,4,,False,allow,True,6614.783354734,6614.783361022,0.006287999894993845
17,landing_page,gen_clean_006.html,legitimate,LEGITIMATE,0,4,,False,allow,True,6614.783376183,6614.783383067,0.006883999958517961
17,landing_page,gen_clean_007.html,legitimate,LEGITIMATE,0,4,,False,allow,True,6614.783385236,6614.783391614,0.006377999852702487
17,landing_page,gen_clean_008.html,legitimate,LEGITIMATE,0,4,,False,allow,True,6614.783393847,6614.783400168,0.006321000000752974
17,landing_page,gen_phish_001.html,phishing,PHISHING,7,4,L1;L2,True,reject_submission,True,6614.783402157,6614.783431135,0.028978000045754015
17,landing_page,gen_phish_002.html,phishing,PHISHING,4,4,L1,True,reject_submission,True,6614.78343381,6614.783440806,0.0069959996835677885
17,landing_page,gen_phish_003.html,phishing,PHISHING,7,4,L1;L2,True,reject_submission,True,6614.783442872,6614.783449858,0.006985999789321795
17,landing_page,gen_phish_004.html,phishing,PHISHING,4,4,L1,True,reject_submission,True,6614.783452048,6614.783458943,0.006895000296935905
17,landing_page,gen_phish_005.html,phishing,PHISHING,7,4,L1;L2,True,reject_submission,True,6614.78346098,6614.783467882,0.006901999768160749
17,landing_page,gen_phish_006.html,phishing,PHISHING,4,4,L1,True,reject_submission,True,6614.783470103,6614.783476745,0.006642000698775519
17,landing_page,gen_phish_007.html,phishing,PHISHING,7,4,L1;L2,True,reject_submission,True,6614.783478881,6614.783485742,0.006861000656499527
17,landing_page,gen_phish_008.html,phishing,PHISHING,4,4,L1,True,reject_submission,True,6614.783491656,6614.783498822,0.007166000614233781
18,email,gen_legit_016_ict.eml,legitimate,LEGITIMATE,0,4,,False,allow,True,6614.783505151,6614.783603407,0.09825599954638164
18,email,gen_legit_017_bursary.eml,legitimate,LEGITIMATE,0,4,,False,allow,True,6614.783605928,6614.7836824,0.07647199981875019
18,email,gen_legit_018_security.eml,legitimate,LEGITIMATE,0,4,,False,allow,True,6614.783684571,6614.783763733,0.07916200047475286
18,email,gen_legit_019_registrar.eml,legitimate,LEGITIMATE,0,4,,False,allow,True,6614.783765839,6614.783848864,0.08302500009449432
18,email,gen_legit_020_examsoffice.eml,legitimate,LEGITIMATE,0,4,,False,allow,True,6614.783850976,6614.783925695,0.07471899971278617
18,email,gen_legit_021_scholarship.eml,legitimate,LEGITIMATE,0,4,,False,allow,True,6614.783927912,6614.783997677,0.06976500026212307
18,email,gen_legit_022_hostel.eml,legitimate,LEGITIMATE,0,4,,False,allow,True,6614.783999956,6614.784070493,0.07053700028336607
18,email,gen_legit_023_vc.eml,legitimate,LEGITIMATE,0,4,,False,allow,True,6614.784072833,6614.784151852,0.0790189997132984
18,email,gen_legit_024_timetable.eml,legitimate,LEGITIMATE,0,4,,False,allow,True,6614.784177028,6614.784290345,0.11331699988659238
18,email,gen_legit_025_ictupdate.eml,legitimate,LEGITIMATE,0,4,,False,allow,True,6614.78429962,6614.784371717,0.07209700015664566
18,email,gen_legit_026_library.eml,legitimate,LEGITIMATE,0,4,,False,allow,True,6614.784373844,6614.784437842,0.06399800076906104
18,email,gen_legit_027_survey.eml,legitimate,LEGITIMATE,0,4,,False,allow,True,6614.784439868,6614.784512692,0.07282400019903434
18,email,gen_legit_028_convocation.eml,legitimate,LEGITIMATE,0,4,,False,allow,True,6614.784514712,6614.784589543,0.0748310003473307
18,email,gen_legit_029_sug.eml,legitimate,LEGITIMATE,0,4,,False,allow,True,6614.784591629,6614.784666852,0.07522299983975245
18,email,gen_legit_030_transcript.eml,legitimate,LEGITIMATE,0,4,,False,allow,True,6614.784668983,6614.78473551,0.06652699994447175
18,email,gen_legit_046_ict.eml,legitimate,LEGITIMATE,0,4,,False,allow,True,6614.784737475,6614.784815656,0.07818100039003184
18,email,gen_legit_047_bursary.eml,legitimate,LEGITIMATE,0,4,,False,allow,True,6614.784817662,6614.784892362,0.07470000036846614
18,email,gen_legit_048_security.eml,legitimate,LEGITIMATE,0,4,,False,allow,True,6614.78489447,6614.784972182,0.07771200034767389
18,email,gen_legit_049_registrar.eml,legitimate,LEGITIMATE,0,4,,False,allow,True,6614.784976378,6614.78505938,0.08300200079247588
18,email,gen_legit_050_examsoffice.eml,legitimate,LEGITIMATE,0,4,,False,allow,True,6614.785063542,6614.785155288,0.09174600018013734
18,email,gen_legit_051_scholarship.eml,legitimate,LEGITIMATE,0,4,,False,allow,True,6614.785158654,6614.785258089,0.09943500026565744
18,email,gen_legit_052_hostel.eml,legitimate,LEGITIMATE,0,4,,False,allow,True,6614.785260894,6614.785333186,0.07229199945868459
18,email,gen_legit_053_vc.eml,legitimate,LEGITIMATE,0,4,,False,allow,True,6614.785339873,6614.785412745,0.07287199969141511
18,email,gen_legit_054_timetable.eml,legitimate,LEGITIMATE,0,4,,False,allow,True,6614.785414754,6614.785479668,0.06491400017694104
18,email,gen_legit_055_ictupdate.eml,legitimate,LEGITIMATE,0,4,,False,allow,True,6614.785481639,6614.785550583,0.06894400030432735
18,email,gen_legit_056_library.eml,legitimate,LEGITIMATE,0,4,,False,allow,True,6614.785552751,6614.785616477,0.06372600000759121
18,email,gen_legit_057_survey.eml,legitimate,LEGITIMATE,0,4,,False,allow,True,6614.785618489,6614.785691202,0.07271300000866177
18,email,gen_legit_058_convocation.eml,legitimate,LEGITIMATE,0,4,,False,allow,True,6614.785693187,6614.785768386,0.07519900009356206
18,email,gen_legit_059_sug.eml,legitimate,LEGITIMATE,0,4,,False,allow,True,6614.785770431,6614.785845713,0.07528199967055116
18,email,gen_legit_060_transcript.eml,legitimate,LEGITIMATE,0,4,,False,allow,True,6614.785849942,6614.785917013,0.067070999648422
18,email,gen_phish_001_ict.eml,phishing,PHISHING,5,4,E1;E2,True,warn_user,True,6614.785919039,6614.785976373,0.05733400030294433
18,email,gen_phish_002_bursary.eml,phishing,PHISHING,5,4,E1;E2,True,warn_user,True,6614.785978703,6614.786029003,0.05030000011174707
18,email,gen_phish_003_security.eml,phishing,PHISHING,5,4,E1;E2,True,warn_user,True,6614.786031213,6614.786080736,0.04952300059812842
18,email,gen_phish_004_registrar.eml,phishing,PHISHING,5,4,E1;E2,True,warn_user,True,6614.7860831,6614.786175712,0.09261200011678739
18,email,gen_phish_005_examsoffice.eml,phishing,PHISHING,7,4,E1;E2;E3,True,warn_user,True,6614.786178408,6614.786232722,0.05431400040833978
18,email,gen_phish_006_scholarship.eml,phishing,PHISHING,5,4,E1;E2,True,warn_user,True,6614.786234939,6614.786294115,0.059175999922445044
18,email,gen_phish_007_hostel.eml,phishing,PHISHING,5,4,E1;E2,True,warn_user,True,6614.786296277,6614.786382312,0.08603500009485288
18,email,gen_phish_008_vc.eml,phishing,PHISHING,5,4,E1;E2,True,warn_user,True,6614.786384561,6614.78643517,0.05060900002717972
18,email,gen_phish_009_timetable.eml,phishing,PHISHING,5,4,E1;E2,True,warn_user,True,6614.786437312,6614.786492867,0.05555499956244603
18,email,gen_phish_010_ictupdate.eml,phishing,PHISHING,7,4,E1;E2;E3,True,warn_user,True,6614.786498789,6614.78655544,0.05665099979523802
18,email,gen_phish_011_library.eml,phishing,PHISHING,5,4,E1;E2,True,warn_user,True,6614.786557701,6614.786621008,0.06330700034595793
18,email,gen_phish_012_survey.eml,phishing,PHISHING,5,4,E1;E2,True,warn_user,True,6614.786623671,6614.786680466,0.05679500009136973
18,email,gen_phish_013_convocation.eml,phishing,PHISHING,5,4,E1;E2,True,warn_user,True,6614.786682644,6614.78673989,0.05724599941459019
18,email,gen_phish_014_sug.eml,phishing,PHISHING,5,4,E1;E2,True,warn_user,True,6614.786741994,6614.786781954,0.03995999941253103
18,email,gen_phish_015_transcript.eml,phishing,PHISHING,7,4,E1;E2;E3,True,warn_user,True,6614.78678414,6614.786833454,0.0493139996251557
18,email,gen_phish_031_ict.eml,phishing,PHISHING,5,4,E1;E2,True,warn_user,True,6614.786835596,6614.78689164,0.056044000302790664
18,email,gen_phish_032_bursary.eml,phishing,PHISHING,5,4,E1;E2,True,warn_user,True,6614.786893716,6614.786941152,0.04743599947687471
18,email,gen_phish_033_security.eml,phishing,PHISHING,5,4,E1;E2,True,warn_user,True,6614.786943242,6614.786991594,0.04835199979424942
18,email,gen_phish_034_registrar.eml,phishing,PHISHING,5,4,E1;E2,True,warn_user,True,6614.786993679,6614.787067757,0.07407799967040773
18,email,gen_phish_035_examsoffice.eml,phishing,PHISHING,7,4,E1;E2;E3,True,warn_user,True,6614.787072181,6614.787201404,0.12922299993078923
18,email,gen_phish_036_scholarship.eml,phishing,PHISHING,5,4,E1;E2,True,warn_user,True,6614.787204064,6614.787255605,0.051540999265853316
18,email,gen_phish_037_hostel.eml,phishing,PHISHING,5,4,E1;E2,True,warn_user,True,6614.787257718,6614.787310694,0.05297600000631064
18,email,gen_phish_038_vc.eml,phishing,PHISHING,5,4,E1;E2,True,warn_user,True,6614.787312777,6614.787362487,0.04970999998477055
18,email,gen_phish_039_timetable.eml,phishing,PHISHING,5,4,E1;E2,True,warn_user,True,6614.787364793,6614.787420221,0.05542799954127986
18,email,gen_phish_040_ictupdate.eml,phishing,PHISHING,7,4,E1;E2;E3,True,warn_user,True,6614.787422327,6614.787477726,0.05539900030271383
18,email,gen_phish_041_library.eml,phishing,PHISHING,5,4,E1;E2,True,warn_user,True,6614.787479904,6614.787528685,0.0487810002596234
18,email,gen_phish_042_survey.eml,phishing,PHISHING,5,4,E1;E2,True,warn_user,True,6614.787530836,6614.787621539,0.09070299984159647
18,email,gen_phish_043_convocation.eml,phishing,PHISHING,5,4,E1;E2,True,warn_user,True,6614.787623614,6614.787678659,0.05504500040842686
18,email,gen_phish_044_sug.eml,phishing,PHISHING,5,4,E1;E2,True,warn_user,True,6614.787680742,6614.787720745,0.04000300032203086
18,email,gen_phish_045_transcript.eml,phishing,PHISHING,7,4,E1;E2;E3,True,warn_user,True,6614.787726604,6614.78777906,0.052455999139056075
18,url,http://crescentuniversity.edu.ng@crescentuni-verify-1.tk/reset,phishing,PHISHING,9,4,U2;U3;U5;U6,True,block_redirect,True,6614.787781238,6614.787798391,0.01715300004434539
18,url,http://portal-crescentuni.cf/account,phishing,PHISHING,6,4,U3;U5;U6,True,block_redirect,True,6614.787800705,6614.787812251,0.011545999768713955
18,url,https://crescent-uni-portal.xyz/docs/view?id=3,phishing,PHISHING,5,4,U3;U6,True,block_redirect,True,6614.787814466,6614.787825835,0.01136900027631782
18,url,http://login.secure.crescent-id.cf/verify,phishing,PHISHING,7,4,U3;U4;U5;U6,True,block_redirect,True,6614.787828016,6614.787839573,0.011557000107131898
18,url,http://203.0.113.104:8443/verify,phishing,PHISHING,4,4,U1;U5,True,block_redirect,True,6614.787842148,6614.787857912,0.015763999726914335
18,url,http://198.51.100.235/login/verify?id=6,phishing,PHISHING,4,4,U1;U5,True,block_redirect,True,6614.787861632,6614.78787413,0.012497999705374241
18,url,http://crescentuniversity.edu.ng@crescent-uni-verify-7.tk/reset,phishing,PHISHING,9,4,U2;U3;U5;U6,True,block_redirect,True,6614.787876915,6614.787888817,0.011901999641850125
18,url,http://verify-crescent-uni-verify.work/account,phishing,PHISHING,6,4,U3;U5;U6,True,block_redirect,True,6614.78789101,6614.787902927,0.011916999937966466
18,url,https://crescentuni-portal.work/docs/view?id=9,phishing,PHISHING,5,4,U3;U6,True,block_redirect,True,6614.787905429,6614.787917054,0.011625000297499355
18,url,http://login.secure.crescent-id.gq/verify,phishing,PHISHING,7,4,U3;U4;U5;U6,True,block_redirect,True,6614.787921219,6614.787933264,0.012044999493809883
18,url,http://198.51.100.192:9090/verify,phishing,PHISHING,4,4,U1;U5,True,block_redirect,True,6614.787935528,6614.787947998,0.01247000000148546
18,url,http://203.0.113.193/login/verify?id=12,phishing,PHISHING,4,4,U1;U5,True,block_redirect,True,6614.787950067,6614.787962258,0.01219100067828549
18,url,http://crescentuniversity.edu.ng@crescent-uni-verify-13.tk/reset,phishing,PHISHING,9,4,U2;U3;U5;U6,True,block_redirect,True,6614.787964325,6614.787975511,0.011185999937879387
18,url,http://id-crescentuni-secure.xyz/account,phishing,PHISHING,6,4,U3;U5;U6,True,block_redirect,True,6614.787979648,6614.787991574,0.01192600029753521
18,url,https://crescent-portal.ga/docs/view?id=15,phishing,PHISHING,5,4,U3;U6,True,block_redirect,True,6614.787993725,6614.788004487,0.01076199987437576
18,url,http://login.secure.crescent-uni-id.work/verify,phishing,PHISHING,7,4,U3;U4;U5;U6,True,block_redirect,True,6614.788006881,6614.788019087,0.01220600006490713
18,url,http://198.51.100.222:8080/verify,phishing,PHISHING,4,4,U1;U5,True,block_redirect,True,6614.788021198,6614.788033873,0.012675000107265078
18,url,http://198.51.100.204/login/verify?id=18,phishing,PHISHING,4,4,U1;U5,True,block_redirect,True,6614.788036475,6614.788048754,0.012278999747650232
18,url,http://crescentuniversity.edu.ng@crescent-uni-verify-19.tk/reset,phishing,PHISHING,9,4,U2;U3;U5;U6,True,block_redirect,True,6614.788050851,6614.788076477,0.025626000024203677
18,url,http://id-crescentuni-login.top/account,phishing,PHISHING,6,4,U3;U5;U6,True,block_redirect,True,6614.788083079,6614.788117456,0.034376999792584684
18,url,https://crescentuni-portal.work/docs/view?id=21,phishing,PHISHING,5,4,U3;U6,True,block_redirect,True,6614.788121123,6614.788135095,0.013972000488138292
18,url,http://login.secure.crescent-uni-id.gq/verify,phishing,PHISHING,7,4,U3;U4;U5;U6,True,block_redirect,True,6614.788137187,6614.788148985,0.011797999832197092
18,url,http://198.51.100.176:9090/verify,phishing,PHISHING,4,4,U1;U5,True,block_redirect,True,6614.788151212,6614.788164069,0.01285700000153156
18,url,http://203.0.113.198/login/verify?id=24,phishing,PHISHING,4,4,U1;U5,True,block_redirect,True,6614.788166194,6614.788178649,0.012454999705369119
18,url,http://crescentuniversity.edu.ng@crescent-uni-verify-25.tk/reset,phishing,PHISHING,9,4,U2;U3;U5;U6,True,block_redirect,True,6614.788180775,6614.788191497,0.010722000297391787
18,url,http://secure-crescentuni-portal.top/account,phishing,PHISHING,6,4,U3;U5;U6,True,block_redirect,True,6614.788193646,6614.788205259,0.011613000424404163
18,url,https://crescent-portal.work/docs/view?id=27,phishing,PHISHING,5,4,U3;U6,True,block_redirect,True,6614.788207366,6614.788218968,0.01160200008598622
18,url,http://login.secure.crescent-id.gq/verify,phishing,PHISHING,7,4,U3;U4;U5;U6,True,block_redirect,True,6614.788221086,6614.78823252,0.011434000043664128
18,url,http://198.51.100.131:8080/verify,phishing,PHISHING,4,4,U1;U5,True,block_redirect,True,6614.788234706,6614.788246996,0.012290000086068176
18,url,http://203.0.113.217/login/verify?id=30,phishing,PHISHING,4,4,U1;U5,True,block_redirect,True,6614.788252533,6614.788265277,0.012744000741804484
18,url,http://crescentuniversity.edu.ng@crescent-uni-verify-31.tk/reset,phishing,PHISHING,9,4,U2;U3;U5;U6,True,block_redirect,True,6614.788267402,6614.788278252,0.010849999853235204
18,url,http://id-crescent-uni-verify.ga/account,phishing,PHISHING,6,4,U3;U5;U6,True,block_redirect,True,6614.788280392,6614.788291208,0.010816000212798826
18,url,https://crescentuni-portal.ga/docs/view?id=33,phishing,PHISHING,5,4,U3;U6,True,block_redirect,True,6614.788293321,6614.788303959,0.01063799936673604
18,url,http://login.secure.crescent-uni-id.tk/verify,phishing,PHISHING,7,4,U3;U4;U5;U6,True,block_redirect,True,6614.788306382,6614.788317286,0.01090400019165827
18,url,http://203.0.113.127:8080/verify,phishing,PHISHING,4,4,U1;U5,True,block_redirect,True,6614.788319535,6614.788331846,0.012311000318732113
18,url,http://203.0.113.226/login/verify?id=36,phishing,PHISHING,4,4,U1;U5,True,block_redirect,True,6614.788333979,6614.788346334,0.012355000762909185
18,url,http://crescentuniversity.edu.ng@crescentuni-verify-37.tk/reset,phishing,PHISHING,9,4,U2;U3;U5;U6,True,block_redirect,True,6614.788348446,6614.788361453,0.013007000234210864
18,url,http://secure-crescent-verify.ml/account,phishing,PHISHING,6,4,U3;U5;U6,True,block_redirect,True,6614.788364391,6614.788375427,0.011035999705200084
18,url,https://crescent-portal.work/docs/view?id=39,phishing,PHISHING,5,4,U3;U6,True,block_redirect,True,6614.788377548,6614.788389072,0.01152400000137277
18,url,http://login.secure.crescent-id.ga/verify,phishing,PHISHING,7,4,U3;U4;U5;U6,True,block_redirect,True,6614.788393526,6614.788405149,0.011623000318650156
18,url,http://203.0.113.244:9090/verify,phishing,PHISHING,4,4,U1;U5,True,block_redirect,True,6614.788407354,6614.788419626,0.012272000276425388
18,url,http://203.0.113.137/login/verify?id=42,phishing,PHISHING,4,4,U1;U5,True,block_redirect,True,6614.788421923,6614.78843405,0.012127000445616432
18,url,http://crescentuniversity.edu.ng@crescent-uni-verify-43.tk/reset,phishing,PHISHING,9,4,U2;U3;U5;U6,True,block_redirect,True,6614.788436151,6614.788447368,0.011217000064789318
18,url,http://login-crescentuni-alerts.cf/account,phishing,PHISHING,6,4,U3;U5;U6,True,block_redirect,True,6614.788451611,6614.788463258,0.01164700006484054
18,url,https://crescent-uni-portal.gq/docs/view?id=45,phishing,PHISHING,5,4,U3;U6,True,block_redirect,True,6614.788465483,6614.788476643,0.011159999303345103
18,url,http://login.secure.crescentuni-id.xyz/verify,phishing,PHISHING,7,4,U3;U4;U5;U6,True,block_redirect,True,6614.788478706,6614.788490603,0.01189700014947448
18,url,http://203.0.113.32:8080/verify,phishing,PHISHING,4,4,U1;U5,True,block_redirect,True,6614.788492734,6614.788505114,0.012380000043776818
18,url,http://198.51.100.88/login/verify?id=48,phishing,PHISHING,4,4,U1;U5,True,block_redirect,True,6614.788507231,6614.788519453,0.01222199989570072
18,url,http://crescentuniversity.edu.ng@crescent-verify-49.tk/reset,phishing,PHISHING,9,4,U2;U3;U5;U6,True,block_redirect,True,6614.78852157,6614.788532285,0.010714999916672241
18,url,http://id-crescent-uni-verify.cf/account,phishing,PHISHING,6,4,U3;U5;U6,True,block_redirect,True,6614.788537014,6614.78854837,0.011355999959050678
18,url,https://portal.crescentuniversity.edu.ng/resource/1,legitimate,LEGITIMATE,1,4,U4,False,allow,True,6614.788550504,6614.788562412,0.011907999578397721
18,url,https://drive.crescentuniversity.edu.ng/resource/2,legitimate,LEGITIMATE,1,4,U4,False,allow,True,6614.788564474,6614.788576045,0.011570999959076289
18,url,https://portal.crescentuniversity.edu.ng/resource/3,legitimate,LEGITIMATE,1,4,U4,False,allow,True,6614.788578098,6614.788589512,0.011414000255172141
18,url,https://accounts.google.com/signin,legitimate,LEGITIMATE,0,4,,False,allow,True,6614.788591543,6614.788602847,0.011304000508971512
18,url,https://drive.crescentuniversity.edu.ng/resource/5,legitimate,LEGITIMATE,1,4,U4,False,allow,True,6614.788604953,6614.788616414,0.01146100021287566
18,url,https://portal.crescentuniversity.edu.ng/resource/6,legitimate,LEGITIMATE,1,4,U4,False,allow,True,6614.788618479,6614.78862987,0.011390999134164304
18,url,https://library.crescentuniversity.edu.ng/resource/7,legitimate,LEGITIMATE,1,4,U4,False,allow,True,6614.788632051,6614.788643439,0.011388000530132558
18,url,https://www.wikipedia.org/wiki/Security,legitimate,LEGITIMATE,0,4,,False,allow,True,6614.78864787,6614.788659491,0.011620999430306256
18,url,https://mail.crescentuniversity.edu.ng/resource/9,legitimate,LEGITIMATE,1,4,U4,False,allow,True,6614.788661513,6614.788672919,0.011406000339775346
18,url,https://registrar.crescentuniversity.edu.ng/resource/10,legitimate,LEGITIMATE,1,4,U4,False,allow,True,6614.788676811,6614.788688625,0.011813999662990682
18,url,https://bursary.crescentuniversity.edu.ng/resource/11,legitimate,LEGITIMATE,1,4,U4,False,allow,True,6614.788690617,6614.78870207,0.011453000297478866
18,url,https://zoom.us/signin,legitimate,LEGITIMATE,0,4,,False,allow,True,6614.788704061,6614.7887152,0.011138999980175868
18,url,https://hostel.crescentuniversity.edu.ng/resource/13,legitimate,LEGITIMATE,1,4,U4,False,allow,True,6614.788717262,6614.788728703,0.011440999514888972
18,url,https://registrar.crescentuniversity.edu.ng/resource/14,legitimate,LEGITIMATE,1,4,U4,False,allow,True,6614.788730824,6614.788742158,0.011334000191709492
18,url,https://mail.crescentuniversity.edu.ng/resource/15,legitimate,LEGITIMATE,1,4,U4,False,allow,True,6614.788744152,6614.788755508,0.011355999959050678
18,url,https://accounts.google.com/signin,legitimate,LEGITIMATE,0,4,,False,allow,True,6614.788757618,6614.788768799,0.01118099953600904
18,url,https://elearning.crescentuniversity.edu.ng/resource/17,legitimate,LEGITIMATE,1,4,U4,False,allow,True,6614.788771023,6614.788782364,0.011341000572429039
18,url,https://elearning.crescentuniversity.edu.ng/resource/18,legitimate,LEGITIMATE,1,4,U4,False,allow,True,6614.788784384,6614.788795691,0.01130700002249796
18,url,https://hostel.crescentuniversity.edu.ng/resource/19,legitimate,LEGITIMATE,1,4,U4,False,allow,True,6614.788797676,6614.788808961,0.011284999345662072
18,url,https://accounts.google.com/signin,legitimate,LEGITIMATE,0,4,,False,allow,True,6614.788813184,6614.788824864,0.01168000017059967
18,url,https://hostel.crescentuniversity.edu.ng/resource/21,legitimate,LEGITIMATE,1,4,U4,False,allow,True,6614.788826969,6614.788838394,0.011424999684095383
18,url,https://exams.crescentuniversity.edu.ng/resource/22,legitimate,LEGITIMATE,1,4,U4,False,allow,True,6614.788840417,6614.788852075,0.011658000403258484
18,url,https://registrar.crescentuniversity.edu.ng/resource/23,legitimate,LEGITIMATE,1,4,U4,False,allow,True,6614.788854047,6614.788865359,0.011311999514873605
18,url,https://www.wikipedia.org/wiki/Security,legitimate,LEGITIMATE,0,4,,False,allow,True,6614.788867347,6614.788878445,0.011097999959019944
18,url,https://drive.crescentuniversity.edu.ng/resource/25,legitimate,LEGITIMATE,1,4,U4,False,allow,True,6614.788880508,6614.788891832,0.011324000297463499
18,url,https://exams.crescentuniversity.edu.ng/resource/26,legitimate,LEGITIMATE,1,4,U4,False,allow,True,6614.788893829,6614.788905153,0.011324000297463499
18,url,https://library.crescentuniversity.edu.ng/resource/27,legitimate,LEGITIMATE,1,4,U4,False,allow,True,6614.788907341,6614.788918702,0.011361000360921025
18,url,https://www.microsoft.com/en-us/security,legitimate,LEGITIMATE,0,4,,False,allow,True,6614.78892067,6614.788931725,0.011054999959014822
18,url,https://exams.crescentuniversity.edu.ng/resource/29,legitimate,LEGITIMATE,1,4,U4,False,allow,True,6614.788933764,6614.788945112,0.011348000043653883
18,url,https://hostel.crescentuniversity.edu.ng/resource/30,legitimate,LEGITIMATE,1,4,U4,False,allow,True,6614.788948984,6614.788960637,0.011653000001388136
18,url,https://portal.crescentuniversity.edu.ng/resource/31,legitimate,LEGITIMATE,1,4,U4,False,allow,True,6614.788962771,6614.788974083,0.011311999514873605
18,url,https://zoom.us/signin,legitimate,LEGITIMATE,0,4,,False,allow,True,6614.788976072,6614.788987122,0.011050000466639176
18,url,https://drive.crescentuniversity.edu.ng/resource/33,legitimate,LEGITIMATE,1,4,U4,False,allow,True,6614.788989204,6614.789000602,0.01139799951488385
18,url,https://portal.crescentuniversity.edu.ng/resource/34,legitimate,LEGITIMATE,1,4,U4,False,allow,True,6614.789002806,6614.789014151,0.011344999620632734
18,url,https://exams.crescentuniversity.edu.ng/resource/35,legitimate,LEGITIMATE,1,4,U4,False,allow,True,6614.789016176,6614.789027496,0.011320000339765102
18,url,https://zoom.us/signin,legitimate,LEGITIMATE,0,4,,False,allow,True,6614.789042465,6614.789056554,0.014088999705563765
18,url,https://library.crescentuniversity.edu.ng/resource/37,legitimate,LEGITIMATE,1,4,U4,False,allow,True,6614.789059085,6614.789070666,0.011580999853322282
18,url,https://drive.crescentuniversity.edu.ng/resource/38,legitimate,LEGITIMATE,1,4,U4,False,allow,True,6614.789094854,6614.789108985,0.014131000170891639
18,url,https://registrar.crescentuniversity.edu.ng/resource/39,legitimate,LEGITIMATE,1,4,U4,False,allow,True,6614.789111221,6614.789122636,0.01141499978984939
18,url,https://accounts.google.com/signin,legitimate,LEGITIMATE,0,4,,False,allow,True,6614.789128349,6614.789139987,0.011638000614766497
18,landing_page,clean_baseline_portal.html,legitimate,LEGITIMATE,0,4,,False,allow,True,6614.789142189,6614.789149757,0.00756800000090152
18,landing_page,clean_variant_sso.html,legitimate,LEGITIMATE,0,4,,False,allow,True,6614.78915188,6614.789158388,0.006508000296889804
18,landing_page,phish_variant_cross_domain_post.html,phishing,PHISHING,4,4,L1,True,reject_submission,True,6614.789160427,6614.789167441,0.007014000402705278
18,landing_page,phish_variant_hidden_fields.html,phishing,PHISHING,7,4,L1;L2,True,reject_submission,True,6614.789169569,6614.789176536,0.006967000445001759
18,landing_page,gen_clean_001.html,legitimate,LEGITIMATE,0,4,,False,allow,True,6614.789178662,6614.789185209,0.0065469994297018275
18,landing_page,gen_clean_002.html,legitimate,LEGITIMATE,0,4,,False,allow,True,6614.789187222,6614.789193654,0.006432000191125553
18,landing_page,gen_clean_003.html,legitimate,LEGITIMATE,0,4,,False,allow,True,6614.789195713,6614.789202025,0.006312000550678931
18,landing_page,gen_clean_004.html,legitimate,LEGITIMATE,0,4,,False,allow,True,6614.789204047,6614.789210394,0.006347000635287259
18,landing_page,gen_clean_005.html,legitimate,LEGITIMATE,0,4,,False,allow,True,6614.789212405,6614.789218638,0.006233000021893531
18,landing_page,gen_clean_006.html,legitimate,LEGITIMATE,0,4,,False,allow,True,6614.789222704,6614.789229222,0.006518000191135798
18,landing_page,gen_clean_007.html,legitimate,LEGITIMATE,0,4,,False,allow,True,6614.789231285,6614.789237714,0.006428999768104404
18,landing_page,gen_clean_008.html,legitimate,LEGITIMATE,0,4,,False,allow,True,6614.789239773,6614.789246042,0.006268999641179107
18,landing_page,gen_phish_001.html,phishing,PHISHING,7,4,L1;L2,True,reject_submission,True,6614.78924802,6614.789254991,0.006971000402700156
18,landing_page,gen_phish_002.html,phishing,PHISHING,4,4,L1,True,reject_submission,True,6614.789257116,6614.78926386,0.006743999620084651
18,landing_page,gen_phish_003.html,phishing,PHISHING,7,4,L1;L2,True,reject_submission,True,6614.789265906,6614.789272778,0.006872000085422769
18,landing_page,gen_phish_004.html,phishing,PHISHING,4,4,L1,True,reject_submission,True,6614.78927489,6614.789281591,0.0067009996200795285
18,landing_page,gen_phish_005.html,phishing,PHISHING,7,4,L1;L2,True,reject_submission,True,6614.789283633,6614.789290447,0.006813999789301306
18,landing_page,gen_phish_006.html,phishing,PHISHING,4,4,L1,True,reject_submission,True,6614.789292544,6614.789299144,0.006600000233447645
18,landing_page,gen_phish_007.html,phishing,PHISHING,7,4,L1;L2,True,reject_submission,True,6614.78930115,6614.789307979,0.006829000085417647
18,landing_page,gen_phish_008.html,phishing,PHISHING,4,4,L1,True,reject_submission,True,6614.789311942,6614.789318789,0.006847000804555137
19,email,gen_legit_016_ict.eml,legitimate,LEGITIMATE,0,4,,False,allow,True,6614.789322971,6614.789405979,0.08300799981952878
19,email,gen_legit_017_bursary.eml,legitimate,LEGITIMATE,0,4,,False,allow,True,6614.789408256,6614.789483479,0.07522300074924715
19,email,gen_legit_018_security.eml,legitimate,LEGITIMATE,0,4,,False,allow,True,6614.789485637,6614.789564752,0.07911499960755464
19,email,gen_legit_019_registrar.eml,legitimate,LEGITIMATE,0,4,,False,allow,True,6614.789566814,6614.789649568,0.08275399977719644
19,email,gen_legit_020_examsoffice.eml,legitimate,LEGITIMATE,0,4,,False,allow,True,6614.789651624,6614.789725873,0.07424900013575098
19,email,gen_legit_021_scholarship.eml,legitimate,LEGITIMATE,0,4,,False,allow,True,6614.789727987,6614.789797246,0.06925899924681289
19,email,gen_legit_022_hostel.eml,legitimate,LEGITIMATE,0,4,,False,allow,True,6614.789799458,6614.789868919,0.06946099983906606
19,email,gen_legit_023_vc.eml,legitimate,LEGITIMATE,0,4,,False,allow,True,6614.789870987,6614.789942336,0.07134900079108775
19,email,gen_legit_024_timetable.eml,legitimate,LEGITIMATE,0,4,,False,allow,True,6614.789944396,6614.790021339,0.07694300074945204
19,email,gen_legit_025_ictupdate.eml,legitimate,LEGITIMATE,0,4,,False,allow,True,6614.790027942,6614.790122217,0.09427500026504276
19,email,gen_legit_026_library.eml,legitimate,LEGITIMATE,0,4,,False,allow,True,6614.790124727,6614.790190214,0.06548700002895202
19,email,gen_legit_027_survey.eml,legitimate,LEGITIMATE,0,4,,False,allow,True,6614.790195882,6614.790268972,0.07309000011446187
19,email,gen_legit_028_convocation.eml,legitimate,LEGITIMATE,0,4,,False,allow,True,6614.790270948,6614.790345696,0.0747479998608469
19,email,gen_legit_029_sug.eml,legitimate,LEGITIMATE,0,4,,False,allow,True,6614.790347682,6614.79042299,0.07530799939559074
19,email,gen_legit_030_transcript.eml,legitimate,LEGITIMATE,0,4,,False,allow,True,6614.79042497,6614.790491324,0.06635400040977402
19,email,gen_legit_046_ict.eml,legitimate,LEGITIMATE,0,4,,False,allow,True,6614.790493287,6614.790571595,0.07830800041119801
19,email,gen_legit_047_bursary.eml,legitimate,LEGITIMATE,0,4,,False,allow,True,6614.790573593,6614.79064827,0.074677000156953
19,email,gen_legit_048_security.eml,legitimate,LEGITIMATE,0,4,,False,allow,True,6614.790650379,6614.79072792,0.07754099988233065
19,email,gen_legit_049_registrar.eml,legitimate,LEGITIMATE,0,4,,False,allow,True,6614.790732295,6614.790814988,0.08269299996754853
19,email,gen_legit_050_examsoffice.eml,legitimate,LEGITIMATE,0,4,,False,allow,True,6614.790819112,6614.790893356,0.07424400064337533
19,email,gen_legit_051_scholarship.eml,legitimate,LEGITIMATE,0,4,,False,allow,True,6614.790895432,6614.790964354,0.06892199962749146
19,email,gen_legit_052_hostel.eml,legitimate,LEGITIMATE,0,4,,False,allow,True,6614.790966344,6614.791066827,0.10048300009657396
19,email,gen_legit_053_vc.eml,legitimate,LEGITIMATE,0,4,,False,allow,True,6614.791069286,6614.791143599,0.07431300036842003
19,email,gen_legit_054_timetable.eml,legitimate,LEGITIMATE,0,4,,False,allow,True,6614.791145591,6614.791210494,0.0649029998385231
19,email,gen_legit_055_ictupdate.eml,legitimate,LEGITIMATE,0,4,,False,allow,True,6614.791212474,6614.791280746,0.06827200013503898
19,email,gen_legit_056_library.eml,legitimate,LEGITIMATE,0,4,,False,allow,True,6614.791282809,6614.791345763,0.06295399998634821
19,email,gen_legit_057_survey.eml,legitimate,LEGITIMATE,0,4,,False,allow,True,6614.79134776,6614.791419953,0.0721930000509019
19,email,gen_legit_058_convocation.eml,legitimate,LEGITIMATE,0,4,,False,allow,True,6614.791421971,6614.791496379,0.07440799981850432
19,email,gen_legit_059_sug.eml,legitimate,LEGITIMATE,0,4,,False,allow,True,6614.791498342,6614.791573018,0.07467600062227575
19,email,gen_legit_060_transcript.eml,legitimate,LEGITIMATE,0,4,,False,allow,True,6614.791578663,6614.791645372,0.06670899983873824
19,email,gen_phish_001_ict.eml,phishing,PHISHING,5,4,E1;E2,True,warn_user,True,6614.791647413,6614.791703692,0.05627900009130826
19,email,gen_phish_002_bursary.eml,phishing,PHISHING,5,4,E1;E2,True,warn_user,True,6614.791705876,6614.791755621,0.049745000069378875
19,email,gen_phish_003_security.eml,phishing,PHISHING,5,4,E1;E2,True,warn_user,True,6614.791757715,6614.793575802,1.8180870001742733
19,email,gen_phish_004_registrar.eml,phishing,PHISHING,5,4,E1;E2,True,warn_user,True,6614.793580697,6614.793643047,0.0623500000074273
19,email,gen_phish_005_examsoffice.eml,phishing,PHISHING,7,4,E1;E2;E3,True,warn_user,True,6614.79364551,6614.793697829,0.052319000133138616
19,email,gen_phish_006_scholarship.eml,phishing,PHISHING,5,4,E1;E2,True,warn_user,True,6614.793700056,6614.793751656,0.05160000000614673
19,email,gen_phish_007_hostel.eml,phishing,PHISHING,5,4,E1;E2,True,warn_user,True,6614.793753709,6614.793840208,0.08649899973534048
19,email,gen_phish_008_vc.eml,phishing,PHISHING,5,4,E1;E2,True,warn_user,True,6614.793842426,6614.793893,0.05057399994257139
19,email,gen_phish_009_timetable.eml,phishing,PHISHING,5,4,E1;E2,True,warn_user,True,6614.793895071,6614.793981129,0.08605799939687131
19,email,gen_phish_010_ictupdate.eml,phishing,PHISHING,7,4,E1;E2;E3,True,warn_user,True,6614.793998261,6614.794056777,0.05851600053574657
19,email,gen_phish_011_library.eml,phishing,PHISHING,5,4,E1;E2,True,warn_user,True,6614.794059063,6614.794122579,0.06351600040943595
19,email,gen_phish_012_survey.eml,phishing,PHISHING,5,4,E1;E2,True,warn_user,True,6614.794124937,6614.794181698,0.05676100045093335
19,email,gen_phish_013_convocation.eml,phishing,PHISHING,5,4,E1;E2,True,warn_user,True,6614.794183874,6614.794241232,0.057358000049134716
19,email,gen_phish_014_sug.eml,phishing,PHISHING,5,4,E1;E2,True,warn_user,True,6614.79424328,6614.79428374,0.04045999958179891
19,email,gen_phish_015_transcript.eml,phishing,PHISHING,7,4,E1;E2;E3,True,warn_user,True,6614.794285919,6614.794336007,0.050088000534742605
19,email,gen_phish_031_ict.eml,phishing,PHISHING,5,4,E1;E2,True,warn_user,True,6614.794338152,6614.794394249,0.05609700019704178
19,email,gen_phish_032_bursary.eml,phishing,PHISHING,5,4,E1;E2,True,warn_user,True,6614.794396336,6614.794443516,0.04717999945569318
19,email,gen_phish_033_security.eml,phishing,PHISHING,5,4,E1;E2,True,warn_user,True,6614.79444561,6614.794493942,0.048332000005757436
19,email,gen_phish_034_registrar.eml,phishing,PHISHING,5,4,E1;E2,True,warn_user,True,6614.794495996,6614.794569668,0.0736720003260416
19,email,gen_phish_035_examsoffice.eml,phishing,PHISHING,7,4,E1;E2;E3,True,warn_user,True,6614.794574108,6614.794669609,0.09550100003252737
19,email,gen_phish_036_scholarship.eml,phishing,PHISHING,5,4,E1;E2,True,warn_user,True,6614.794671748,6614.794720684,0.04893599998467835
19,email,gen_phish_037_hostel.eml,phishing,PHISHING,5,4,E1;E2,True,warn_user,True,6614.794722765,6614.794775372,0.05260699981590733
19,email,gen_phish_038_vc.eml,phishing,PHISHING,5,4,E1;E2,True,warn_user,True,6614.794777433,6614.794827018,0.04958500085194828
19,email,gen_phish_039_timetable.eml,phishing,PHISHING,5,4,E1;E2,True,warn_user,True,6614.794829291,6614.794884408,0.05511700055649271
19,email,gen_phish_040_ictupdate.eml,phishing,PHISHING,7,4,E1;E2;E3,True,warn_user,True,6614.794886465,6614.7949806,0.09413499992660945
19,email,gen_phish_041_library.eml,phishing,PHISHING,5,4,E1;E2,True,warn_user,True,6614.794983221,6614.795034164,0.0509430001329747
19,email,gen_phish_042_survey.eml,phishing,PHISHING,5,4,E1;E2,True,warn_user,True,6614.795036296,6614.795127518,0.09122200026467908
19,email,gen_phish_043_convocation.eml,phishing,PHISHING,5,4,E1;E2,True,warn_user,True,6614.795129657,6614.795184586,0.05492899981618393
19,email,gen_phish_044_sug.eml,phishing,PHISHING,5,4,E1;E2,True,warn_user,True,6614.795186781,6614.795226819,0.040038000406639185
19,email,gen_phish_045_transcript.eml,phishing,PHISHING,7,4,E1;E2;E3,True,warn_user,True,6614.795232764,6614.795285408,0.05264400078885956
19,url,http://crescentuniversity.edu.ng@crescentuni-verify-1.tk/reset,phishing,PHISHING,9,4,U2;U3;U5;U6,True,block_redirect,True,6614.795287596,6614.795302039,0.014442999599850737
19,url,http://portal-crescentuni.cf/account,phishing,PHISHING,6,4,U3;U5;U6,True,block_redirect,True,6614.795304208,6614.795315726,0.011518000064825173
19,url,https://crescent-uni-portal.xyz/docs/view?id=3,phishing,PHISHING,5,4,U3;U6,True,block_redirect,True,6614.795317898,6614.795329362,0.01146400063589681
19,url,http://login.secure.crescent-id.cf/verify,phishing,PHISHING,7,4,U3;U4;U5;U6,True,block_redirect,True,6614.795331478,6614.795343218,0.011740000445570331
19,url,http://203.0.113.104:8443/verify,phishing,PHISHING,4,4,U1;U5,True,block_redirect,True,6614.795345396,6614.795358472,0.013075999959255569
19,url,http://198.51.100.235/login/verify?id=6,phishing,PHISHING,4,4,U1;U5,True,block_redirect,True,6614.795361032,6614.795373453,0.012421000064932741
19,url,http://crescentuniversity.edu.ng@crescent-uni-verify-7.tk/reset,phishing,PHISHING,9,4,U2;U3;U5;U6,True,block_redirect,True,6614.795375506,6614.795386418,0.010912000107055064
19,url,http://verify-crescent-uni-verify.work/account,phishing,PHISHING,6,4,U3;U5;U6,True,block_redirect,True,6614.795388543,6614.795400438,0.01189500017062528
19,url,https://crescentuni-portal.work/docs/view?id=9,phishing,PHISHING,5,4,U3;U6,True,block_redirect,True,6614.79540253,6614.795414073,0.011543000255187508
19,url,http://login.secure.crescent-id.gq/verify,phishing,PHISHING,7,4,U3;U4;U5;U6,True,block_redirect,True,6614.795418378,6614.795430416,0.012038000022585038
19,url,http://198.51.100.192:9090/verify,phishing,PHISHING,4,4,U1;U5,True,block_redirect,True,6614.795432591,6614.795445067,0.012476000847527757
19,url,http://203.0.113.193/login/verify?id=12,phishing,PHISHING,4,4,U1;U5,True,block_redirect,True,6614.79544711,6614.795459309,0.012198999684187584
19,url,http://crescentuniversity.edu.ng@crescent-uni-verify-13.tk/reset,phishing,PHISHING,9,4,U2;U3;U5;U6,True,block_redirect,True,6614.795461346,6614.795472134,0.010788000508910045
19,url,http://id-crescentuni-secure.xyz/account,phishing,PHISHING,6,4,U3;U5;U6,True,block_redirect,True,6614.795474269,6614.795485777,0.01150800017057918
19,url,https://crescent-portal.ga/docs/view?id=15,phishing,PHISHING,5,4,U3;U6,True,block_redirect,True,6614.795487852,6614.795498534,0.010681999810913112
19,url,http://login.secure.crescent-uni-id.work/verify,phishing,PHISHING,7,4,U3;U4;U5;U6,True,block_redirect,True,6614.795500809,6614.795513107,0.01229800000146497
19,url,http://198.51.100.222:8080/verify,phishing,PHISHING,4,4,U1;U5,True,block_redirect,True,6614.795515238,6614.79552749,0.0122519995784387
19,url,http://198.51.100.204/login/verify?id=18,phishing,PHISHING,4,4,U1;U5,True,block_redirect,True,6614.795530044,6614.795542307,0.012262999916856643
19,url,http://crescentuniversity.edu.ng@crescent-uni-verify-19.tk/reset,phishing,PHISHING,9,4,U2;U3;U5;U6,True,block_redirect,True,6614.795544446,6614.795555091,0.010644999747455586
19,url,http://id-crescentuni-login.top/account,phishing,PHISHING,6,4,U3;U5;U6,True,block_redirect,True,6614.795559235,6614.795571301,0.01206599972647382
19,url,https://crescentuni-portal.work/docs/view?id=21,phishing,PHISHING,5,4,U3;U6,True,block_redirect,True,6614.795573418,6614.795585054,0.011636000635917298
19,url,http://login.secure.crescent-uni-id.gq/verify,phishing,PHISHING,7,4,U3;U4;U5;U6,True,block_redirect,True,6614.7955871,6614.795598835,0.011735000043699984
19,url,http://198.51.100.176:9090/verify,phishing,PHISHING,4,4,U1;U5,True,block_redirect,True,6614.795601027,6614.795613513,0.012485999832279049
19,url,http://203.0.113.198/login/verify?id=24,phishing,PHISHING,4,4,U1;U5,True,block_redirect,True,6614.795615553,6614.795627753,0.012200000128359534
19,url,http://crescentuniversity.edu.ng@crescent-uni-verify-25.tk/reset,phishing,PHISHING,9,4,U2;U3;U5;U6,True,block_redirect,True,6614.795629851,6614.795640543,0.010692000614653807
19,url,http://secure-crescentuni-portal.top/account,phishing,PHISHING,6,4,U3;U5;U6,True,block_redirect,True,6614.795642662,6614.795654314,0.011651999557216186
19,url,https://crescent-portal.work/docs/view?id=27,phishing,PHISHING,5,4,U3;U6,True,block_redirect,True,6614.795656411,6614.79566796,0.011549000191735104
19,url,http://login.secure.crescent-id.gq/verify,phishing,PHISHING,7,4,U3;U4;U5;U6,True,block_redirect,True,6614.795670015,6614.795681465,0.011449999874457717
19,url,http://198.51.100.131:8080/verify,phishing,PHISHING,4,4,U1;U5,True,block_redirect,True,6614.795683638,6614.795695959,0.012321000212978106
19,url,http://203.0.113.217/login/verify?id=30,phishing,PHISHING,4,4,U1;U5,True,block_redirect,True,6614.795700096,6614.795712726,0.012630000128410757
19,url,http://crescentuniversity.edu.ng@crescent-uni-verify-31.tk/reset,phishing,PHISHING,9,4,U2;U3;U5;U6,True,block_redirect,True,6614.795714789,6614.795725598,0.01080899983207928
19,url,http://id-crescent-uni-verify.ga/account,phishing,PHISHING,6,4,U3;U5;U6,True,block_redirect,True,6614.795727731,6614.795738547,0.010816000212798826
19,url,https://crescentuni-portal.ga/docs/view?id=33,phishing,PHISHING,5,4,U3;U6,True,block_redirect,True,6614.795740665,6614.79575153,0.010865000149351545
19,url,http://login.secure.crescent-uni-id.tk/verify,phishing,PHISHING,7,4,U3;U4;U5;U6,True,block_redirect,True,6614.795754395,6614.795765426,0.011031000212824438
19,url,http://203.0.113.127:8080/verify,phishing,PHISHING,4,4,U1;U5,True,block_redirect,True,6614.795767651,6614.795780057,0.012406000678311102
19,url,http://203.0.113.226/login/verify?id=36,phishing,PHISHING,4,4,U1;U5,True,block_redirect,True,6614.795782217,6614.79579444,0.012222999430377968
19,url,http://crescentuniversity.edu.ng@crescentuni-verify-37.tk/reset,phishing,PHISHING,9,4,U2;U3;U5;U6,True,block_redirect,True,6614.79579653,6614.795807206,0.010675999874365516
19,url,http://secure-crescent-verify.ml/account,phishing,PHISHING,6,4,U3;U5;U6,True,block_redirect,True,6614.79580935,6614.795820034,0.01068399978976231
19,url,https://crescent-portal.work/docs/view?id=39,phishing,PHISHING,5,4,U3;U6,True,block_redirect,True,6614.795822191,6614.795833758,0.011567000001377892
19,url,http://login.secure.crescent-id.ga/verify,phishing,PHISHING,7,4,U3;U4;U5;U6,True,block_redirect,True,6614.795835972,6614.795847067,0.011095000445493497
19,url,http://203.0.113.244:9090/verify,phishing,PHISHING,4,4,U1;U5,True,block_redirect,True,6614.795849249,6614.795861577,0.012328000593697652
19,url,http://203.0.113.137/login/verify?id=42,phishing,PHISHING,4,4,U1;U5,True,block_redirect,True,6614.795875779,6614.795892601,0.016821999452076852
19,url,http://crescentuniversity.edu.ng@crescent-uni-verify-43.tk/reset,phishing,PHISHING,9,4,U2;U3;U5;U6,True,block_redirect,True,6614.795895586,6614.795960775,0.06518899954244262
19,url,http://login-crescentuni-alerts.cf/account,phishing,PHISHING,6,4,U3;U5;U6,True,block_redirect,True,6614.795964426,6614.7959821,0.017674000446277205
19,url,https://crescent-uni-portal.gq/docs/view?id=45,phishing,PHISHING,5,4,U3;U6,True,block_redirect,True,6614.795985602,6614.796002521,0.016919000699999742
19,url,http://login.secure.crescentuni-id.xyz/verify,phishing,PHISHING,7,4,U3;U4;U5;U6,True,block_redirect,True,6614.796005065,6614.796017034,0.011969000297540333
19,url,http://203.0.113.32:8080/verify,phishing,PHISHING,4,4,U1;U5,True,block_redirect,True,6614.796019164,6614.796031686,0.012521999451564625
19,url,http://198.51.100.88/login/verify?id=48,phishing,PHISHING,4,4,U1;U5,True,block_redirect,True,6614.796033786,6614.796046041,0.012255000001459848
19,url,http://crescentuniversity.edu.ng@crescent-verify-49.tk/reset,phishing,PHISHING,9,4,U2;U3;U5;U6,True,block_redirect,True,6614.796048099,6614.796058733,0.010634000318532344
19,url,http://id-crescent-uni-verify.cf/account,phishing,PHISHING,6,4,U3;U5;U6,True,block_redirect,True,6614.796061126,6614.796072165,0.011039000128221232
19,url,https://portal.crescentuniversity.edu.ng/resource/1,legitimate,LEGITIMATE,1,4,U4,False,allow,True,6614.796074252,6614.79608599,0.011738000466721132
19,url,https://drive.crescentuniversity.edu.ng/resource/2,legitimate,LEGITIMATE,1,4,U4,False,allow,True,6614.796088085,6614.796099645,0.011560000530153047
19,url,https://portal.crescentuniversity.edu.ng/resource/3,legitimate,LEGITIMATE,1,4,U4,False,allow,True,6614.796101707,6614.796113174,0.011467000149423257
19,url,https://accounts.google.com/signin,legitimate,LEGITIMATE,0,4,,False,allow,True,6614.796115139,6614.796126489,0.011350000022503082
19,url,https://drive.crescentuniversity.edu.ng/resource/5,legitimate,LEGITIMATE,1,4,U4,False,allow,True,6614.79612861,6614.79614,0.011390000508981757
19,url,https://portal.crescentuniversity.edu.ng/resource/6,legitimate,LEGITIMATE,1,4,U4,False,allow,True,6614.796142073,6614.796153359,0.011285999789834023
19,url,https://library.crescentuniversity.edu.ng/resource/7,legitimate,LEGITIMATE,1,4,U4,False,allow,True,6614.796155371,6614.796166632,0.011260999599471688
19,url,https://www.wikipedia.org/wiki/Security,legitimate,LEGITIMATE,0,4,,False,allow,True,6614.796168589,6614.796179738,0.011148999874421861
19,url,https://mail.crescentuniversity.edu.ng/resource/9,legitimate,LEGITIMATE,1,4,U4,False,allow,True,6614.79618174,6614.796193019,0.011279000318609178
19,url,https://registrar.crescentuniversity.edu.ng/resource/10,legitimate,LEGITIMATE,1,4,U4,False,allow,True,6614.79619501,6614.796206367,0.011357000403222628
19,url,https://bursary.crescentuniversity.edu.ng/resource/11,legitimate,LEGITIMATE,1,4,U4,False,allow,True,6614.796208361,6614.796219617,0.011256000107096042
19,url,https://zoom.us/signin,legitimate,LEGITIMATE,0,4,,False,allow,True,6614.796221602,6614.796232722,0.011120000635855831
19,url,https://hostel.crescentuniversity.edu.ng/resource/13,legitimate,LEGITIMATE,1,4,U4,False,allow,True,6614.796235123,6614.796251227,0.016103999769256916
19,url,https://registrar.crescentuniversity.edu.ng/resource/14,legitimate,LEGITIMATE,1,4,U4,False,allow,True,6614.796253422,6614.796265229,0.011807000191765837
19,url,https://mail.crescentuniversity.edu.ng/resource/15,legitimate,LEGITIMATE,1,4,U4,False,allow,True,6614.796267202,6614.796278708,0.01150599928223528
19,url,https://accounts.google.com/signin,legitimate,LEGITIMATE,0,4,,False,allow,True,6614.79628082,6614.796292054,0.011234000339754857
19,url,https://elearning.crescentuniversity.edu.ng/resource/17,legitimate,LEGITIMATE,1,4,U4,False,allow,True,6614.796294181,6614.79630599,0.011809000170615036
19,url,https://elearning.crescentuniversity.edu.ng/resource/18,legitimate,LEGITIMATE,1,4,U4,False,allow,True,6614.796307993,6614.796319384,0.011391000043659005
19,url,https://hostel.crescentuniversity.edu.ng/resource/19,legitimate,LEGITIMATE,1,4,U4,False,allow,True,6614.796321344,6614.796332842,0.011498000276333187
19,url,https://accounts.google.com/signin,legitimate,LEGITIMATE,0,4,,False,allow,True,6614.796335481,6614.796346783,0.011302000530122314
19,url,https://hostel.crescentuniversity.edu.ng/resource/21,legitimate,LEGITIMATE,1,4,U4,False,allow,True,6614.796348888,6614.796360285,0.011397000889701303
19,url,https://exams.crescentuniversity.edu.ng/resource/22,legitimate,LEGITIMATE,1,4,U4,False,allow,True,6614.796362302,6614.796373762,0.011460000678198412
19,url,https://registrar.crescentuniversity.edu.ng/resource/23,legitimate,LEGITIMATE,1,4,U4,False,allow,True,6614.796375729,6614.796387173,0.011443999937910121
19,url,https://www.wikipedia.org/wiki/Security,legitimate,LEGITIMATE,0,4,,False,allow,True,6614.796389183,6614.79640047,0.011286999324511271
19,url,https://drive.crescentuniversity.edu.ng/resource/25,legitimate,LEGITIMATE,1,4,U4,False,allow,True,6614.796402552,6614.796413989,0.011437000466685276
19,url,https://exams.crescentuniversity.edu.ng/resource/26,legitimate,LEGITIMATE,1,4,U4,False,allow,True,6614.796415976,6614.796427458,0.011481999536044896
19,url,https://library.crescentuniversity.edu.ng/resource/27,legitimate,LEGITIMATE,1,4,U4,False,allow,True,6614.796429621,6614.796441085,0.011463999726402108
19,url,https://www.microsoft.com/en-us/security,legitimate,LEGITIMATE,0,4,,False,allow,True,6614.796443052,6614.796454281,0.01122899993788451
19,url,https://exams.crescentuniversity.edu.ng/resource/29,legitimate,LEGITIMATE,1,4,U4,False,allow,True,6614.796456344,6614.796467726,0.01138199968409026
19,url,https://hostel.crescentuniversity.edu.ng/resource/30,legitimate,LEGITIMATE,1,4,U4,False,allow,True,6614.796469927,6614.796481362,0.011435000487836078
19,url,https://portal.crescentuniversity.edu.ng/resource/31,legitimate,LEGITIMATE,1,4,U4,False,allow,True,6614.796483331,6614.796494769,0.011438000001362525
19,url,https://zoom.us/signin,legitimate,LEGITIMATE,0,4,,False,allow,True,6614.796496746,6614.796507859,0.011112999345641583
19,url,https://drive.crescentuniversity.edu.ng/resource/33,legitimate,LEGITIMATE,1,4,U4,False,allow,True,6614.796509933,6614.796521389,0.011455999811005313
19,url,https://portal.crescentuniversity.edu.ng/resource/34,legitimate,LEGITIMATE,1,4,U4,False,allow,True,6614.7965235,6614.796534975,0.011475000064820051
19,url,https://exams.crescentuniversity.edu.ng/resource/35,legitimate,LEGITIMATE,1,4,U4,False,allow,True,6614.796537007,6614.796548459,0.011452000762801617
19,url,https://zoom.us/signin,legitimate,LEGITIMATE,0,4,,False,allow,True,6614.796550518,6614.796561588,0.011070000255131163
19,url,https://library.crescentuniversity.edu.ng/resource/37,legitimate,LEGITIMATE,1,4,U4,False,allow,True,6614.796563635,6614.796575008,0.011373000234016217
19,url,https://drive.crescentuniversity.edu.ng/resource/38,legitimate,LEGITIMATE,1,4,U4,False,allow,True,6614.796577077,6614.796588541,0.01146400063589681
19,url,https://registrar.crescentuniversity.edu.ng/resource/39,legitimate,LEGITIMATE,1,4,U4,False,allow,True,6614.796590548,6614.796601901,0.01135300044552423
19,url,https://accounts.google.com/signin,legitimate,LEGITIMATE,0,4,,False,allow,True,6614.796604147,6614.796615485,0.01133800014940789
19,landing_page,clean_baseline_portal.html,legitimate,LEGITIMATE,0,4,,False,allow,True,6614.796617594,6614.796625318,0.00772400017012842
19,landing_page,clean_variant_sso.html,legitimate,LEGITIMATE,0,4,,False,allow,True,6614.796627444,6614.796634036,0.00659200031805085
19,landing_page,phish_variant_cross_domain_post.html,phishing,PHISHING,4,4,L1,True,reject_submission,True,6614.796636021,6614.796643049,0.007027999345154967
19,landing_page,phish_variant_hidden_fields.html,phishing,PHISHING,7,4,L1;L2,True,reject_submission,True,6614.796645108,6614.796652332,0.007224000000860542
19,landing_page,gen_clean_001.html,legitimate,LEGITIMATE,0,4,,False,allow,True,6614.796654443,6614.79666093,0.006487000064225867
19,landing_page,gen_clean_002.html,legitimate,LEGITIMATE,0,4,,False,allow,True,6614.79666295,6614.796669367,0.006416999895009212
19,landing_page,gen_clean_003.html,legitimate,LEGITIMATE,0,4,,False,allow,True,6614.796671388,6614.796677684,0.006296000719885342
19,landing_page,gen_clean_004.html,legitimate,LEGITIMATE,0,4,,False,allow,True,6614.796679655,6614.796685981,0.006326000402623322
19,landing_page,gen_clean_005.html,legitimate,LEGITIMATE,0,4,,False,allow,True,6614.796687958,6614.796694235,0.006277000466070604
19,landing_page,gen_clean_006.html,legitimate,LEGITIMATE,0,4,,False,allow,True,6614.796696288,6614.796702644,0.006356000085361302
19,landing_page,gen_clean_007.html,legitimate,LEGITIMATE,0,4,,False,allow,True,6614.796704641,6614.796710914,0.0062729995988775045
19,landing_page,gen_clean_008.html,legitimate,LEGITIMATE,0,4,,False,allow,True,6614.796712982,6614.796719265,0.0062830004026182
19,landing_page,gen_phish_001.html,phishing,PHISHING,7,4,L1;L2,True,reject_submission,True,6614.796721252,6614.796728175,0.006923000000824686
19,landing_page,gen_phish_002.html,phishing,PHISHING,4,4,L1,True,reject_submission,True,6614.796730319,6614.796736934,0.006615000529563986
19,landing_page,gen_phish_003.html,phishing,PHISHING,7,4,L1;L2,True,reject_submission,True,6614.796738989,6614.796746243,0.007253999683598522
19,landing_page,gen_phish_004.html,phishing,PHISHING,4,4,L1,True,reject_submission,True,6614.796748492,6614.796755671,0.007179000022006221
19,landing_page,gen_phish_005.html,phishing,PHISHING,7,4,L1;L2,True,reject_submission,True,6614.796757767,6614.796764581,0.006814000698796008
19,landing_page,gen_phish_006.html,phishing,PHISHING,4,4,L1,True,reject_submission,True,6614.796766649,6614.796773231,0.006581999514310155
19,landing_page,gen_phish_007.html,phishing,PHISHING,7,4,L1;L2,True,reject_submission,True,6614.796775237,6614.796782037,0.006800000846851617
19,landing_page,gen_phish_008.html,phishing,PHISHING,4,4,L1,True,reject_submission,True,6614.796784106,6614.796790694,0.006588000360352453
20,email,gen_legit_016_ict.eml,legitimate,LEGITIMATE,0,4,,False,allow,True,6614.796797925,6614.796929951,0.13202599984651897
20,email,gen_legit_017_bursary.eml,legitimate,LEGITIMATE,0,4,,False,allow,True,6614.796933968,6614.797020331,0.08636299935460556
20,email,gen_legit_018_security.eml,legitimate,LEGITIMATE,0,4,,False,allow,True,6614.797023083,6614.797103643,0.08056000024225796
20,email,gen_legit_019_registrar.eml,legitimate,LEGITIMATE,0,4,,False,allow,True,6614.797105734,6614.797188897,0.08316299954458373
20,email,gen_legit_020_examsoffice.eml,legitimate,LEGITIMATE,0,4,,False,allow,True,6614.79719102,6614.797265585,0.07456499952240847
20,email,gen_legit_021_scholarship.eml,legitimate,LEGITIMATE,0,4,,False,allow,True,6614.797267975,6614.79733919,0.07121499947970733
20,email,gen_legit_022_hostel.eml,legitimate,LEGITIMATE,0,4,,False,allow,True,6614.797341455,6614.797412993,0.07153800015657907
20,email,gen_legit_023_vc.eml,legitimate,LEGITIMATE,0,4,,False,allow,True,6614.797415436,6614.797488623,0.07318700045289006
20,email,gen_legit_024_timetable.eml,legitimate,LEGITIMATE,0,4,,False,allow,True,6614.797490818,6614.797560497,0.06967899935261812
20,email,gen_legit_025_ictupdate.eml,legitimate,LEGITIMATE,0,4,,False,allow,True,6614.797563175,6614.79763488,0.07170500066422392
20,email,gen_legit_026_library.eml,legitimate,LEGITIMATE,0,4,,False,allow,True,6614.797637322,6614.797730365,0.09304299965151586
20,email,gen_legit_027_survey.eml,legitimate,LEGITIMATE,0,4,,False,allow,True,6614.797739296,6614.798089864,0.35056799970334396
20,email,gen_legit_028_convocation.eml,legitimate,LEGITIMATE,0,4,,False,allow,True,6614.798099674,6614.798218952,0.11927800005651079
20,email,gen_legit_029_sug.eml,legitimate,LEGITIMATE,0,4,,False,allow,True,6614.798223326,6614.798321843,0.09851699996943353
20,email,gen_legit_030_transcript.eml,legitimate,LEGITIMATE,0,4,,False,allow,True,6614.798325585,6614.798409939,0.08435399922746001
20,email,gen_legit_046_ict.eml,legitimate,LEGITIMATE,0,4,,False,allow,True,6614.79841347,6614.798521216,0.10774600013974123
20,email,gen_legit_047_bursary.eml,legitimate,LEGITIMATE,0,4,,False,allow,True,6614.798525022,6614.798620664,0.09564199990563793
20,email,gen_legit_048_security.eml,legitimate,LEGITIMATE,0,4,,False,allow,True,6614.798624809,6614.798723153,0.09834399952524109
20,email,gen_legit_049_registrar.eml,legitimate,LEGITIMATE,0,4,,False,allow,True,6614.798726976,6614.798967,0.24002400004974334
20,email,gen_legit_050_examsoffice.eml,legitimate,LEGITIMATE,0,4,,False,allow,True,6614.798973093,6614.799073531,0.10043800011771964
20,email,gen_legit_051_scholarship.eml,legitimate,LEGITIMATE,0,4,,False,allow,True,6614.799077135,6614.79916216,0.08502500077156583
20,email,gen_legit_052_hostel.eml,legitimate,LEGITIMATE,0,4,,False,allow,True,6614.799165185,6614.799250079,0.08489399988320656
20,email,gen_legit_053_vc.eml,legitimate,LEGITIMATE,0,4,,False,allow,True,6614.799253663,6614.799346413,0.0927500004763715
20,email,gen_legit_054_timetable.eml,legitimate,LEGITIMATE,0,4,,False,allow,True,6614.799349846,6614.79943914,0.08929399973567342
20,email,gen_legit_055_ictupdate.eml,legitimate,LEGITIMATE,0,4,,False,allow,True,6614.799443228,6614.799536085,0.09285699979955098
20,email,gen_legit_056_library.eml,legitimate,LEGITIMATE,0,4,,False,allow,True,6614.799540407,6614.799627686,0.08727900058147497
20,email,gen_legit_057_survey.eml,legitimate,LEGITIMATE,0,4,,False,allow,True,6614.799631215,6614.799724998,0.09378300001117168
20,email,gen_legit_058_convocation.eml,legitimate,LEGITIMATE,0,4,,False,allow,True,6614.799728931,6614.80004729,0.3183590006301529
20,email,gen_legit_059_sug.eml,legitimate,LEGITIMATE,0,4,,False,allow,True,6614.800057441,6614.800207669,0.15022800016595284
20,email,gen_legit_060_transcript.eml,legitimate,LEGITIMATE,0,4,,False,allow,True,6614.80021116,6614.800283998,0.07283800005097874
20,email,gen_phish_001_ict.eml,phishing,PHISHING,5,4,E1;E2,True,warn_user,True,6614.800286447,6614.800349827,0.06338000002870103
20,email,gen_phish_002_bursary.eml,phishing,PHISHING,5,4,E1;E2,True,warn_user,True,6614.800352808,6614.800405773,0.0529650005773874
20,email,gen_phish_003_security.eml,phishing,PHISHING,5,4,E1;E2,True,warn_user,True,6614.800408365,6614.800458927,0.0505620000694762
20,email,gen_phish_004_registrar.eml,phishing,PHISHING,5,4,E1;E2,True,warn_user,True,6614.800461713,6614.800523531,0.06181800017657224
20,email,gen_phish_005_examsoffice.eml,phishing,PHISHING,7,4,E1;E2;E3,True,warn_user,True,6614.800525879,6614.800578829,0.05295000028127106
20,email,gen_phish_006_scholarship.eml,phishing,PHISHING,5,4,E1;E2,True,warn_user,True,6614.800581152,6614.800634595,0.05344300006981939
20,email,gen_phish_007_hostel.eml,phishing,PHISHING,5,4,E1;E2,True,warn_user,True,6614.800637013,6614.800845803,0.20879000021523098
20,email,gen_phish_008_vc.eml,phishing,PHISHING,5,4,E1;E2,True,warn_user,True,6614.800865787,6614.800931247,0.0654600007692352
20,email,gen_phish_009_timetable.eml,phishing,PHISHING,5,4,E1;E2,True,warn_user,True,6614.800934375,6614.800998589,0.0642140003037639
20,email,gen_phish_010_ictupdate.eml,phishing,PHISHING,7,4,E1;E2;E3,True,warn_user,True,6614.801001403,6614.801059095,0.0576920001549297
20,email,gen_phish_011_library.eml,phishing,PHISHING,5,4,E1;E2,True,warn_user,True,6614.801061415,6614.801126171,0.06475600002886495
20,email,gen_phish_012_survey.eml,phishing,PHISHING,5,4,E1;E2,True,warn_user,True,6614.801129277,6614.801187684,0.05840700032422319
20,email,gen_phish_013_convocation.eml,phishing,PHISHING,5,4,E1;E2,True,warn_user,True,6614.801189998,6614.80124882,0.05882200002815807
20,email,gen_phish_014_sug.eml,phishing,PHISHING,5,4,E1;E2,True,warn_user,True,6614.801251315,6614.801295326,0.044011000682075974
20,email,gen_phish_015_transcript.eml,phishing,PHISHING,7,4,E1;E2;E3,True,warn_user,True,6614.801298749,6614.801355846,0.057096999626082834
20,email,gen_phish_031_ict.eml,phishing,PHISHING,5,4,E1;E2,True,warn_user,True,6614.80135802,6614.801415188,0.05716799932997674
20,email,gen_phish_032_bursary.eml,phishing,PHISHING,5,4,E1;E2,True,warn_user,True,6614.801417369,6614.801466322,0.048953000259643886
20,email,gen_phish_033_security.eml,phishing,PHISHING,5,4,E1;E2,True,warn_user,True,6614.801468617,6614.801518949,0.050331999773334246
20,email,gen_phish_034_registrar.eml,phishing,PHISHING,5,4,E1;E2,True,warn_user,True,6614.801521421,6614.8015979,0.07647900019946974
20,email,gen_phish_035_examsoffice.eml,phishing,PHISHING,7,4,E1;E2;E3,True,warn_user,True,6614.801600947,6614.801827526,0.22657899990008445
20,email,gen_phish_036_scholarship.eml,phishing,PHISHING,5,4,E1;E2,True,warn_user,True,6614.801833852,6614.801895648,0.061796000409231056
20,email,gen_phish_037_hostel.eml,phishing,PHISHING,5,4,E1;E2,True,warn_user,True,6614.801897886,6614.801952553,0.0546669998584548
20,email,gen_phish_038_vc.eml,phishing,PHISHING,5,4,E1;E2,True,warn_user,True,6614.801954718,6614.802005772,0.05105399941385258
20,email,gen_phish_039_timetable.eml,phishing,PHISHING,5,4,E1;E2,True,warn_user,True,6614.802008308,6614.802065616,0.05730799966841005
20,email,gen_phish_040_ictupdate.eml,phishing,PHISHING,7,4,E1;E2;E3,True,warn_user,True,6614.802067732,6614.802124246,0.05651399987982586
20,email,gen_phish_041_library.eml,phishing,PHISHING,5,4,E1;E2,True,warn_user,True,6614.802126885,6614.802177942,0.05105699983687373
20,email,gen_phish_042_survey.eml,phishing,PHISHING,5,4,E1;E2,True,warn_user,True,6614.802180343,6614.802274462,0.09411900009581586
20,email,gen_phish_043_convocation.eml,phishing,PHISHING,5,4,E1;E2,True,warn_user,True,6614.802277861,6614.802336794,0.05893300021853065
20,email,gen_phish_044_sug.eml,phishing,PHISHING,5,4,E1;E2,True,warn_user,True,6614.802339035,6614.802382022,0.04298699968785513
20,email,gen_phish_045_transcript.eml,phishing,PHISHING,7,4,E1;E2;E3,True,warn_user,True,6614.80238513,6614.802439619,0.054488999921886716
20,url,http://crescentuniversity.edu.ng@crescentuni-verify-1.tk/reset,phishing,PHISHING,9,4,U2;U3;U5;U6,True,block_redirect,True,6614.802441892,6614.80245971,0.01781799983291421
20,url,http://portal-crescentuni.cf/account,phishing,PHISHING,6,4,U3;U5;U6,True,block_redirect,True,6614.802462457,6614.80247493,0.012473000424506608
20,url,https://crescent-uni-portal.xyz/docs/view?id=3,phishing,PHISHING,5,4,U3;U6,True,block_redirect,True,6614.802477504,6614.802489381,0.01187699945148779
20,url,http://login.secure.crescent-id.cf/verify,phishing,PHISHING,7,4,U3;U4;U5;U6,True,block_redirect,True,6614.802491732,6614.802503852,0.012120000064896885
20,url,http://203.0.113.104:8443/verify,phishing,PHISHING,4,4,U1;U5,True,block_redirect,True,6614.802506025,6614.802520052,0.014026999451743905
20,url,http://198.51.100.235/login/verify?id=6,phishing,PHISHING,4,4,U1;U5,True,block_redirect,True,6614.802522858,6614.802535525,0.012667000191868283
20,url,http://crescentuniversity.edu.ng@crescent-uni-verify-7.tk/reset,phishing,PHISHING,9,4,U2;U3;U5;U6,True,block_redirect,True,6614.80253759,6614.802548729,0.011138999980175868
20,url,http://verify-crescent-uni-verify.work/account,phishing,PHISHING,6,4,U3;U5;U6,True,block_redirect,True,6614.802551018,6614.802562881,0.011863000509038102
20,url,https://crescentuni-portal.work/docs/view?id=9,phishing,PHISHING,5,4,U3;U6,True,block_redirect,True,6614.802565036,6614.802577998,0.012962000255356543
20,url,http://login.secure.crescent-id.gq/verify,phishing,PHISHING,7,4,U3;U4;U5;U6,True,block_redirect,True,6614.802580425,6614.802593628,0.013202999980421737
20,url,http://198.51.100.192:9090/verify,phishing,PHISHING,4,4,U1;U5,True,block_redirect,True,6614.802596061,6614.802609099,0.013037999451626092
20,url,http://203.0.113.193/login/verify?id=12,phishing,PHISHING,4,4,U1;U5,True,block_redirect,True,6614.802611266,6614.802623896,0.012630000128410757
20,url,http://crescentuniversity.edu.ng@crescent-uni-verify-13.tk/reset,phishing,PHISHING,9,4,U2;U3;U5;U6,True,block_redirect,True,6614.802625941,6614.802637261,0.011320000339765102
20,url,http://id-crescentuni-secure.xyz/account,phishing,PHISHING,6,4,U3;U5;U6,True,block_redirect,True,6614.802639399,6614.802651918,0.012518999938038178
20,url,https://crescent-portal.ga/docs/view?id=15,phishing,PHISHING,5,4,U3;U6,True,block_redirect,True,6614.802654372,6614.802711221,0.056849000429792795
20,url,http://login.secure.crescent-uni-id.work/verify,phishing,PHISHING,7,4,U3;U4;U5;U6,True,block_redirect,True,6614.802715314,6614.80277407,0.058755999816639815
20,url,http://198.51.100.222:8080/verify,phishing,PHISHING,4,4,U1;U5,True,block_redirect,True,6614.802776959,6614.802791203,0.014244000340113416
20,url,http://198.51.100.204/login/verify?id=18,phishing,PHISHING,4,4,U1;U5,True,block_redirect,True,6614.802794035,6614.802806576,0.012540999705379363
20,url,http://crescentuniversity.edu.ng@crescent-uni-verify-19.tk/reset,phishing,PHISHING,9,4,U2;U3;U5;U6,True,block_redirect,True,6614.802808721,6614.802819756,0.011035000170522835
20,url,http://id-crescentuni-login.top/account,phishing,PHISHING,6,4,U3;U5;U6,True,block_redirect,True,6614.802833913,6614.802848731,0.014818000636296347
20,url,https://crescentuni-portal.work/docs/view?id=21,phishing,PHISHING,5,4,U3;U6,True,block_redirect,True,6614.802851038,6614.802862976,0.011938000170630403
20,url,http://login.secure.crescent-uni-id.gq/verify,phishing,PHISHING,7,4,U3;U4;U5;U6,True,block_redirect,True,6614.802865132,6614.802876879,0.011746999916795176
20,url,http://198.51.100.176:9090/verify,phishing,PHISHING,4,4,U1;U5,True,block_redirect,True,6614.802879764,6614.802893035,0.013271000170789193
20,url,http://203.0.113.198/login/verify?id=24,phishing,PHISHING,4,4,U1;U5,True,block_redirect,True,6614.802895167,6614.802908304,0.013136999768903479
20,url,http://crescentuniversity.edu.ng@crescent-uni-verify-25.tk/reset,phishing,PHISHING,9,4,U2;U3;U5;U6,True,block_redirect,True,6614.802911801,6614.802922629,0.010828000085894018
20,url,http://secure-crescentuni-portal.top/account,phishing,PHISHING,6,4,U3;U5;U6,True,block_redirect,True,6614.802925059,6614.80293885,0.013791000128549058
20,url,https://crescent-portal.work/docs/view?id=27,phishing,PHISHING,5,4,U3;U6,True,block_redirect,True,6614.802941748,6614.802953561,0.011813000128313433
20,url,http://login.secure.crescent-id.gq/verify,phishing,PHISHING,7,4,U3;U4;U5;U6,True,block_redirect,True,6614.802956002,6614.802967655,0.011653000001388136
20,url,http://198.51.100.131:8080/verify,phishing,PHISHING,4,4,U1;U5,True,block_redirect,True,6614.802970069,6614.802982993,0.012923999747727066
20,url,http://203.0.113.217/login/verify?id=30,phishing,PHISHING,4,4,U1;U5,True,block_redirect,True,6614.802985534,6614.802998565,0.013030999980401248
20,url,http://crescentuniversity.edu.ng@crescent-uni-verify-31.tk/reset,phishing,PHISHING,9,4,U2;U3;U5;U6,True,block_redirect,True,6614.803000957,6614.803012085,0.011127999641757924
20,url,http://id-crescent-uni-verify.ga/account,phishing,PHISHING,6,4,U3;U5;U6,True,block_redirect,True,6614.803014181,6614.803025237,0.01105599949369207
20,url,https://crescentuni-portal.ga/docs/view?id=33,phishing,PHISHING,5,4,U3;U6,True,block_redirect,True,6614.803027427,6614.803038292,0.010864999239856843
20,url,http://login.secure.crescent-uni-id.tk/verify,phishing,PHISHING,7,4,U3;U4;U5;U6,True,block_redirect,True,6614.803042076,6614.803053717,0.011641000128292944
20,url,http://203.0.113.127:8080/verify,phishing,PHISHING,4,4,U1;U5,True,block_redirect,True,6614.803056038,6614.80306938,0.013341999874683097
20,url,http://203.0.113.226/login/verify?id=36,phishing,PHISHING,4,4,U1;U5,True,block_redirect,True,6614.803071455,6614.803083908,0.012453000636014622
20,url,http://crescentuniversity.edu.ng@crescentuni-verify-37.tk/reset,phishing,PHISHING,9,4,U2;U3;U5;U6,True,block_redirect,True,6614.803085997,6614.803097177,0.011180000001331791
20,url,http://secure-crescent-verify.ml/account,phishing,PHISHING,6,4,U3;U5;U6,True,block_redirect,True,6614.803099505,6614.803110581,0.011075999282184057
20,url,https://crescent-portal.work/docs/view?id=39,phishing,PHISHING,5,4,U3;U6,True,block_redirect,True,6614.803112726,6614.803124665,0.011938999705307651
20,url,http://login.secure.crescent-id.ga/verify,phishing,PHISHING,7,4,U3;U4;U5;U6,True,block_redirect,True,6614.803127065,6614.803138413,0.011348000043653883
20,url,http://203.0.113.244:9090/verify,phishing,PHISHING,4,4,U1;U5,True,block_redirect,True,6614.803140617,6614.803153287,0.01266999970539473
20,url,http://203.0.113.137/login/verify?id=42,phishing,PHISHING,4,4,U1;U5,True,block_redirect,True,6614.803155518,6614.803168324,0.012806000086129643
20,url,http://crescentuniversity.edu.ng@crescent-uni-verify-43.tk/reset,phishing,PHISHING,9,4,U2;U3;U5;U6,True,block_redirect,True,6614.803170482,6614.803181723,0.011241000720474403
20,url,http://login-crescentuni-alerts.cf/account,phishing,PHISHING,6,4,U3;U5;U6,True,block_redirect,True,6614.803183905,6614.803195292,0.011387000085960608
20,url,https://crescent-uni-portal.gq/docs/view?id=45,phishing,PHISHING,5,4,U3;U6,True,block_redirect,True,6614.803197387,6614.803208777,0.011389999599487055
20,url,http://login.secure.crescentuni-id.xyz/verify,phishing,PHISHING,7,4,U3;U4;U5;U6,True,block_redirect,True,6614.803210852,6614.803223148,0.012296000022615772
20,url,http://203.0.113.32:8080/verify,phishing,PHISHING,4,4,U1;U5,True,block_redirect,True,6614.80322529,6614.803237894,0.012603999493876472
20,url,http://198.51.100.88/login/verify?id=48,phishing,PHISHING,4,4,U1;U5,True,block_redirect,True,6614.803240428,6614.803253163,0.012734999472741038
20,url,http://crescentuniversity.edu.ng@crescent-verify-49.tk/reset,phishing,PHISHING,9,4,U2;U3;U5;U6,True,block_redirect,True,6614.803255218,6614.803266343,0.011125000128231477
20,url,http://id-crescent-uni-verify.cf/account,phishing,PHISHING,6,4,U3;U5;U6,True,block_redirect,True,6614.803274317,6614.803286467,0.012150000657129567
20,url,https://portal.crescentuniversity.edu.ng/resource/1,legitimate,LEGITIMATE,1,4,U4,False,allow,True,6614.80328864,6614.80330177,0.013130000297678635
20,url,https://drive.crescentuniversity.edu.ng/resource/2,legitimate,LEGITIMATE,1,4,U4,False,allow,True,6614.803304207,6614.80331626,0.012053000318701379
20,url,https://portal.crescentuniversity.edu.ng/resource/3,legitimate,LEGITIMATE,1,4,U4,False,allow,True,6614.803318425,6614.803330608,0.012182999853393994
20,url,https://accounts.google.com/signin,legitimate,LEGITIMATE,0,4,,False,allow,True,6614.803332697,6614.80334447,0.01177300055132946
20,url,https://drive.crescentuniversity.edu.ng/resource/5,legitimate,LEGITIMATE,1,4,U4,False,allow,True,6614.803346615,6614.803358344,0.011729000107152387
20,url,https://portal.crescentuniversity.edu.ng/resource/6,legitimate,LEGITIMATE,1,4,U4,False,allow,True,6614.803360438,6614.803371775,0.011337000614730641
20,url,https://library.crescentuniversity.edu.ng/resource/7,legitimate,LEGITIMATE,1,4,U4,False,allow,True,6614.803373792,6614.803385149,0.011357000403222628
20,url,https://www.wikipedia.org/wiki/Security,legitimate,LEGITIMATE,0,4,,False,allow,True,6614.80338735,6614.80339875,0.01140000040322775
20,url,https://mail.crescentuniversity.edu.ng/resource/9,legitimate,LEGITIMATE,1,4,U4,False,allow,True,6614.803401032,6614.803412887,0.011855000593641307
20,url,https://registrar.crescentuniversity.edu.ng/resource/10,legitimate,LEGITIMATE,1,4,U4,False,allow,True,6614.80341808,6614.80343031,0.012230000720592216
20,url,https://bursary.crescentuniversity.edu.ng/resource/11,legitimate,LEGITIMATE,1,4,U4,False,allow,True,6614.803432386,6614.803443992,0.011606000043684617
20,url,https://zoom.us/signin,legitimate,LEGITIMATE,0,4,,False,allow,True,6614.80344621,6614.803457668,0.011457999789854512
20,url,https://hostel.crescentuniversity.edu.ng/resource/13,legitimate,LEGITIMATE,1,4,U4,False,allow,True,6614.803459747,6614.803473767,0.01401999998051906
20,url,https://registrar.crescentuniversity.edu.ng/resource/14,legitimate,LEGITIMATE,1,4,U4,False,allow,True,6614.803475928,6614.80348778,0.011852000170620158
20,url,https://mail.crescentuniversity.edu.ng/resource/15,legitimate,LEGITIMATE,1,4,U4,False,allow,True,6614.803489834,6614.803501346,0.011512000128277577
20,url,https://accounts.google.com/signin,legitimate,LEGITIMATE,0,4,,False,allow,True,6614.803503507,6614.80351557,0.012063000212947372
20,url,https://elearning.crescentuniversity.edu.ng/resource/17,legitimate,LEGITIMATE,1,4,U4,False,allow,True,6614.803517781,6614.803529543,0.011762000212911516
20,url,https://elearning.crescentuniversity.edu.ng/resource/18,legitimate,LEGITIMATE,1,4,U4,False,allow,True,6614.80353161,6614.803543193,0.011582999832171481
20,url,https://hostel.crescentuniversity.edu.ng/resource/19,legitimate,LEGITIMATE,1,4,U4,False,allow,True,6614.80354519,6614.803557154,0.011964000805164687
20,url,https://accounts.google.com/signin,legitimate,LEGITIMATE,0,4,,False,allow,True,6614.803559981,6614.803571892,0.01191100000141887
20,url,https://hostel.crescentuniversity.edu.ng/resource/21,legitimate,LEGITIMATE,1,4,U4,False,allow,True,6614.80357397,6614.80358543,0.01145999976870371
20,url,https://exams.crescentuniversity.edu.ng/resource/22,legitimate,LEGITIMATE,1,4,U4,False,allow,True,6614.80358754,6614.80359914,0.01160000010713702
20,url,https://registrar.crescentuniversity.edu.ng/resource/23,legitimate,LEGITIMATE,1,4,U4,False,allow,True,6614.803601139,6614.803612633,0.011493999409140088
20,url,https://www.wikipedia.org/wiki/Security,legitimate,LEGITIMATE,0,4,,False,allow,True,6614.803614667,6614.803626161,0.011493999409140088
20,url,https://drive.crescentuniversity.edu.ng/resource/25,legitimate,LEGITIMATE,1,4,U4,False,allow,True,6614.803628227,6614.803683367,0.055139999858511146
20,url,https://exams.crescentuniversity.edu.ng/resource/26,legitimate,LEGITIMATE,1,4,U4,False,allow,True,6614.803689776,6614.803764434,0.07465799990313826
20,url,https://library.crescentuniversity.edu.ng/resource/27,legitimate,LEGITIMATE,1,4,U4,False,allow,True,6614.803767815,6614.80377967,0.011854999684146605
20,url,https://www.microsoft.com/en-us/security,legitimate,LEGITIMATE,0,4,,False,allow,True,6614.803781691,6614.803793042,0.01135099955718033
20,url,https://exams.crescentuniversity.edu.ng/resource/29,legitimate,LEGITIMATE,1,4,U4,False,allow,True,6614.803795191,6614.803806732,0.011541000276338309
20,url,https://hostel.crescentuniversity.edu.ng/resource/30,legitimate,LEGITIMATE,1,4,U4,False,allow,True,6614.803808745,6614.803820139,0.011393999557185452
20,url,https://portal.crescentuniversity.edu.ng/resource/31,legitimate,LEGITIMATE,1,4,U4,False,allow,True,6614.80382216,6614.803833717,0.011557000107131898
20,url,https://zoom.us/signin,legitimate,LEGITIMATE,0,4,,False,allow,True,6614.803835756,6614.803846848,0.011092000022472348
20,url,https://drive.crescentuniversity.edu.ng/resource/33,legitimate,LEGITIMATE,1,4,U4,False,allow,True,6614.803849065,6614.803860793,0.011728000572475139
20,url,https://portal.crescentuniversity.edu.ng/resource/34,legitimate,LEGITIMATE,1,4,U4,False,allow,True,6614.803862972,6614.803874333,0.011360999451426324
20,url,https://exams.crescentuniversity.edu.ng/resource/35,legitimate,LEGITIMATE,1,4,U4,False,allow,True,6614.80387642,6614.803887892,0.011471999641798902
20,url,https://zoom.us/signin,legitimate,LEGITIMATE,0,4,,False,allow,True,6614.803889936,6614.803901043,0.011107000318588689
20,url,https://library.crescentuniversity.edu.ng/resource/37,legitimate,LEGITIMATE,1,4,U4,False,allow,True,6614.803903211,6614.803915062,0.011850999726448208
20,url,https://drive.crescentuniversity.edu.ng/resource/38,legitimate,LEGITIMATE,1,4,U4,False,allow,True,6614.803917222,6614.803928716,0.01149400031863479
20,url,https://registrar.crescentuniversity.edu.ng/resource/39,legitimate,LEGITIMATE,1,4,U4,False,allow,True,6614.803930804,6614.803942329,0.01152500044554472
20,url,https://accounts.google.com/signin,legitimate,LEGITIMATE,0,4,,False,allow,True,6614.803945229,6614.803956564,0.01133499972638674
20,landing_page,clean_baseline_portal.html,legitimate,LEGITIMATE,0,4,,False,allow,True,6614.803958857,6614.80396666,0.007802999789419118
20,landing_page,clean_variant_sso.html,legitimate,LEGITIMATE,0,4,,False,allow,True,6614.803968822,6614.80397529,0.006468000719905831
20,landing_page,phish_variant_cross_domain_post.html,phishing,PHISHING,4,4,L1,True,reject_submission,True,6614.803977563,6614.803984546,0.006982999366300646
20,landing_page,phish_variant_hidden_fields.html,phishing,PHISHING,7,4,L1;L2,True,reject_submission,True,6614.80398662,6614.80399353,0.006910000593052246
20,landing_page,gen_clean_001.html,legitimate,LEGITIMATE,0,4,,False,allow,True,6614.803995731,6614.80400225,0.006518999725813046
20,landing_page,gen_clean_002.html,legitimate,LEGITIMATE,0,4,,False,allow,True,6614.80400423,6614.804010588,0.006358000064210501
20,landing_page,gen_clean_003.html,legitimate,LEGITIMATE,0,4,,False,allow,True,6614.804012635,6614.804019004,0.006369000402628444
20,landing_page,gen_clean_004.html,legitimate,LEGITIMATE,0,4,,False,allow,True,6614.804021008,6614.804027366,0.006358000064210501
20,landing_page,gen_clean_005.html,legitimate,LEGITIMATE,0,4,,False,allow,True,6614.804029422,6614.804035732,0.006309999662335031
20,landing_page,gen_clean_006.html,legitimate,LEGITIMATE,0,4,,False,allow,True,6614.804037826,6614.804044152,0.00632599949312862
20,landing_page,gen_clean_007.html,legitimate,LEGITIMATE,0,4,,False,allow,True,6614.80404619,6614.804052498,0.006307999683485832
20,landing_page,gen_clean_008.html,legitimate,LEGITIMATE,0,4,,False,allow,True,6614.804054571,6614.804060913,0.006342000233416911
20,landing_page,gen_phish_001.html,phishing,PHISHING,7,4,L1;L2,True,reject_submission,True,6614.804062887,6614.80407042,0.007532999916293193
20,landing_page,gen_phish_002.html,phishing,PHISHING,4,4,L1,True,reject_submission,True,6614.804072598,6614.804079317,0.006719000339217018
20,landing_page,gen_phish_003.html,phishing,PHISHING,7,4,L1;L2,True,reject_submission,True,6614.80408135,6614.804088283,0.0069329998950706795
20,landing_page,gen_phish_004.html,phishing,PHISHING,4,4,L1,True,reject_submission,True,6614.804091026,6614.804098058,0.007032000212348066
20,landing_page,gen_phish_005.html,phishing,PHISHING,7,4,L1;L2,True,reject_submission,True,6614.804100136,6614.804107053,0.00691700006427709
20,landing_page,gen_phish_006.html,phishing,PHISHING,4,4,L1,True,reject_submission,True,6614.8041092,6614.804115915,0.006714999472023919
20,landing_page,gen_phish_007.html,phishing,PHISHING,7,4,L1;L2,True,reject_submission,True,6614.804118285,6614.804125128,0.006842999937362038
20,landing_page,gen_phish_008.html,phishing,PHISHING,4,4,L1,True,reject_submission,True,6614.804127308,6614.804134288,0.006979999852774199
